instant,dteday,season,yr,mnth,holiday,weekday,workingday,weathersit,temp,atemp,hum,windspeed,casual,registered,cnt,temp_c,atemp_c,hum_pct,wind_kmh,season_lbl,weathersit_lbl,dow,month,mon_sin,mon_cos
1,2011-01-01,1,0,1,0,6,0,2,0.344167,0.363625,0.805833,0.160446,331,654,985,8.175849,7.99925,80.58330000000001,38.6995752,winter,mist_cloudy,6,1,0.49999999999999994,0.8660254037844387
2,2011-01-02,1,0,1,0,0,0,2,0.363478,0.353739,0.696087,0.248539,131,670,801,9.083466000000001,7.3467740000000035,69.6087,59.9476068,winter,mist_cloudy,0,1,0.49999999999999994,0.8660254037844387
3,2011-01-03,1,0,1,0,1,1,1,0.196364,0.189405,0.437273,0.248309,120,1229,1349,1.229108,-3.499270000000001,43.7273,59.892130800000004,winter,clear,1,1,0.49999999999999994,0.8660254037844387
4,2011-01-04,1,0,1,0,2,1,1,0.2,0.212122,0.590435,0.160296,108,1454,1562,1.4000000000000004,-1.9999479999999998,59.0435,38.663395200000004,winter,clear,2,1,0.49999999999999994,0.8660254037844387
5,2011-01-05,1,0,1,0,3,1,1,0.226957,0.22927,0.436957,0.1869,82,1518,1600,2.6669789999999995,-0.8681800000000006,43.695699999999995,45.08028000000001,winter,clear,3,1,0.49999999999999994,0.8660254037844387
6,2011-01-06,1,0,1,0,4,1,1,0.204348,0.233209,0.518261,0.0895652,88,1518,1606,1.6043559999999992,-0.6082059999999991,51.8261,21.60312624,winter,clear,4,1,0.49999999999999994,0.8660254037844387
7,2011-01-07,1,0,1,0,5,1,2,0.196522,0.208839,0.498696,0.168726,148,1362,1510,1.2365340000000007,-2.2166259999999998,49.8696,40.696711199999996,winter,mist_cloudy,5,1,0.49999999999999994,0.8660254037844387
8,2011-01-08,1,0,1,0,6,0,2,0.165,0.162254,0.535833,0.266804,68,891,959,-0.24499999999999922,-5.291236,53.5833,64.3531248,winter,mist_cloudy,6,1,0.49999999999999994,0.8660254037844387
9,2011-01-09,1,0,1,0,0,0,1,0.138333,0.116175,0.434167,0.36195,54,768,822,-1.4983489999999993,-8.33245,43.416700000000006,87.30234,winter,clear,0,1,0.49999999999999994,0.8660254037844387
10,2011-01-10,1,0,1,0,1,1,1,0.150833,0.150888,0.482917,0.223267,41,1280,1321,-0.9108490000000007,-6.041392,48.2917,53.8520004,winter,clear,1,1,0.49999999999999994,0.8660254037844387
11,2011-01-11,1,0,1,0,2,1,2,0.169091,0.191464,0.686364,0.122132,43,1220,1263,-0.0527230000000003,-3.3633760000000006,68.6364,29.458238400000006,winter,mist_cloudy,2,1,0.49999999999999994,0.8660254037844387
12,2011-01-12,1,0,1,0,3,1,1,0.172727,0.160473,0.599545,0.304627,25,1137,1162,0.11816899999999997,-5.408782,59.954499999999996,73.4760324,winter,clear,3,1,0.49999999999999994,0.8660254037844387
13,2011-01-13,1,0,1,0,4,1,1,0.165,0.150883,0.470417,0.301,38,1368,1406,-0.24499999999999922,-6.041722,47.0417,72.60119999999999,winter,clear,4,1,0.49999999999999994,0.8660254037844387
14,2011-01-14,1,0,1,0,5,1,1,0.16087,0.188413,0.537826,0.126548,54,1367,1421,-0.43910999999999945,-3.5647420000000007,53.7826,30.523377600000003,winter,clear,5,1,0.49999999999999994,0.8660254037844387
15,2011-01-15,1,0,1,0,6,0,2,0.233333,0.248112,0.49875,0.157963,222,1026,1248,2.9666510000000006,0.3753920000000015,49.875,38.100675599999995,winter,mist_cloudy,6,1,0.49999999999999994,0.8660254037844387
16,2011-01-16,1,0,1,0,0,0,1,0.231667,0.234217,0.48375,0.188433,251,953,1204,2.888349,-0.5416779999999992,48.375,45.4500396,winter,clear,0,1,0.49999999999999994,0.8660254037844387
17,2011-01-17,1,0,1,1,1,0,2,0.175833,0.176771,0.5375,0.194017,117,883,1000,0.264151,-4.333113999999998,53.75,46.7969004,winter,mist_cloudy,1,1,0.49999999999999994,0.8660254037844387
18,2011-01-18,1,0,1,0,2,1,2,0.216667,0.232333,0.861667,0.146775,9,674,683,2.1833489999999998,-0.6660219999999999,86.16669999999999,35.40213,winter,mist_cloudy,2,1,0.49999999999999994,0.8660254037844387
19,2011-01-19,1,0,1,0,3,1,2,0.292174,0.298422,0.741739,0.208317,78,1572,1650,5.732177999999999,3.695852000000002,74.1739,50.2460604,winter,mist_cloudy,3,1,0.49999999999999994,0.8660254037844387
20,2011-01-20,1,0,1,0,4,1,2,0.261667,0.25505,0.538333,0.195904,83,1844,1927,4.298349,0.8333000000000013,53.833299999999994,47.2520448,winter,mist_cloudy,4,1,0.49999999999999994,0.8660254037844387
21,2011-01-21,1,0,1,0,5,1,1,0.1775,0.157833,0.457083,0.353242,75,1468,1543,0.34249999999999936,-5.583022,45.7083,85.20197040000001,winter,clear,5,1,0.49999999999999994,0.8660254037844387
22,2011-01-22,1,0,1,0,6,0,1,0.0591304,0.0790696,0.4,0.17197,93,888,981,-5.2208711999999995,-10.7814064,40.0,41.479164000000004,winter,clear,6,1,0.49999999999999994,0.8660254037844387
23,2011-01-23,1,0,1,0,0,0,1,0.0965217,0.0988391,0.436522,0.2466,150,836,986,-3.4634801,-9.4766194,43.6522,59.47992000000001,winter,clear,0,1,0.49999999999999994,0.8660254037844387
24,2011-01-24,1,0,1,0,1,1,1,0.0973913,0.11793,0.491739,0.15833,86,1330,1416,-3.4226089,-8.21662,49.173899999999996,38.189196,winter,clear,1,1,0.49999999999999994,0.8660254037844387
25,2011-01-25,1,0,1,0,2,1,2,0.223478,0.234526,0.616957,0.129796,186,1799,1985,2.5034660000000013,-0.5212839999999996,61.695699999999995,31.3067952,winter,mist_cloudy,2,1,0.49999999999999994,0.8660254037844387
26,2011-01-26,1,0,1,0,3,1,3,0.2175,0.2036,0.8625,0.29385,34,472,506,2.2225,-2.5624000000000002,86.25,70.87662,winter,light_snow_rain,3,1,0.49999999999999994,0.8660254037844387
27,2011-01-27,1,0,1,0,4,1,1,0.195,0.2197,0.6875,0.113837,15,416,431,1.165000000000001,-1.4998000000000005,68.75,27.4574844,winter,clear,4,1,0.49999999999999994,0.8660254037844387
28,2011-01-28,1,0,1,0,5,1,2,0.203478,0.223317,0.793043,0.1233,38,1129,1167,1.563466,-1.2610780000000013,79.30430000000001,29.739960000000004,winter,mist_cloudy,5,1,0.49999999999999994,0.8660254037844387
29,2011-01-29,1,0,1,0,6,0,1,0.196522,0.212126,0.651739,0.145365,123,975,1098,1.2365340000000007,-1.9996840000000002,65.17389999999999,35.062038,winter,clear,6,1,0.49999999999999994,0.8660254037844387
30,2011-01-30,1,0,1,0,0,0,1,0.216522,0.250322,0.722174,0.0739826,140,956,1096,2.176534,0.5212520000000005,72.2174,17.84460312,winter,clear,0,1,0.49999999999999994,0.8660254037844387
31,2011-01-31,1,0,1,0,1,1,2,0.180833,0.18625,0.60375,0.187192,42,1459,1501,0.49915099999999946,-3.7074999999999996,60.375,45.1507104,winter,mist_cloudy,1,1,0.49999999999999994,0.8660254037844387
32,2011-02-01,1,0,2,0,2,1,2,0.192174,0.23453,0.829565,0.053213,47,1313,1360,1.032178,-0.52102,82.9565,12.8349756,winter,mist_cloudy,2,2,0.8660254037844386,0.5000000000000001
33,2011-02-02,1,0,2,0,3,1,2,0.26,0.254417,0.775417,0.264308,72,1454,1526,4.220000000000001,0.7915220000000005,77.5417,63.75108959999999,winter,mist_cloudy,3,2,0.8660254037844386,0.5000000000000001
34,2011-02-03,1,0,2,0,4,1,1,0.186957,0.177878,0.437826,0.277752,61,1489,1550,0.7869790000000005,-4.260052,43.7826,66.9937824,winter,clear,4,2,0.8660254037844386,0.5000000000000001
35,2011-02-04,1,0,2,0,5,1,2,0.211304,0.228587,0.585217,0.127839,88,1620,1708,1.9312880000000003,-0.913257999999999,58.521699999999996,30.8347668,winter,mist_cloudy,5,2,0.8660254037844386,0.5000000000000001
36,2011-02-05,1,0,2,0,6,0,2,0.233333,0.243058,0.929167,0.161079,100,905,1005,2.9666510000000006,0.041827999999998866,92.91669999999999,38.852254800000004,winter,mist_cloudy,6,2,0.8660254037844386,0.5000000000000001
37,2011-02-06,1,0,2,0,0,0,1,0.285833,0.291671,0.568333,0.1418,354,1269,1623,5.434151,3.2502860000000027,56.833299999999994,34.20216,winter,clear,0,2,0.8660254037844386,0.5000000000000001
38,2011-02-07,1,0,2,0,1,1,1,0.271667,0.303658,0.738333,0.0454083,120,1592,1712,4.768348999999999,4.041428,73.83330000000001,10.95248196,winter,clear,1,2,0.8660254037844386,0.5000000000000001
39,2011-02-08,1,0,2,0,2,1,1,0.220833,0.198246,0.537917,0.36195,64,1466,1530,2.3791510000000002,-2.9157639999999994,53.7917,87.30234,winter,clear,2,2,0.8660254037844386,0.5000000000000001
40,2011-02-09,1,0,2,0,3,1,2,0.134783,0.144283,0.494783,0.188839,53,1552,1605,-1.6651990000000003,-6.477322000000001,49.4783,45.5479668,winter,mist_cloudy,3,2,0.8660254037844386,0.5000000000000001
41,2011-02-10,1,0,2,0,4,1,1,0.144348,0.149548,0.437391,0.221935,47,1491,1538,-1.2156440000000002,-6.129832,43.7391,53.530722000000004,winter,clear,4,2,0.8660254037844386,0.5000000000000001
42,2011-02-11,1,0,2,0,5,1,1,0.189091,0.213509,0.506364,0.10855,149,1597,1746,0.887277000000001,-1.9084059999999994,50.6364,26.182259999999996,winter,clear,5,2,0.8660254037844386,0.5000000000000001
43,2011-02-12,1,0,2,0,6,0,1,0.2225,0.232954,0.544167,0.203367,288,1184,1472,2.4574999999999996,-0.6250359999999997,54.4167,49.0521204,winter,clear,6,2,0.8660254037844386,0.5000000000000001
44,2011-02-13,1,0,2,0,0,0,1,0.316522,0.324113,0.457391,0.260883,397,1192,1589,6.876534000000001,5.391458,45.7391,62.92497959999999,winter,clear,0,2,0.8660254037844386,0.5000000000000001
45,2011-02-14,1,0,2,0,1,1,1,0.415,0.39835,0.375833,0.417908,208,1705,1913,11.504999999999999,10.2911,37.583299999999994,100.79940959999999,winter,clear,1,2,0.8660254037844386,0.5000000000000001
46,2011-02-15,1,0,2,0,2,1,1,0.266087,0.254274,0.314348,0.291374,140,1675,1815,4.506089000000001,0.7820840000000011,31.434800000000003,70.27940880000001,winter,clear,2,2,0.8660254037844386,0.5000000000000001
47,2011-02-16,1,0,2,0,3,1,1,0.318261,0.3162,0.423478,0.251791,218,1897,2115,6.958267000000001,4.869199999999999,42.3478,60.731989199999994,winter,clear,3,2,0.8660254037844386,0.5000000000000001
48,2011-02-17,1,0,2,0,4,1,1,0.435833,0.428658,0.505,0.230104,259,2216,2475,12.484151,12.291428,50.5,55.5010848,winter,clear,4,2,0.8660254037844386,0.5000000000000001
49,2011-02-18,1,0,2,0,5,1,1,0.521667,0.511983,0.516667,0.264925,579,2348,2927,16.518349,17.790878,51.6667,63.89991000000001,winter,clear,5,2,0.8660254037844386,0.5000000000000001
50,2011-02-19,1,0,2,0,6,0,1,0.399167,0.391404,0.187917,0.507463,532,1103,1635,10.760849,9.832663999999998,18.7917,122.4000756,winter,clear,6,2,0.8660254037844386,0.5000000000000001
51,2011-02-20,1,0,2,0,0,0,1,0.285217,0.27733,0.407826,0.223235,639,1173,1812,5.405199,2.3037799999999997,40.7826,53.844282,winter,clear,0,2,0.8660254037844386,0.5000000000000001
52,2011-02-21,1,0,2,1,1,0,2,0.303333,0.284075,0.605,0.307846,195,912,1107,6.2566510000000015,2.7489500000000007,60.5,74.2524552,winter,mist_cloudy,1,2,0.8660254037844386,0.5000000000000001
53,2011-02-22,1,0,2,0,2,1,1,0.182222,0.186033,0.577778,0.195683,74,1376,1450,0.5644340000000003,-3.7218219999999995,57.7778,47.1987396,winter,clear,2,2,0.8660254037844386,0.5000000000000001
54,2011-02-23,1,0,2,0,3,1,1,0.221739,0.245717,0.423043,0.094113,139,1778,1917,2.4217329999999997,0.21732199999999935,42.3043,22.700055600000002,winter,clear,3,2,0.8660254037844386,0.5000000000000001
55,2011-02-24,1,0,2,0,4,1,2,0.295652,0.289191,0.697391,0.250496,100,1707,1807,5.895644000000001,3.0866059999999997,69.7391,60.419635199999995,winter,mist_cloudy,4,2,0.8660254037844386,0.5000000000000001
56,2011-02-25,1,0,2,0,5,1,2,0.364348,0.350461,0.712174,0.346539,120,1341,1461,9.124355999999999,7.130426,71.2174,83.5852068,winter,mist_cloudy,5,2,0.8660254037844386,0.5000000000000001
57,2011-02-26,1,0,2,0,6,0,1,0.2825,0.282192,0.537917,0.186571,424,1545,1969,5.277499999999998,2.6246720000000003,53.7917,45.0009252,winter,clear,6,2,0.8660254037844386,0.5000000000000001
58,2011-02-27,1,0,2,0,0,0,1,0.343478,0.351109,0.68,0.125248,694,1708,2402,8.143466,7.173193999999999,68.0,30.209817599999997,winter,clear,0,2,0.8660254037844386,0.5000000000000001
59,2011-02-28,1,0,2,0,1,1,2,0.407273,0.400118,0.876364,0.289686,81,1365,1446,11.141831,10.407787999999996,87.63640000000001,69.87226319999999,winter,mist_cloudy,1,2,0.8660254037844386,0.5000000000000001
60,2011-03-01,1,0,3,0,2,1,1,0.266667,0.263879,0.535,0.216425,137,1714,1851,4.533348999999999,1.416013999999997,53.5,52.20171,winter,clear,2,3,1.0,6.123233995736766e-17
61,2011-03-02,1,0,3,0,3,1,1,0.335,0.320071,0.449583,0.307833,231,1903,2134,7.745000000000001,5.1246860000000005,44.9583,74.2493196,winter,clear,3,3,1.0,6.123233995736766e-17
62,2011-03-03,1,0,3,0,4,1,1,0.198333,0.200133,0.318333,0.225754,123,1562,1685,1.321651000000001,-2.7912219999999994,31.833299999999998,54.4518648,winter,clear,4,3,1.0,6.123233995736766e-17
63,2011-03-04,1,0,3,0,5,1,2,0.261667,0.255679,0.610417,0.203346,214,1730,1944,4.298349,0.8748140000000006,61.0417,49.047055199999996,winter,mist_cloudy,5,3,1.0,6.123233995736766e-17
64,2011-03-05,1,0,3,0,6,0,2,0.384167,0.378779,0.789167,0.251871,640,1437,2077,10.055848999999998,8.999413999999998,78.91669999999999,60.751285200000005,winter,mist_cloudy,6,3,1.0,6.123233995736766e-17
65,2011-03-06,1,0,3,0,0,0,2,0.376522,0.366252,0.948261,0.343287,114,491,605,9.696534,8.172632,94.8261,82.80082440000001,winter,mist_cloudy,0,3,1.0,6.123233995736766e-17
66,2011-03-07,1,0,3,0,1,1,1,0.261739,0.238461,0.551304,0.341352,244,1628,1872,4.3017330000000005,-0.26157399999999953,55.1304,82.3341024,winter,clear,1,3,1.0,6.123233995736766e-17
67,2011-03-08,1,0,3,0,2,1,1,0.2925,0.3024,0.420833,0.12065,316,1817,2133,5.747499999999999,3.958400000000001,42.0833,29.100779999999997,winter,clear,2,3,1.0,6.123233995736766e-17
68,2011-03-09,1,0,3,0,3,1,2,0.295833,0.286608,0.775417,0.22015,191,1700,1891,5.904151000000001,2.916127999999997,77.5417,53.10018000000001,winter,mist_cloudy,3,3,1.0,6.123233995736766e-17
69,2011-03-10,1,0,3,0,4,1,3,0.389091,0.385668,0.0,0.261877,46,577,623,10.287277,9.454088000000002,0.0,63.164732400000005,winter,light_snow_rain,4,3,1.0,6.123233995736766e-17
70,2011-03-11,1,0,3,0,5,1,2,0.316522,0.305,0.649565,0.23297,247,1730,1977,6.876534000000001,4.129999999999999,64.95649999999999,56.192364000000005,winter,mist_cloudy,5,3,1.0,6.123233995736766e-17
71,2011-03-12,1,0,3,0,6,0,1,0.329167,0.32575,0.594583,0.220775,724,1408,2132,7.470848999999999,5.499499999999998,59.458299999999994,53.25093,winter,clear,6,3,1.0,6.123233995736766e-17
72,2011-03-13,1,0,3,0,0,0,1,0.384348,0.380091,0.527391,0.270604,982,1435,2417,10.064356,9.086006000000001,52.73910000000001,65.26968480000001,winter,clear,0,3,1.0,6.123233995736766e-17
73,2011-03-14,1,0,3,0,1,1,1,0.325217,0.332,0.496957,0.136926,359,1687,2046,7.285198999999999,5.912000000000003,49.695699999999995,33.0265512,winter,clear,1,3,1.0,6.123233995736766e-17
74,2011-03-15,1,0,3,0,2,1,2,0.317391,0.318178,0.655652,0.184309,289,1767,2056,6.917376999999998,4.999748,65.5652,44.455330800000006,winter,mist_cloudy,2,3,1.0,6.123233995736766e-17
75,2011-03-16,1,0,3,0,3,1,2,0.365217,0.36693,0.776522,0.203117,321,1871,2192,9.165199000000001,8.217379999999999,77.65220000000001,48.9918204,winter,mist_cloudy,3,3,1.0,6.123233995736766e-17
76,2011-03-17,1,0,3,0,4,1,1,0.415,0.410333,0.602917,0.209579,424,2320,2744,11.504999999999999,11.081978,60.291700000000006,50.5504548,winter,clear,4,3,1.0,6.123233995736766e-17
77,2011-03-18,1,0,3,0,5,1,1,0.54,0.527009,0.525217,0.231017,884,2355,3239,17.380000000000003,18.782593999999996,52.5217,55.721300400000004,winter,clear,5,3,1.0,6.123233995736766e-17
78,2011-03-19,1,0,3,0,6,0,1,0.4725,0.466525,0.379167,0.368167,1424,1693,3117,14.2075,14.790650000000003,37.9167,88.8018804,winter,clear,6,3,1.0,6.123233995736766e-17
79,2011-03-20,1,0,3,0,0,0,1,0.3325,0.32575,0.47375,0.207721,1047,1424,2471,7.627500000000001,5.499499999999998,47.375,50.102305199999996,winter,clear,0,3,1.0,6.123233995736766e-17
80,2011-03-21,2,0,3,0,1,1,2,0.430435,0.409735,0.737391,0.288783,401,1676,2077,12.230445,11.04251,73.73910000000001,69.65445960000001,spring,mist_cloudy,1,3,1.0,6.123233995736766e-17
81,2011-03-22,2,0,3,0,2,1,1,0.441667,0.440642,0.624583,0.22575,460,2243,2703,12.758348999999999,13.082372,62.4583,54.450900000000004,spring,clear,2,3,1.0,6.123233995736766e-17
82,2011-03-23,2,0,3,0,3,1,2,0.346957,0.337939,0.839565,0.234261,203,1918,2121,8.306979000000002,6.303974,83.9565,56.5037532,spring,mist_cloudy,3,3,1.0,6.123233995736766e-17
83,2011-03-24,2,0,3,0,4,1,2,0.285,0.270833,0.805833,0.243787,166,1699,1865,5.395,1.8749779999999987,80.58330000000001,58.80142440000001,spring,mist_cloudy,4,3,1.0,6.123233995736766e-17
84,2011-03-25,2,0,3,0,5,1,1,0.264167,0.256312,0.495,0.230725,300,1910,2210,4.415849,0.9165919999999979,49.5,55.650870000000005,spring,clear,5,3,1.0,6.123233995736766e-17
85,2011-03-26,2,0,3,0,6,0,1,0.265833,0.257571,0.394167,0.209571,981,1515,2496,4.494150999999999,0.9996860000000005,39.4167,50.5485252,spring,clear,6,3,1.0,6.123233995736766e-17
86,2011-03-27,2,0,3,0,0,0,2,0.253043,0.250339,0.493913,0.1843,472,1221,1693,3.893021000000001,0.5223739999999992,49.3913,44.45316,spring,mist_cloudy,0,3,1.0,6.123233995736766e-17
87,2011-03-28,2,0,3,0,1,1,1,0.264348,0.257574,0.302174,0.212204,222,1806,2028,4.424356000000001,0.9998840000000015,30.2174,51.1836048,spring,clear,1,3,1.0,6.123233995736766e-17
88,2011-03-29,2,0,3,0,2,1,1,0.3025,0.292908,0.314167,0.226996,317,2108,2425,6.217499999999999,3.3319280000000013,31.4167,54.751435199999996,spring,clear,2,3,1.0,6.123233995736766e-17
89,2011-03-30,2,0,3,0,3,1,2,0.3,0.29735,0.646667,0.172888,168,1368,1536,6.1,3.6250999999999998,64.6667,41.7005856,spring,mist_cloudy,3,3,1.0,6.123233995736766e-17
90,2011-03-31,2,0,3,0,4,1,3,0.268333,0.257575,0.918333,0.217646,179,1506,1685,4.611651,0.9999499999999983,91.8333,52.4962152,spring,light_snow_rain,4,3,1.0,6.123233995736766e-17
91,2011-04-01,2,0,4,0,5,1,2,0.3,0.283454,0.68625,0.258708,307,1920,2227,6.1,2.7079640000000005,68.625,62.4003696,spring,mist_cloudy,5,4,0.8660254037844387,-0.49999999999999983
92,2011-04-02,2,0,4,0,6,0,2,0.315,0.315637,0.65375,0.197146,898,1354,2252,6.805,4.832042000000001,65.375,47.5516152,spring,mist_cloudy,6,4,0.8660254037844387,-0.49999999999999983
93,2011-04-03,2,0,4,0,0,0,1,0.378333,0.378767,0.48,0.182213,1651,1598,3249,9.781651,8.998622000000001,48.0,43.94977560000001,spring,clear,0,4,0.8660254037844387,-0.49999999999999983
94,2011-04-04,2,0,4,0,1,1,1,0.573333,0.542929,0.42625,0.385571,734,2381,3115,18.946651,19.833314,42.625,92.9997252,spring,clear,1,4,0.8660254037844387,-0.49999999999999983
95,2011-04-05,2,0,4,0,2,1,2,0.414167,0.39835,0.642083,0.388067,167,1628,1795,11.465848999999999,10.2911,64.2083,93.60176039999999,spring,mist_cloudy,2,4,0.8660254037844387,-0.49999999999999983
96,2011-04-06,2,0,4,0,3,1,1,0.390833,0.387608,0.470833,0.263063,413,2395,2808,10.369150999999999,9.582128,47.0833,63.4507956,spring,clear,3,4,0.8660254037844387,-0.49999999999999983
97,2011-04-07,2,0,4,0,4,1,1,0.4375,0.433696,0.602917,0.162312,571,2570,3141,12.5625,12.623936,60.291700000000006,39.1496544,spring,clear,4,4,0.8660254037844387,-0.49999999999999983
98,2011-04-08,2,0,4,0,5,1,2,0.335833,0.324479,0.83625,0.226992,172,1299,1471,7.784151,5.4156140000000015,83.625,54.7504704,spring,mist_cloudy,5,4,0.8660254037844387,-0.49999999999999983
99,2011-04-09,2,0,4,0,6,0,2,0.3425,0.341529,0.8775,0.133083,879,1576,2455,8.0975,6.540914000000001,87.75,32.0996196,spring,mist_cloudy,6,4,0.8660254037844387,-0.49999999999999983
100,2011-04-10,2,0,4,0,0,0,2,0.426667,0.426737,0.8575,0.146767,1188,1707,2895,12.053349,12.164641999999997,85.75,35.4002004,spring,mist_cloudy,0,4,0.8660254037844387,-0.49999999999999983
101,2011-04-11,2,0,4,0,1,1,2,0.595652,0.565217,0.716956,0.324474,855,2493,3348,19.995644,21.304322,71.6956,78.26312879999999,spring,mist_cloudy,1,4,0.8660254037844387,-0.49999999999999983
102,2011-04-12,2,0,4,0,2,1,2,0.5025,0.493054,0.739167,0.274879,257,1777,2034,15.617499999999996,16.541564,73.9167,66.3008148,spring,mist_cloudy,2,4,0.8660254037844387,-0.49999999999999983
103,2011-04-13,2,0,4,0,3,1,2,0.4125,0.417283,0.819167,0.250617,209,1953,2162,11.3875,11.540678,81.91669999999999,60.44882039999999,spring,mist_cloudy,3,4,0.8660254037844387,-0.49999999999999983
104,2011-04-14,2,0,4,0,4,1,1,0.4675,0.462742,0.540417,0.1107,529,2738,3267,13.9725,14.540972,54.041700000000006,26.70084,spring,clear,4,4,0.8660254037844387,-0.49999999999999983
105,2011-04-15,2,0,4,1,5,0,1,0.446667,0.441913,0.67125,0.226375,642,2484,3126,12.993348999999998,13.166258,67.125,54.60165,spring,clear,5,4,0.8660254037844387,-0.49999999999999983
106,2011-04-16,2,0,4,0,6,0,3,0.430833,0.425492,0.888333,0.340808,121,674,795,12.249151000000001,12.082472,88.83330000000001,82.2028896,spring,light_snow_rain,6,4,0.8660254037844387,-0.49999999999999983
107,2011-04-17,2,0,4,0,0,0,1,0.456667,0.445696,0.479583,0.303496,1558,2186,3744,13.463349000000001,13.415935999999999,47.9583,73.20323520000001,spring,clear,0,4,0.8660254037844387,-0.49999999999999983
108,2011-04-18,2,0,4,0,1,1,1,0.5125,0.503146,0.5425,0.163567,669,2760,3429,16.0875,17.207636,54.25,39.452360399999996,spring,clear,1,4,0.8660254037844387,-0.49999999999999983
109,2011-04-19,2,0,4,0,2,1,2,0.505833,0.489258,0.665833,0.157971,409,2795,3204,15.774151,16.291028000000004,66.5833,38.1026052,spring,mist_cloudy,2,4,0.8660254037844387,-0.49999999999999983
110,2011-04-20,2,0,4,0,3,1,1,0.595,0.564392,0.614167,0.241925,613,3331,3944,19.965,21.249872000000003,61.4167,58.352309999999996,spring,clear,3,4,0.8660254037844387,-0.49999999999999983
111,2011-04-21,2,0,4,0,4,1,1,0.459167,0.453892,0.407083,0.325258,745,3444,4189,13.580849,13.956872,40.708299999999994,78.45222960000001,spring,clear,4,4,0.8660254037844387,-0.49999999999999983
112,2011-04-22,2,0,4,0,5,1,2,0.336667,0.321954,0.729583,0.219521,177,1506,1683,7.823349,5.248964000000001,72.9583,52.948465199999994,spring,mist_cloudy,5,4,0.8660254037844387,-0.49999999999999983
113,2011-04-23,2,0,4,0,6,0,2,0.46,0.450121,0.887917,0.230725,1462,2574,4036,13.620000000000001,13.707985999999998,88.79169999999999,55.650870000000005,spring,mist_cloudy,6,4,0.8660254037844387,-0.49999999999999983
114,2011-04-24,2,0,4,0,0,0,2,0.581667,0.551763,0.810833,0.192175,1710,2481,4191,19.338349,20.416358000000002,81.08330000000001,46.352610000000006,spring,mist_cloudy,0,4,0.8660254037844387,-0.49999999999999983
115,2011-04-25,2,0,4,0,1,1,1,0.606667,0.5745,0.776667,0.185333,773,3300,4073,20.513348999999998,21.917,77.6667,44.7023196,spring,clear,1,4,0.8660254037844387,-0.49999999999999983
116,2011-04-26,2,0,4,0,2,1,1,0.631667,0.594083,0.729167,0.3265,678,3722,4400,21.688349,23.209478000000004,72.9167,78.75180000000002,spring,clear,2,4,0.8660254037844387,-0.49999999999999983
117,2011-04-27,2,0,4,0,3,1,2,0.62,0.575142,0.835417,0.3122,547,3325,3872,21.14,21.959372000000002,83.54169999999999,75.30264,spring,mist_cloudy,3,4,0.8660254037844387,-0.49999999999999983
118,2011-04-28,2,0,4,0,4,1,2,0.6175,0.578929,0.700833,0.320908,569,3489,4058,21.0225,22.209314,70.08330000000001,77.40300960000002,spring,mist_cloudy,4,4,0.8660254037844387,-0.49999999999999983
119,2011-04-29,2,0,4,0,5,1,1,0.51,0.497463,0.457083,0.240063,878,3717,4595,15.969999999999999,16.832558,45.7083,57.9031956,spring,clear,5,4,0.8660254037844387,-0.49999999999999983
120,2011-04-30,2,0,4,0,6,0,1,0.4725,0.464021,0.503333,0.235075,1965,3347,5312,14.2075,14.625386000000002,50.3333,56.70009,spring,clear,6,4,0.8660254037844387,-0.49999999999999983
121,2011-05-01,2,0,5,0,0,0,2,0.451667,0.448204,0.762083,0.106354,1138,2213,3351,13.228348999999998,13.581464,76.2083,25.6525848,spring,mist_cloudy,0,5,0.49999999999999994,-0.8660254037844387
122,2011-05-02,2,0,5,0,1,1,2,0.549167,0.532833,0.73,0.183454,847,3554,4401,17.810848999999997,19.166978,73.0,44.249104800000005,spring,mist_cloudy,1,5,0.49999999999999994,-0.8660254037844387
123,2011-05-03,2,0,5,0,2,1,2,0.616667,0.582079,0.697083,0.342667,603,3848,4451,20.983348999999997,22.417214,69.7083,82.6512804,spring,mist_cloudy,2,5,0.49999999999999994,-0.8660254037844387
124,2011-05-04,2,0,5,0,3,1,2,0.414167,0.40465,0.737083,0.328996,255,2378,2633,11.465848999999999,10.706900000000001,73.70830000000001,79.3538352,spring,mist_cloudy,3,5,0.49999999999999994,-0.8660254037844387
125,2011-05-05,2,0,5,0,4,1,1,0.459167,0.441917,0.444167,0.295392,614,3819,4433,13.580849,13.166522,44.4167,71.2485504,spring,clear,4,5,0.49999999999999994,-0.8660254037844387
126,2011-05-06,2,0,5,0,5,1,1,0.479167,0.474117,0.59,0.228246,894,3714,4608,14.520849000000002,15.291722,59.0,55.0529352,spring,clear,5,5,0.49999999999999994,-0.8660254037844387
127,2011-05-07,2,0,5,0,6,0,1,0.52,0.512621,0.54125,0.16045,1612,3102,4714,16.44,17.832986,54.125,38.700540000000004,spring,clear,6,5,0.49999999999999994,-0.8660254037844387
128,2011-05-08,2,0,5,0,0,0,1,0.528333,0.518933,0.631667,0.0746375,1401,2932,4333,16.831651,18.249578,63.1667,18.002565,spring,clear,0,5,0.49999999999999994,-0.8660254037844387
129,2011-05-09,2,0,5,0,1,1,1,0.5325,0.525246,0.58875,0.176,664,3698,4362,17.0275,18.666235999999998,58.875,42.4512,spring,clear,1,5,0.49999999999999994,-0.8660254037844387
130,2011-05-10,2,0,5,0,2,1,1,0.5325,0.522721,0.489167,0.115671,694,4109,4803,17.0275,18.499586,48.9167,27.899845199999998,spring,clear,2,5,0.49999999999999994,-0.8660254037844387
131,2011-05-11,2,0,5,0,3,1,1,0.5425,0.5284,0.632917,0.120642,550,3632,4182,17.4975,18.8744,63.29169999999999,29.098850400000003,spring,clear,3,5,0.49999999999999994,-0.8660254037844387
132,2011-05-12,2,0,5,0,4,1,1,0.535,0.523363,0.7475,0.189667,695,4169,4864,17.145000000000003,18.541958,74.75,45.7476804,spring,clear,4,5,0.49999999999999994,-0.8660254037844387
133,2011-05-13,2,0,5,0,5,1,2,0.5125,0.4943,0.863333,0.179725,692,3413,4105,16.0875,16.623800000000003,86.33330000000001,43.34967,spring,mist_cloudy,5,5,0.49999999999999994,-0.8660254037844387
134,2011-05-14,2,0,5,0,6,0,2,0.520833,0.500629,0.9225,0.13495,902,2507,3409,16.479150999999998,17.041514,92.25,32.54994,spring,mist_cloudy,6,5,0.49999999999999994,-0.8660254037844387
135,2011-05-15,2,0,5,0,0,0,2,0.5625,0.536,0.867083,0.152979,1582,2971,4553,18.4375,19.376000000000005,86.70830000000001,36.89853480000001,spring,mist_cloudy,0,5,0.49999999999999994,-0.8660254037844387
136,2011-05-16,2,0,5,0,1,1,1,0.5775,0.550512,0.787917,0.126871,773,3185,3958,19.142500000000002,20.333792000000003,78.79169999999999,30.601285200000003,spring,clear,1,5,0.49999999999999994,-0.8660254037844387
137,2011-05-17,2,0,5,0,2,1,2,0.561667,0.538529,0.837917,0.277354,678,3445,4123,18.398349,19.542914000000003,83.7917,66.8977848,spring,mist_cloudy,2,5,0.49999999999999994,-0.8660254037844387
138,2011-05-18,2,0,5,0,3,1,2,0.55,0.527158,0.87,0.201492,536,3319,3855,17.85,18.792428,87.0,48.5998704,spring,mist_cloudy,3,5,0.49999999999999994,-0.8660254037844387
139,2011-05-19,2,0,5,0,4,1,2,0.530833,0.510742,0.829583,0.108213,735,3840,4575,16.949151,17.708972000000003,82.9583,26.1009756,spring,mist_cloudy,4,5,0.49999999999999994,-0.8660254037844387
140,2011-05-20,2,0,5,0,5,1,1,0.536667,0.529042,0.719583,0.125013,909,4008,4917,17.223349,18.916772,71.9583,30.153135600000002,spring,clear,5,5,0.49999999999999994,-0.8660254037844387
141,2011-05-21,2,0,5,0,6,0,1,0.6025,0.571975,0.626667,0.12065,2258,3547,5805,20.317500000000003,21.750349999999997,62.6667,29.100779999999997,spring,clear,6,5,0.49999999999999994,-0.8660254037844387
142,2011-05-22,2,0,5,0,0,0,1,0.604167,0.5745,0.749583,0.148008,1576,3084,4660,20.395849000000002,21.917,74.9583,35.699529600000005,spring,clear,0,5,0.49999999999999994,-0.8660254037844387
143,2011-05-23,2,0,5,0,1,1,2,0.631667,0.590296,0.81,0.233842,836,3438,4274,21.688349,22.959536,81.0,56.4026904,spring,mist_cloudy,1,5,0.49999999999999994,-0.8660254037844387
144,2011-05-24,2,0,5,0,2,1,2,0.66,0.604813,0.740833,0.207092,659,3833,4492,23.020000000000003,23.917658000000003,74.0833,49.9505904,spring,mist_cloudy,2,5,0.49999999999999994,-0.8660254037844387
145,2011-05-25,2,0,5,0,3,1,1,0.660833,0.615542,0.69625,0.154233,740,4238,4978,23.059151,24.625772000000005,69.625,37.2009996,spring,clear,3,5,0.49999999999999994,-0.8660254037844387
146,2011-05-26,2,0,5,0,4,1,1,0.708333,0.654688,0.6775,0.199642,758,3919,4677,25.291651,27.209408000000003,67.75,48.1536504,spring,clear,4,5,0.49999999999999994,-0.8660254037844387
147,2011-05-27,2,0,5,0,5,1,1,0.681667,0.637008,0.65375,0.240679,871,3808,4679,24.038349000000004,26.042528000000004,65.375,58.0517748,spring,clear,5,5,0.49999999999999994,-0.8660254037844387
148,2011-05-28,2,0,5,0,6,0,1,0.655833,0.612379,0.729583,0.230092,2001,2757,4758,22.824151,24.417014,72.9583,55.4981904,spring,clear,6,5,0.49999999999999994,-0.8660254037844387
149,2011-05-29,2,0,5,0,0,0,1,0.6675,0.61555,0.81875,0.213938,2355,2433,4788,23.3725,24.6263,81.875,51.6018456,spring,clear,0,5,0.49999999999999994,-0.8660254037844387
150,2011-05-30,2,0,5,1,1,0,1,0.733333,0.671092,0.685,0.131225,1549,2549,4098,26.466651,28.292072000000005,68.5,31.651470000000003,spring,clear,1,5,0.49999999999999994,-0.8660254037844387
151,2011-05-31,2,0,5,0,2,1,1,0.775,0.725383,0.636667,0.111329,673,3309,3982,28.425000000000004,31.875278,63.6667,26.8525548,spring,clear,2,5,0.49999999999999994,-0.8660254037844387
152,2011-06-01,2,0,6,0,3,1,2,0.764167,0.720967,0.677083,0.207092,513,3461,3974,27.915849,31.583822000000005,67.7083,49.9505904,spring,mist_cloudy,3,6,1.2246467991473532e-16,-1.0
153,2011-06-02,2,0,6,0,4,1,1,0.715,0.643942,0.305,0.292287,736,4232,4968,25.604999999999997,26.500172,30.5,70.49962440000002,spring,clear,4,6,1.2246467991473532e-16,-1.0
154,2011-06-03,2,0,6,0,5,1,1,0.62,0.587133,0.354167,0.253121,898,4414,5312,21.14,22.750778000000004,35.4167,61.0527852,spring,clear,5,6,1.2246467991473532e-16,-1.0
155,2011-06-04,2,0,6,0,6,0,1,0.635,0.594696,0.45625,0.123142,1869,3473,5342,21.845,23.249935999999998,45.625,29.701850400000005,spring,clear,6,6,1.2246467991473532e-16,-1.0
156,2011-06-05,2,0,6,0,0,0,2,0.648333,0.616804,0.6525,0.138692,1685,3221,4906,22.471651,24.709063999999998,65.25,33.4525104,spring,mist_cloudy,0,6,1.2246467991473532e-16,-1.0
157,2011-06-06,2,0,6,0,1,1,1,0.678333,0.621858,0.6,0.121896,673,3875,4548,23.881650999999998,25.042628,60.0,29.401315200000003,spring,clear,1,6,1.2246467991473532e-16,-1.0
158,2011-06-07,2,0,6,0,2,1,1,0.7075,0.65595,0.597917,0.187808,763,4070,4833,25.252499999999998,27.292700000000004,59.791700000000006,45.2992896,spring,clear,2,6,1.2246467991473532e-16,-1.0
159,2011-06-08,2,0,6,0,3,1,1,0.775833,0.727279,0.622083,0.136817,676,3725,4401,28.464151,32.000414,62.20830000000001,33.0002604,spring,clear,3,6,1.2246467991473532e-16,-1.0
160,2011-06-09,2,0,6,0,4,1,2,0.808333,0.757579,0.568333,0.149883,563,3352,3915,29.991650999999997,34.000214,56.833299999999994,36.151779600000005,spring,mist_cloudy,4,6,1.2246467991473532e-16,-1.0
161,2011-06-10,2,0,6,0,5,1,1,0.755,0.703292,0.605,0.140554,815,3771,4586,27.485,30.417272000000004,60.5,33.9016248,spring,clear,5,6,1.2246467991473532e-16,-1.0
162,2011-06-11,2,0,6,0,6,0,1,0.725,0.678038,0.654583,0.15485,1729,3237,4966,26.074999999999996,28.750508000000004,65.45830000000001,37.349819999999994,spring,clear,6,6,1.2246467991473532e-16,-1.0
163,2011-06-12,2,0,6,0,0,0,1,0.6925,0.643325,0.747917,0.163567,1467,2993,4460,24.5475,26.459450000000004,74.7917,39.452360399999996,spring,clear,0,6,1.2246467991473532e-16,-1.0
164,2011-06-13,2,0,6,0,1,1,1,0.635,0.601654,0.494583,0.30535,863,4157,5020,21.845,23.709164,49.4583,73.65042,spring,clear,1,6,1.2246467991473532e-16,-1.0
165,2011-06-14,2,0,6,0,2,1,1,0.604167,0.591546,0.507083,0.269283,727,4164,4891,20.395849000000002,23.042036000000003,50.708299999999994,64.95105960000001,spring,clear,2,6,1.2246467991473532e-16,-1.0
166,2011-06-15,2,0,6,0,3,1,1,0.626667,0.587754,0.471667,0.167912,769,4411,5180,21.453349,22.791764,47.1667,40.500374400000005,spring,clear,3,6,1.2246467991473532e-16,-1.0
167,2011-06-16,2,0,6,0,4,1,2,0.628333,0.595346,0.688333,0.206471,545,3222,3767,21.531651,23.292836,68.8333,49.8008052,spring,mist_cloudy,4,6,1.2246467991473532e-16,-1.0
168,2011-06-17,2,0,6,0,5,1,1,0.649167,0.600383,0.735833,0.143029,863,3981,4844,22.510849000000004,23.625278,73.5833,34.49859479999999,spring,clear,5,6,1.2246467991473532e-16,-1.0
169,2011-06-18,2,0,6,0,6,0,1,0.696667,0.643954,0.670417,0.119408,1807,3312,5119,24.743349000000002,26.500964000000003,67.0417,28.801209600000004,spring,clear,6,6,1.2246467991473532e-16,-1.0
170,2011-06-19,2,0,6,0,0,0,2,0.699167,0.645846,0.666667,0.102,1639,3105,4744,24.860849,26.625836,66.6667,24.6024,spring,mist_cloudy,0,6,1.2246467991473532e-16,-1.0
171,2011-06-20,2,0,6,0,1,1,2,0.635,0.595346,0.74625,0.155475,699,3311,4010,21.845,23.292836,74.625,37.500569999999996,spring,mist_cloudy,1,6,1.2246467991473532e-16,-1.0
172,2011-06-21,3,0,6,0,2,1,2,0.680833,0.637646,0.770417,0.171025,774,4061,4835,23.999151,26.084636000000003,77.0417,41.25123000000001,summer,mist_cloudy,2,6,1.2246467991473532e-16,-1.0
173,2011-06-22,3,0,6,0,3,1,1,0.733333,0.693829,0.7075,0.172262,661,3846,4507,26.466651,29.792714000000004,70.75,41.5495944,summer,clear,3,6,1.2246467991473532e-16,-1.0
174,2011-06-23,3,0,6,0,4,1,2,0.728333,0.693833,0.703333,0.238804,746,4044,4790,26.231651,29.792978000000005,70.3333,57.5995248,summer,mist_cloudy,4,6,1.2246467991473532e-16,-1.0
175,2011-06-24,3,0,6,0,5,1,1,0.724167,0.656583,0.573333,0.222025,969,4022,4991,26.035849,27.334478000000004,57.3333,53.55243,summer,clear,5,6,1.2246467991473532e-16,-1.0
176,2011-06-25,3,0,6,0,6,0,1,0.695,0.643313,0.483333,0.209571,1782,3420,5202,24.665,26.458658,48.3333,50.5485252,summer,clear,6,6,1.2246467991473532e-16,-1.0
177,2011-06-26,3,0,6,0,0,0,1,0.68,0.637629,0.513333,0.0945333,1920,3385,5305,23.96,26.083514,51.3333,22.80143196,summer,clear,0,6,1.2246467991473532e-16,-1.0
178,2011-06-27,3,0,6,0,1,1,2,0.6825,0.637004,0.658333,0.107588,854,3854,4708,24.0775,26.042264000000003,65.8333,25.950225600000003,summer,mist_cloudy,1,6,1.2246467991473532e-16,-1.0
179,2011-06-28,3,0,6,0,2,1,1,0.744167,0.692558,0.634167,0.144283,732,3916,4648,26.975849000000004,29.708827999999997,63.416700000000006,34.801059599999995,summer,clear,2,6,1.2246467991473532e-16,-1.0
180,2011-06-29,3,0,6,0,3,1,1,0.728333,0.654688,0.497917,0.261821,848,4377,5225,26.231651,27.209408000000003,49.7917,63.151225200000006,summer,clear,3,6,1.2246467991473532e-16,-1.0
181,2011-06-30,3,0,6,0,4,1,1,0.696667,0.637008,0.434167,0.185312,1027,4488,5515,24.743349000000002,26.042528000000004,43.416700000000006,44.697254400000006,summer,clear,4,6,1.2246467991473532e-16,-1.0
182,2011-07-01,3,0,7,0,5,1,1,0.7225,0.652162,0.39625,0.102608,1246,4116,5362,25.957500000000003,27.042692000000002,39.625,24.749049600000003,summer,clear,5,7,-0.5000000000000001,-0.8660254037844386
183,2011-07-02,3,0,7,0,6,0,1,0.738333,0.667308,0.444583,0.115062,2204,2915,5119,26.701651,28.042327999999998,44.4583,27.7529544,summer,clear,6,7,-0.5000000000000001,-0.8660254037844386
184,2011-07-03,3,0,7,0,0,0,2,0.716667,0.668575,0.6825,0.228858,2282,2367,4649,25.683349,28.125950000000003,68.25,55.2005496,summer,mist_cloudy,0,7,-0.5000000000000001,-0.8660254037844386
185,2011-07-04,3,0,7,1,1,0,2,0.726667,0.665417,0.637917,0.0814792,3065,2978,6043,26.153349,27.917522000000005,63.7917,19.652783040000003,summer,mist_cloudy,1,7,-0.5000000000000001,-0.8660254037844386
186,2011-07-05,3,0,7,0,2,1,1,0.746667,0.696338,0.590417,0.126258,1031,3634,4665,27.093348999999996,29.958308000000002,59.0417,30.453429600000003,summer,clear,2,7,-0.5000000000000001,-0.8660254037844386
187,2011-07-06,3,0,7,0,3,1,1,0.72,0.685633,0.743333,0.149883,784,3845,4629,25.839999999999996,29.251778,74.33330000000001,36.151779600000005,summer,clear,3,7,-0.5000000000000001,-0.8660254037844386
188,2011-07-07,3,0,7,0,4,1,1,0.75,0.686871,0.65125,0.1592,754,3838,4592,27.25,29.333486,65.125,38.39904000000001,summer,clear,4,7,-0.5000000000000001,-0.8660254037844386
189,2011-07-08,3,0,7,0,5,1,2,0.709167,0.670483,0.757917,0.225129,692,3348,4040,25.330849,28.251878000000005,75.79169999999999,54.3011148,summer,mist_cloudy,5,7,-0.5000000000000001,-0.8660254037844386
190,2011-07-09,3,0,7,0,6,0,1,0.733333,0.664158,0.609167,0.167912,1988,3348,5336,26.466651,27.834428000000003,60.9167,40.500374400000005,summer,clear,6,7,-0.5000000000000001,-0.8660254037844386
191,2011-07-10,3,0,7,0,0,0,1,0.7475,0.690025,0.578333,0.183471,1743,3138,4881,27.1325,29.541649999999997,57.8333,44.253205200000004,summer,clear,0,7,-0.5000000000000001,-0.8660254037844386
192,2011-07-11,3,0,7,0,1,1,1,0.7625,0.729804,0.635833,0.282337,723,3363,4086,27.8375,32.167064,63.5833,68.0996844,summer,clear,1,7,-0.5000000000000001,-0.8660254037844386
193,2011-07-12,3,0,7,0,2,1,1,0.794167,0.739275,0.559167,0.200254,662,3596,4258,29.325848999999998,32.79215,55.9167,48.3012648,summer,clear,2,7,-0.5000000000000001,-0.8660254037844386
194,2011-07-13,3,0,7,0,3,1,1,0.746667,0.689404,0.631667,0.146133,748,3594,4342,27.093348999999996,29.500664,63.1667,35.247279600000006,summer,clear,3,7,-0.5000000000000001,-0.8660254037844386
195,2011-07-14,3,0,7,0,4,1,1,0.680833,0.635104,0.47625,0.240667,888,4196,5084,23.999151,25.916863999999997,47.625,58.0488804,summer,clear,4,7,-0.5000000000000001,-0.8660254037844386
196,2011-07-15,3,0,7,0,5,1,1,0.663333,0.624371,0.59125,0.182833,1318,4220,5538,23.176650999999996,25.208486,59.12500000000001,44.0993196,summer,clear,5,7,-0.5000000000000001,-0.8660254037844386
197,2011-07-16,3,0,7,0,6,0,1,0.686667,0.638263,0.585,0.208342,2418,3505,5923,24.273349000000003,26.125358,58.5,50.2520904,summer,clear,6,7,-0.5000000000000001,-0.8660254037844386
198,2011-07-17,3,0,7,0,0,0,1,0.719167,0.669833,0.604167,0.245033,2006,3296,5302,25.800849,28.208978000000002,60.4167,59.10195960000001,summer,clear,0,7,-0.5000000000000001,-0.8660254037844386
199,2011-07-18,3,0,7,0,1,1,1,0.746667,0.703925,0.65125,0.215804,841,3617,4458,27.093348999999996,30.459050000000005,65.125,52.051924799999995,summer,clear,1,7,-0.5000000000000001,-0.8660254037844386
200,2011-07-19,3,0,7,0,2,1,1,0.776667,0.747479,0.650417,0.1306,752,3789,4541,28.503349,33.333614,65.0417,31.500719999999998,summer,clear,2,7,-0.5000000000000001,-0.8660254037844386
201,2011-07-20,3,0,7,0,3,1,1,0.768333,0.74685,0.707083,0.113817,644,3688,4332,28.111651000000002,33.2921,70.70830000000001,27.452660400000003,summer,clear,3,7,-0.5000000000000001,-0.8660254037844386
202,2011-07-21,3,0,7,0,4,1,2,0.815,0.826371,0.69125,0.222021,632,3152,3784,30.305,38.540486,69.125,53.551465199999996,summer,mist_cloudy,4,7,-0.5000000000000001,-0.8660254037844386
203,2011-07-22,3,0,7,0,5,1,1,0.848333,0.840896,0.580417,0.1331,562,2825,3387,31.871651,39.499136,58.0417,32.10372,summer,clear,5,7,-0.5000000000000001,-0.8660254037844386
204,2011-07-23,3,0,7,0,6,0,1,0.849167,0.804287,0.5,0.131221,987,2298,3285,31.910849,37.082941999999996,50.0,31.6505052,summer,clear,6,7,-0.5000000000000001,-0.8660254037844386
205,2011-07-24,3,0,7,0,0,0,1,0.83,0.794829,0.550833,0.169171,1050,2556,3606,31.009999999999998,36.458714,55.0833,40.8040452,summer,clear,0,7,-0.5000000000000001,-0.8660254037844386
206,2011-07-25,3,0,7,0,1,1,1,0.743333,0.720958,0.757083,0.0908083,568,3272,3840,26.936650999999998,31.583228,75.7083,21.90296196,summer,clear,1,7,-0.5000000000000001,-0.8660254037844386
207,2011-07-26,3,0,7,0,2,1,1,0.771667,0.696979,0.540833,0.200258,750,3840,4590,28.268349,30.000614,54.0833,48.3022296,summer,clear,2,7,-0.5000000000000001,-0.8660254037844386
208,2011-07-27,3,0,7,0,3,1,1,0.775,0.690667,0.402917,0.183463,755,3901,4656,28.425000000000004,29.584022000000004,40.291700000000006,44.25127559999999,summer,clear,3,7,-0.5000000000000001,-0.8660254037844386
209,2011-07-28,3,0,7,0,4,1,1,0.779167,0.7399,0.583333,0.178479,606,3784,4390,28.620849,32.8334,58.3333,43.0491348,summer,clear,4,7,-0.5000000000000001,-0.8660254037844386
210,2011-07-29,3,0,7,0,5,1,1,0.838333,0.785967,0.5425,0.174138,670,3176,3846,31.401651,35.873822,54.25,42.002085599999994,summer,clear,5,7,-0.5000000000000001,-0.8660254037844386
211,2011-07-30,3,0,7,0,6,0,1,0.804167,0.728537,0.465833,0.168537,1559,2916,4475,29.795848999999997,32.083442,46.5833,40.6511244,summer,clear,6,7,-0.5000000000000001,-0.8660254037844386
212,2011-07-31,3,0,7,0,0,0,1,0.805833,0.729796,0.480833,0.164813,1524,2778,4302,29.874150999999998,32.166536,48.0833,39.752895599999995,summer,clear,0,7,-0.5000000000000001,-0.8660254037844386
213,2011-08-01,3,0,8,0,1,1,1,0.771667,0.703292,0.550833,0.156717,729,3537,4266,28.268349,30.417272000000004,55.0833,37.8001404,summer,clear,1,8,-0.8660254037844384,-0.5000000000000004
214,2011-08-02,3,0,8,0,2,1,1,0.783333,0.707071,0.49125,0.20585,801,4044,4845,28.816651,30.666686,49.125,49.65102,summer,clear,2,8,-0.8660254037844384,-0.5000000000000004
215,2011-08-03,3,0,8,0,3,1,2,0.731667,0.679937,0.6575,0.135583,467,3107,3574,26.388348999999998,28.875842,65.75,32.7026196,summer,mist_cloudy,3,8,-0.8660254037844384,-0.5000000000000004
216,2011-08-04,3,0,8,0,4,1,2,0.71,0.664788,0.7575,0.19715,799,3777,4576,25.369999999999997,27.876008000000006,75.75,47.55258,summer,mist_cloudy,4,8,-0.8660254037844384,-0.5000000000000004
217,2011-08-05,3,0,8,0,5,1,1,0.710833,0.656567,0.630833,0.184696,1023,3843,4866,25.409151,27.333422,63.083299999999994,44.5486752,summer,clear,5,8,-0.8660254037844384,-0.5000000000000004
218,2011-08-06,3,0,8,0,6,0,2,0.716667,0.676154,0.755,0.22825,1521,2773,4294,25.683349,28.626164000000003,75.5,55.0539,summer,mist_cloudy,6,8,-0.8660254037844384,-0.5000000000000004
219,2011-08-07,3,0,8,0,0,0,1,0.7425,0.715292,0.752917,0.201487,1298,2487,3785,26.8975,31.209272000000006,75.29169999999999,48.598664400000004,summer,clear,0,8,-0.8660254037844384,-0.5000000000000004
220,2011-08-08,3,0,8,0,1,1,1,0.765,0.703283,0.592083,0.192175,846,3480,4326,27.955,30.416677999999997,59.2083,46.352610000000006,summer,clear,1,8,-0.8660254037844384,-0.5000000000000004
221,2011-08-09,3,0,8,0,2,1,1,0.775,0.724121,0.570417,0.151121,907,3695,4602,28.425000000000004,31.791986,57.04169999999999,36.4503852,summer,clear,2,8,-0.8660254037844384,-0.5000000000000004
222,2011-08-10,3,0,8,0,3,1,1,0.766667,0.684983,0.424167,0.200258,884,3896,4780,28.033349,29.208878,42.4167,48.3022296,summer,clear,3,8,-0.8660254037844384,-0.5000000000000004
223,2011-08-11,3,0,8,0,4,1,1,0.7175,0.651521,0.42375,0.164796,812,3980,4792,25.722500000000004,27.000386,42.375,39.7487952,summer,clear,4,8,-0.8660254037844384,-0.5000000000000004
224,2011-08-12,3,0,8,0,5,1,1,0.708333,0.654042,0.415,0.125621,1051,3854,4905,25.291651,27.166772,41.5,30.299785200000002,summer,clear,5,8,-0.8660254037844384,-0.5000000000000004
225,2011-08-13,3,0,8,0,6,0,2,0.685833,0.645858,0.729583,0.211454,1504,2646,4150,24.234151000000004,26.626628000000004,72.9583,51.0027048,summer,mist_cloudy,6,8,-0.8660254037844384,-0.5000000000000004
226,2011-08-14,3,0,8,0,0,0,2,0.676667,0.624388,0.8175,0.222633,1338,2482,3820,23.803349,25.209608000000003,81.75,53.699079600000005,summer,mist_cloudy,0,8,-0.8660254037844384,-0.5000000000000004
227,2011-08-15,3,0,8,0,1,1,1,0.665833,0.616167,0.712083,0.208954,775,3563,4338,23.294151,24.667022000000003,71.20830000000001,50.399704799999995,summer,clear,1,8,-0.8660254037844384,-0.5000000000000004
228,2011-08-16,3,0,8,0,2,1,1,0.700833,0.645837,0.578333,0.236329,721,4004,4725,24.939151000000003,26.625242,57.8333,57.002554800000006,summer,clear,2,8,-0.8660254037844384,-0.5000000000000004
229,2011-08-17,3,0,8,0,3,1,1,0.723333,0.666671,0.575417,0.143667,668,4026,4694,25.996651,28.000286000000003,57.5417,34.6524804,summer,clear,3,8,-0.8660254037844384,-0.5000000000000004
230,2011-08-18,3,0,8,0,4,1,1,0.711667,0.662258,0.654583,0.233208,639,3166,3805,25.448349,27.709028000000004,65.45830000000001,56.2497696,summer,clear,4,8,-0.8660254037844384,-0.5000000000000004
231,2011-08-19,3,0,8,0,5,1,2,0.685,0.633221,0.722917,0.139308,797,3356,4153,24.195,25.792586,72.2917,33.601089599999995,summer,mist_cloudy,5,8,-0.8660254037844384,-0.5000000000000004
232,2011-08-20,3,0,8,0,6,0,1,0.6975,0.648996,0.674167,0.104467,1914,3277,5191,24.7825,26.833736000000002,67.41669999999999,25.1974404,summer,clear,6,8,-0.8660254037844384,-0.5000000000000004
233,2011-08-21,3,0,8,0,0,0,1,0.710833,0.675525,0.77,0.248754,1249,2624,3873,25.409151,28.584650000000003,77.0,59.9994648,summer,clear,0,8,-0.8660254037844384,-0.5000000000000004
234,2011-08-22,3,0,8,0,1,1,1,0.691667,0.638254,0.47,0.27675,833,3925,4758,24.508349000000003,26.124764,47.0,66.7521,summer,clear,1,8,-0.8660254037844384,-0.5000000000000004
235,2011-08-23,3,0,8,0,2,1,1,0.640833,0.606067,0.455417,0.146763,1281,4614,5895,22.119151,24.000422,45.5417,35.399235600000004,summer,clear,2,8,-0.8660254037844384,-0.5000000000000004
236,2011-08-24,3,0,8,0,3,1,1,0.673333,0.630692,0.605,0.253108,949,4181,5130,23.646651,25.625672,60.5,61.0496496,summer,clear,3,8,-0.8660254037844384,-0.5000000000000004
237,2011-08-25,3,0,8,0,4,1,2,0.684167,0.645854,0.771667,0.210833,435,3107,3542,24.155848999999996,26.626364000000002,77.1667,50.8529196,summer,mist_cloudy,4,8,-0.8660254037844384,-0.5000000000000004
238,2011-08-26,3,0,8,0,5,1,1,0.7,0.659733,0.76125,0.0839625,768,3893,4661,24.9,27.542378,76.125,20.251755,summer,clear,5,8,-0.8660254037844384,-0.5000000000000004
239,2011-08-27,3,0,8,0,6,0,2,0.68,0.635556,0.85,0.375617,226,889,1115,23.96,25.946696000000003,85.0,90.5988204,summer,mist_cloudy,6,8,-0.8660254037844384,-0.5000000000000004
240,2011-08-28,3,0,8,0,0,0,1,0.707059,0.647959,0.561765,0.304659,1415,2919,4334,25.231772999999997,26.765293999999997,56.1765,73.4837508,summer,clear,0,8,-0.8660254037844384,-0.5000000000000004
241,2011-08-29,3,0,8,0,1,1,1,0.636667,0.607958,0.554583,0.159825,729,3905,4634,21.923348999999998,24.125228,55.45830000000001,38.54979,summer,clear,1,8,-0.8660254037844384,-0.5000000000000004
242,2011-08-30,3,0,8,0,2,1,1,0.639167,0.594704,0.548333,0.125008,775,4429,5204,22.040849,23.250464,54.833299999999994,30.151929600000003,summer,clear,2,8,-0.8660254037844384,-0.5000000000000004
243,2011-08-31,3,0,8,0,3,1,1,0.656667,0.611121,0.597917,0.0833333,688,4370,5058,22.863349,24.333986000000003,59.791700000000006,20.09999196,summer,clear,3,8,-0.8660254037844384,-0.5000000000000004
244,2011-09-01,3,0,9,0,4,1,1,0.655,0.614921,0.639167,0.141796,783,4332,5115,22.785,24.584786,63.916700000000006,34.2011952,summer,clear,4,9,-1.0,-1.8369701987210297e-16
245,2011-09-02,3,0,9,0,5,1,2,0.643333,0.604808,0.727083,0.139929,875,3852,4727,22.236651000000002,23.917327999999998,72.70830000000001,33.7508748,summer,mist_cloudy,5,9,-1.0,-1.8369701987210297e-16
246,2011-09-03,3,0,9,0,6,0,1,0.669167,0.633213,0.716667,0.185325,1935,2549,4484,23.450848999999998,25.792058000000004,71.6667,44.70039,summer,clear,6,9,-1.0,-1.8369701987210297e-16
247,2011-09-04,3,0,9,0,0,0,1,0.709167,0.665429,0.742083,0.206467,2521,2419,4940,25.330849,27.918314000000002,74.20830000000001,49.7998404,summer,clear,0,9,-1.0,-1.8369701987210297e-16
248,2011-09-05,3,0,9,1,1,0,2,0.673333,0.625646,0.790417,0.212696,1236,2115,3351,23.646651,25.292636,79.0417,51.3022752,summer,mist_cloudy,1,9,-1.0,-1.8369701987210297e-16
249,2011-09-06,3,0,9,0,2,1,3,0.54,0.5152,0.886957,0.343943,204,2506,2710,17.380000000000003,18.0032,88.6957,82.9590516,summer,light_snow_rain,2,9,-1.0,-1.8369701987210297e-16
250,2011-09-07,3,0,9,0,3,1,3,0.599167,0.544229,0.917083,0.0970208,118,1878,1996,20.160849,19.919114,91.7083,23.401416960000002,summer,light_snow_rain,3,9,-1.0,-1.8369701987210297e-16
251,2011-09-08,3,0,9,0,4,1,3,0.633913,0.555361,0.939565,0.192748,153,1689,1842,21.793910999999998,20.653826000000002,93.9565,46.4908176,summer,light_snow_rain,4,9,-1.0,-1.8369701987210297e-16
252,2011-09-09,3,0,9,0,5,1,2,0.65,0.578946,0.897917,0.124379,417,3127,3544,22.55,22.210435999999994,89.79169999999999,30.000214800000006,summer,mist_cloudy,5,9,-1.0,-1.8369701987210297e-16
253,2011-09-10,3,0,9,0,6,0,1,0.66,0.607962,0.75375,0.153608,1750,3595,5345,23.020000000000003,24.125492,75.375,37.0502496,summer,clear,6,9,-1.0,-1.8369701987210297e-16
254,2011-09-11,3,0,9,0,0,0,1,0.653333,0.609229,0.71375,0.115054,1633,3413,5046,22.706651,24.209114,71.375,27.751024800000003,summer,clear,0,9,-1.0,-1.8369701987210297e-16
255,2011-09-12,3,0,9,0,1,1,1,0.644348,0.60213,0.692174,0.088913,690,4023,4713,22.284356000000002,23.74058,69.2174,21.445815600000003,summer,clear,1,9,-1.0,-1.8369701987210297e-16
256,2011-09-13,3,0,9,0,2,1,1,0.650833,0.603554,0.7125,0.141804,701,4062,4763,22.589151,23.834564,71.25,34.203124800000005,summer,clear,2,9,-1.0,-1.8369701987210297e-16
257,2011-09-14,3,0,9,0,3,1,1,0.673333,0.6269,0.697083,0.1673,647,4138,4785,23.646651,25.3754,69.7083,40.352759999999996,summer,clear,3,9,-1.0,-1.8369701987210297e-16
258,2011-09-15,3,0,9,0,4,1,2,0.5775,0.553671,0.709167,0.271146,428,3231,3659,19.142500000000002,20.542286000000004,70.9167,65.40041520000001,summer,mist_cloudy,4,9,-1.0,-1.8369701987210297e-16
259,2011-09-16,3,0,9,0,5,1,2,0.469167,0.461475,0.590417,0.164183,742,4018,4760,14.050849,14.457350000000002,59.0417,39.600939600000004,summer,mist_cloudy,5,9,-1.0,-1.8369701987210297e-16
260,2011-09-17,3,0,9,0,6,0,2,0.491667,0.478512,0.718333,0.189675,1434,3077,4511,15.108349,15.581792,71.8333,45.749610000000004,summer,mist_cloudy,6,9,-1.0,-1.8369701987210297e-16
261,2011-09-18,3,0,9,0,0,0,1,0.5075,0.490537,0.695,0.178483,1353,2921,4274,15.8525,16.375442,69.5,43.0500996,summer,clear,0,9,-1.0,-1.8369701987210297e-16
262,2011-09-19,3,0,9,0,1,1,2,0.549167,0.529675,0.69,0.151742,691,3848,4539,17.810848999999997,18.958550000000002,69.0,36.600170399999996,summer,mist_cloudy,1,9,-1.0,-1.8369701987210297e-16
263,2011-09-20,3,0,9,0,2,1,2,0.561667,0.532217,0.88125,0.134954,438,3203,3641,18.398349,19.126322000000002,88.125,32.5509048,summer,mist_cloudy,2,9,-1.0,-1.8369701987210297e-16
264,2011-09-21,3,0,9,0,3,1,2,0.595,0.550533,0.9,0.0964042,539,3813,4352,19.965,20.335178000000006,90.0,23.25269304,summer,mist_cloudy,3,9,-1.0,-1.8369701987210297e-16
265,2011-09-22,3,0,9,0,4,1,2,0.628333,0.554963,0.902083,0.128125,555,4240,4795,21.531651,20.627558,90.2083,30.90375,summer,mist_cloudy,4,9,-1.0,-1.8369701987210297e-16
266,2011-09-23,4,0,9,0,5,1,2,0.609167,0.522125,0.9725,0.0783667,258,2137,2395,20.630849,18.460249999999995,97.25,18.90204804,fall,mist_cloudy,5,9,-1.0,-1.8369701987210297e-16
267,2011-09-24,4,0,9,0,6,0,2,0.606667,0.564412,0.8625,0.0783833,1776,3647,5423,20.513348999999998,21.251192000000003,86.25,18.90605196,fall,mist_cloudy,6,9,-1.0,-1.8369701987210297e-16
268,2011-09-25,4,0,9,0,0,0,2,0.634167,0.572637,0.845,0.0503792,1544,3466,5010,21.805849000000002,21.794041999999997,84.5,12.151463040000001,fall,mist_cloudy,0,9,-1.0,-1.8369701987210297e-16
269,2011-09-26,4,0,9,0,1,1,2,0.649167,0.589042,0.848333,0.1107,684,3946,4630,22.510849000000004,22.876771999999995,84.8333,26.70084,fall,mist_cloudy,1,9,-1.0,-1.8369701987210297e-16
270,2011-09-27,4,0,9,0,2,1,2,0.636667,0.574525,0.885417,0.118171,477,3643,4120,21.923348999999998,21.91865,88.5417,28.5028452,fall,mist_cloudy,2,9,-1.0,-1.8369701987210297e-16
271,2011-09-28,4,0,9,0,3,1,2,0.635,0.575158,0.84875,0.148629,480,3427,3907,21.845,21.960427999999993,84.875,35.84931480000001,fall,mist_cloudy,3,9,-1.0,-1.8369701987210297e-16
272,2011-09-29,4,0,9,0,4,1,1,0.616667,0.574512,0.699167,0.172883,653,4186,4839,20.983348999999997,21.917792,69.91669999999999,41.6993796,fall,clear,4,9,-1.0,-1.8369701987210297e-16
273,2011-09-30,4,0,9,0,5,1,1,0.564167,0.544829,0.6475,0.206475,830,4372,5202,18.515849,19.958714,64.75,49.80177,fall,clear,5,9,-1.0,-1.8369701987210297e-16
274,2011-10-01,4,0,10,0,6,0,2,0.41,0.412863,0.75375,0.292296,480,1949,2429,11.27,11.248957999999998,75.375,70.5017952,fall,mist_cloudy,6,10,-0.8660254037844386,0.5000000000000001
275,2011-10-02,4,0,10,0,0,0,2,0.356667,0.345317,0.791667,0.222013,616,2302,2918,8.763349000000002,6.790921999999998,79.1667,53.5495356,fall,mist_cloudy,0,10,-0.8660254037844386,0.5000000000000001
276,2011-10-03,4,0,10,0,1,1,2,0.384167,0.392046,0.760833,0.0833458,330,3240,3570,10.055848999999998,9.875036000000001,76.0833,20.103006960000002,fall,mist_cloudy,1,10,-0.8660254037844386,0.5000000000000001
277,2011-10-04,4,0,10,0,2,1,1,0.484167,0.472858,0.71,0.205854,486,3970,4456,14.755849000000001,15.208628000000001,71.0,49.6519848,fall,clear,2,10,-0.8660254037844386,0.5000000000000001
278,2011-10-05,4,0,10,0,3,1,1,0.538333,0.527138,0.647917,0.17725,559,4267,4826,17.301650999999996,18.791108,64.79169999999999,42.752700000000004,fall,clear,3,10,-0.8660254037844386,0.5000000000000001
279,2011-10-06,4,0,10,0,4,1,1,0.494167,0.480425,0.620833,0.134954,639,4126,4765,15.225849,15.70805,62.083299999999994,32.5509048,fall,clear,4,10,-0.8660254037844386,0.5000000000000001
280,2011-10-07,4,0,10,0,5,1,1,0.510833,0.504404,0.684167,0.0223917,949,4036,4985,16.009151,17.290664,68.41669999999999,5.40087804,fall,clear,5,10,-0.8660254037844386,0.5000000000000001
281,2011-10-08,4,0,10,0,6,0,1,0.521667,0.513242,0.70125,0.0454042,2235,3174,5409,16.518349,17.873971999999995,70.125,10.951493039999999,fall,clear,6,10,-0.8660254037844386,0.5000000000000001
282,2011-10-09,4,0,10,0,0,0,1,0.540833,0.523983,0.7275,0.06345,2397,3114,5511,17.419151,18.582878,72.75,15.304140000000004,fall,clear,0,10,-0.8660254037844386,0.5000000000000001
283,2011-10-10,4,0,10,1,1,0,1,0.570833,0.542925,0.73375,0.0423042,1514,3603,5117,18.829151000000003,19.83305,73.375,10.20377304,fall,clear,1,10,-0.8660254037844386,0.5000000000000001
284,2011-10-11,4,0,10,0,2,1,2,0.566667,0.546096,0.80875,0.143042,667,3896,4563,18.633349000000003,20.042336,80.875,34.5017304,fall,mist_cloudy,2,10,-0.8660254037844386,0.5000000000000001
285,2011-10-12,4,0,10,0,3,1,3,0.543333,0.517717,0.90625,0.24815,217,2199,2416,17.536651,18.169322,90.625,59.85378,fall,light_snow_rain,3,10,-0.8660254037844386,0.5000000000000001
286,2011-10-13,4,0,10,0,4,1,2,0.589167,0.551804,0.896667,0.141787,290,2623,2913,19.690849,20.419064,89.6667,34.1990244,fall,mist_cloudy,4,10,-0.8660254037844386,0.5000000000000001
287,2011-10-14,4,0,10,0,5,1,2,0.550833,0.529675,0.71625,0.223883,529,3115,3644,17.889151000000002,18.958550000000002,71.625,54.0005796,fall,mist_cloudy,5,10,-0.8660254037844386,0.5000000000000001
288,2011-10-15,4,0,10,0,6,0,1,0.506667,0.498725,0.483333,0.258083,1899,3318,5217,15.813348999999999,16.91585,48.3333,62.24961960000001,fall,clear,6,10,-0.8660254037844386,0.5000000000000001
289,2011-10-16,4,0,10,0,0,0,1,0.511667,0.503154,0.486667,0.281717,1748,3293,5041,16.048348999999998,17.208163999999996,48.6667,67.95014040000001,fall,clear,0,10,-0.8660254037844386,0.5000000000000001
290,2011-10-17,4,0,10,0,1,1,1,0.534167,0.510725,0.579583,0.175379,713,3857,4570,17.105849,17.70785,57.958299999999994,42.3014148,fall,clear,1,10,-0.8660254037844386,0.5000000000000001
291,2011-10-18,4,0,10,0,2,1,2,0.5325,0.522721,0.701667,0.110087,637,4111,4748,17.0275,18.499586,70.1667,26.552984400000003,fall,mist_cloudy,2,10,-0.8660254037844386,0.5000000000000001
292,2011-10-19,4,0,10,0,3,1,3,0.541739,0.513848,0.895217,0.243339,254,2170,2424,17.461733,17.913967999999997,89.52170000000001,58.69336679999999,fall,light_snow_rain,3,10,-0.8660254037844386,0.5000000000000001
293,2011-10-20,4,0,10,0,4,1,1,0.475833,0.466525,0.63625,0.422275,471,3724,4195,14.364151,14.790650000000003,63.625,101.85273000000001,fall,clear,4,10,-0.8660254037844386,0.5000000000000001
294,2011-10-21,4,0,10,0,5,1,1,0.4275,0.423596,0.574167,0.221396,676,3628,4304,12.092500000000001,11.957335999999998,57.4167,53.4007152,fall,clear,5,10,-0.8660254037844386,0.5000000000000001
295,2011-10-22,4,0,10,0,6,0,1,0.4225,0.425492,0.629167,0.0926667,1499,2809,4308,11.857499999999998,12.082472,62.916700000000006,22.35120804,fall,clear,6,10,-0.8660254037844386,0.5000000000000001
296,2011-10-23,4,0,10,0,0,0,1,0.421667,0.422333,0.74125,0.0995125,1619,2762,4381,11.818349000000001,11.873978000000001,74.125,24.002415000000003,fall,clear,0,10,-0.8660254037844386,0.5000000000000001
297,2011-10-24,4,0,10,0,1,1,1,0.463333,0.457067,0.772083,0.118792,699,3488,4187,13.776651000000001,14.166422,77.2083,28.6526304,fall,clear,1,10,-0.8660254037844386,0.5000000000000001
298,2011-10-25,4,0,10,0,2,1,1,0.471667,0.463375,0.622917,0.166658,695,3992,4687,14.168349,14.582749999999997,62.291700000000006,40.1979096,fall,clear,2,10,-0.8660254037844386,0.5000000000000001
299,2011-10-26,4,0,10,0,3,1,2,0.484167,0.472846,0.720417,0.148642,404,3490,3894,14.755849000000001,15.207836,72.04169999999999,35.8524504,fall,mist_cloudy,3,10,-0.8660254037844386,0.5000000000000001
300,2011-10-27,4,0,10,0,4,1,2,0.47,0.457046,0.812917,0.197763,240,2419,2659,14.09,14.165036,81.2917,47.7004356,fall,mist_cloudy,4,10,-0.8660254037844386,0.5000000000000001
301,2011-10-28,4,0,10,0,5,1,2,0.330833,0.318812,0.585833,0.229479,456,3291,3747,7.549151,5.041591999999998,58.58330000000001,55.3503348,fall,mist_cloudy,5,10,-0.8660254037844386,0.5000000000000001
302,2011-10-29,4,0,10,0,6,0,3,0.254167,0.227913,0.8825,0.351371,57,570,627,3.945848999999999,-0.9577419999999996,88.25,84.7506852,fall,light_snow_rain,6,10,-0.8660254037844386,0.5000000000000001
303,2011-10-30,4,0,10,0,0,0,1,0.319167,0.321329,0.62375,0.176617,885,2446,3331,7.000848999999999,5.207713999999999,62.375,42.600020400000005,fall,clear,0,10,-0.8660254037844386,0.5000000000000001
304,2011-10-31,4,0,10,0,1,1,1,0.34,0.356063,0.703333,0.10635,362,3307,3669,7.98,7.5001580000000025,70.3333,25.65162,fall,clear,1,10,-0.8660254037844386,0.5000000000000001
305,2011-11-01,4,0,11,0,2,1,1,0.400833,0.397088,0.68375,0.135571,410,3658,4068,10.839151000000001,10.207808,68.375,32.6997252,fall,clear,2,11,-0.5000000000000004,0.8660254037844384
306,2011-11-02,4,0,11,0,3,1,1,0.3775,0.390133,0.71875,0.0820917,370,3816,4186,9.7425,9.748778000000001,71.875,19.80051804,fall,clear,3,11,-0.5000000000000004,0.8660254037844384
307,2011-11-03,4,0,11,0,4,1,1,0.408333,0.405921,0.702083,0.136817,318,3656,3974,11.191651,10.790785999999997,70.20830000000001,33.0002604,fall,clear,4,11,-0.5000000000000004,0.8660254037844384
308,2011-11-04,4,0,11,0,5,1,2,0.403333,0.403392,0.6225,0.271779,470,3576,4046,10.956651,10.623871999999999,62.25000000000001,65.5530948,fall,mist_cloudy,5,11,-0.5000000000000004,0.8660254037844384
309,2011-11-05,4,0,11,0,6,0,1,0.326667,0.323854,0.519167,0.189062,1156,2770,3926,7.353349,5.374364,51.916700000000006,45.601754400000004,fall,clear,6,11,-0.5000000000000004,0.8660254037844384
310,2011-11-06,4,0,11,0,0,0,1,0.348333,0.362358,0.734583,0.0920542,952,2697,3649,8.371651,7.915628000000002,73.4583,22.203473040000002,fall,clear,0,11,-0.5000000000000004,0.8660254037844384
311,2011-11-07,4,0,11,0,1,1,1,0.395,0.400871,0.75875,0.057225,373,3662,4035,10.565000000000001,10.457486,75.875,13.802669999999999,fall,clear,1,11,-0.5000000000000004,0.8660254037844384
312,2011-11-08,4,0,11,0,2,1,1,0.408333,0.412246,0.721667,0.0690375,376,3829,4205,11.191651,11.208236,72.16669999999999,16.651845,fall,clear,2,11,-0.5000000000000004,0.8660254037844384
313,2011-11-09,4,0,11,0,3,1,1,0.4,0.409079,0.758333,0.0621958,305,3804,4109,10.8,10.999214000000002,75.83330000000001,15.001626960000001,fall,clear,3,11,-0.5000000000000004,0.8660254037844384
314,2011-11-10,4,0,11,0,4,1,2,0.38,0.373721,0.813333,0.189067,190,2743,2933,9.86,8.665586000000001,81.3333,45.60296040000001,fall,mist_cloudy,4,11,-0.5000000000000004,0.8660254037844384
315,2011-11-11,4,0,11,1,5,0,1,0.324167,0.306817,0.44625,0.314675,440,2928,3368,7.235849,4.2499220000000015,44.625,75.89961,fall,clear,5,11,-0.5000000000000004,0.8660254037844384
316,2011-11-12,4,0,11,0,6,0,1,0.356667,0.357942,0.552917,0.212062,1275,2792,4067,8.763349000000002,7.624171999999998,55.2917,51.1493544,fall,clear,6,11,-0.5000000000000004,0.8660254037844384
317,2011-11-13,4,0,11,0,0,0,1,0.440833,0.43055,0.458333,0.281721,1004,2713,3717,12.719151,12.4163,45.8333,67.9511052,fall,clear,0,11,-0.5000000000000004,0.8660254037844384
318,2011-11-14,4,0,11,0,1,1,1,0.53,0.524612,0.587083,0.306596,595,3891,4486,16.91,18.624392,58.7083,73.9509552,fall,clear,1,11,-0.5000000000000004,0.8660254037844384
319,2011-11-15,4,0,11,0,2,1,2,0.53,0.507579,0.68875,0.199633,449,3746,4195,16.91,17.500214,68.875,48.1514796,fall,mist_cloudy,2,11,-0.5000000000000004,0.8660254037844384
320,2011-11-16,4,0,11,0,3,1,3,0.456667,0.451988,0.93,0.136829,145,1672,1817,13.463349000000001,13.831208,93.0,33.003154800000004,fall,light_snow_rain,3,11,-0.5000000000000004,0.8660254037844384
321,2011-11-17,4,0,11,0,4,1,2,0.341667,0.323221,0.575833,0.305362,139,2914,3053,8.058349,5.332585999999999,57.5833,73.65331440000001,fall,mist_cloudy,4,11,-0.5000000000000004,0.8660254037844384
322,2011-11-18,4,0,11,0,5,1,1,0.274167,0.272721,0.41,0.168533,245,3147,3392,4.885849,1.9995860000000008,41.0,40.6501596,fall,clear,5,11,-0.5000000000000004,0.8660254037844384
323,2011-11-19,4,0,11,0,6,0,1,0.329167,0.324483,0.502083,0.224496,943,2720,3663,7.470848999999999,5.415878000000003,50.208299999999994,54.1484352,fall,clear,6,11,-0.5000000000000004,0.8660254037844384
324,2011-11-20,4,0,11,0,0,0,2,0.463333,0.457058,0.684583,0.18595,787,2733,3520,13.776651000000001,14.165828000000001,68.45830000000001,44.85114,fall,mist_cloudy,0,11,-0.5000000000000004,0.8660254037844384
325,2011-11-21,4,0,11,0,1,1,3,0.4475,0.445062,0.91,0.138054,220,2545,2765,13.032499999999999,13.374092000000001,91.0,33.2986248,fall,light_snow_rain,1,11,-0.5000000000000004,0.8660254037844384
326,2011-11-22,4,0,11,0,2,1,3,0.416667,0.421696,0.9625,0.118792,69,1538,1607,11.583349000000002,11.831936000000002,96.25,28.6526304,fall,light_snow_rain,2,11,-0.5000000000000004,0.8660254037844384
327,2011-11-23,4,0,11,0,3,1,2,0.440833,0.430537,0.757917,0.335825,112,2454,2566,12.719151,12.415441999999999,75.79169999999999,81.00099,fall,mist_cloudy,3,11,-0.5000000000000004,0.8660254037844384
328,2011-11-24,4,0,11,1,4,0,1,0.373333,0.372471,0.549167,0.167304,560,935,1495,9.546651,8.583086000000002,54.9167,40.35372480000001,fall,clear,4,11,-0.5000000000000004,0.8660254037844384
329,2011-11-25,4,0,11,0,5,1,1,0.375,0.380671,0.64375,0.0988958,1095,1697,2792,9.625,9.124285999999998,64.375,23.85366696,fall,clear,5,11,-0.5000000000000004,0.8660254037844384
330,2011-11-26,4,0,11,0,6,0,1,0.375833,0.385087,0.681667,0.0684208,1249,1819,3068,9.664151,9.415742000000002,68.1667,16.50309696,fall,clear,6,11,-0.5000000000000004,0.8660254037844384
331,2011-11-27,4,0,11,0,0,0,1,0.459167,0.4558,0.698333,0.208954,810,2261,3071,13.580849,14.082799999999999,69.8333,50.399704799999995,fall,clear,0,11,-0.5000000000000004,0.8660254037844384
332,2011-11-28,4,0,11,0,1,1,1,0.503478,0.490122,0.743043,0.142122,253,3614,3867,15.663466,16.348052000000003,74.3043,34.2798264,fall,clear,1,11,-0.5000000000000004,0.8660254037844384
333,2011-11-29,4,0,11,0,2,1,2,0.458333,0.451375,0.830833,0.258092,96,2818,2914,13.541650999999998,13.790750000000003,83.08330000000001,62.2517904,fall,mist_cloudy,2,11,-0.5000000000000004,0.8660254037844384
334,2011-11-30,4,0,11,0,3,1,1,0.325,0.311221,0.613333,0.271158,188,3425,3613,7.275,4.540586000000001,61.3333,65.4033096,fall,clear,3,11,-0.5000000000000004,0.8660254037844384
335,2011-12-01,4,0,12,0,4,1,1,0.3125,0.305554,0.524583,0.220158,182,3545,3727,6.6875,4.166564000000001,52.4583,53.1021096,fall,clear,4,12,-2.4492935982947064e-16,1.0
336,2011-12-02,4,0,12,0,5,1,1,0.314167,0.331433,0.625833,0.100754,268,3672,3940,6.765848999999999,5.874578,62.583299999999994,24.3018648,fall,clear,5,12,-2.4492935982947064e-16,1.0
337,2011-12-03,4,0,12,0,6,0,1,0.299167,0.310604,0.612917,0.0957833,706,2908,3614,6.060849000000001,4.499863999999999,61.291700000000006,23.10293196,fall,clear,6,12,-2.4492935982947064e-16,1.0
338,2011-12-04,4,0,12,0,0,0,1,0.330833,0.3491,0.775833,0.0839583,634,2851,3485,7.549151,7.040600000000001,77.5833,20.25074196,fall,clear,0,12,-2.4492935982947064e-16,1.0
339,2011-12-05,4,0,12,0,1,1,2,0.385833,0.393925,0.827083,0.0622083,233,3578,3811,10.134151,9.99905,82.70830000000001,15.004641960000002,fall,mist_cloudy,1,12,-2.4492935982947064e-16,1.0
340,2011-12-06,4,0,12,0,2,1,3,0.4625,0.4564,0.949583,0.232583,126,2468,2594,13.7375,14.122399999999999,94.9583,56.099019600000005,fall,light_snow_rain,2,12,-2.4492935982947064e-16,1.0
341,2011-12-07,4,0,12,0,3,1,3,0.41,0.400246,0.970417,0.266175,50,655,705,11.27,10.416235999999998,97.04169999999999,64.20141000000001,fall,light_snow_rain,3,12,-2.4492935982947064e-16,1.0
342,2011-12-08,4,0,12,0,4,1,1,0.265833,0.256938,0.58,0.240058,150,3172,3322,4.494150999999999,0.9579079999999998,57.99999999999999,57.9019896,fall,clear,4,12,-2.4492935982947064e-16,1.0
343,2011-12-09,4,0,12,0,5,1,1,0.290833,0.317542,0.695833,0.0827167,261,3359,3620,5.669151000000001,4.9577719999999985,69.58330000000001,19.951268040000002,fall,clear,5,12,-2.4492935982947064e-16,1.0
344,2011-12-10,4,0,12,0,6,0,1,0.275,0.266412,0.5075,0.233221,502,2688,3190,4.925000000000001,1.5831920000000004,50.74999999999999,56.2529052,fall,clear,6,12,-2.4492935982947064e-16,1.0
345,2011-12-11,4,0,12,0,0,0,1,0.220833,0.253154,0.49,0.0665417,377,2366,2743,2.3791510000000002,0.708164,49.0,16.049858039999997,fall,clear,0,12,-2.4492935982947064e-16,1.0
346,2011-12-12,4,0,12,0,1,1,1,0.238333,0.270196,0.670833,0.06345,143,3167,3310,3.201651,1.8329360000000001,67.08330000000001,15.304140000000004,fall,clear,1,12,-2.4492935982947064e-16,1.0
347,2011-12-13,4,0,12,0,2,1,1,0.2825,0.301138,0.59,0.14055,155,3368,3523,5.277499999999998,3.875108000000001,59.0,33.90066,fall,clear,2,12,-2.4492935982947064e-16,1.0
348,2011-12-14,4,0,12,0,3,1,2,0.3175,0.338362,0.66375,0.0609583,178,3562,3740,6.922499999999999,6.331892,66.375,14.703141960000002,fall,mist_cloudy,3,12,-2.4492935982947064e-16,1.0
349,2011-12-15,4,0,12,0,4,1,2,0.4225,0.412237,0.634167,0.268042,181,3528,3709,11.857499999999998,11.207642,63.416700000000006,64.6517304,fall,mist_cloudy,4,12,-2.4492935982947064e-16,1.0
350,2011-12-16,4,0,12,0,5,1,2,0.375,0.359825,0.500417,0.260575,178,3399,3577,9.625,7.748450000000002,50.0417,62.85069000000001,fall,mist_cloudy,5,12,-2.4492935982947064e-16,1.0
351,2011-12-17,4,0,12,0,6,0,2,0.258333,0.249371,0.560833,0.243167,275,2464,2739,4.1416509999999995,0.4584860000000006,56.0833,58.6518804,fall,mist_cloudy,6,12,-2.4492935982947064e-16,1.0
352,2011-12-18,4,0,12,0,0,0,1,0.238333,0.245579,0.58625,0.169779,220,2211,2431,3.201651,0.20821399999999812,58.62500000000001,40.95069480000001,fall,clear,0,12,-2.4492935982947064e-16,1.0
353,2011-12-19,4,0,12,0,1,1,1,0.276667,0.280933,0.6375,0.172896,260,3143,3403,5.003349,2.5415779999999977,63.74999999999999,41.70251519999999,fall,clear,1,12,-2.4492935982947064e-16,1.0
354,2011-12-20,4,0,12,0,2,1,2,0.385833,0.396454,0.595417,0.0615708,216,3534,3750,10.134151,10.165963999999999,59.5417,14.85087696,fall,mist_cloudy,2,12,-2.4492935982947064e-16,1.0
355,2011-12-21,1,0,12,0,3,1,2,0.428333,0.428017,0.858333,0.2214,107,2553,2660,12.131651000000002,12.249122,85.83330000000001,53.40168,winter,mist_cloudy,3,12,-2.4492935982947064e-16,1.0
356,2011-12-22,1,0,12,0,4,1,2,0.423333,0.426121,0.7575,0.047275,227,2841,3068,11.896651000000002,12.123986000000002,75.75,11.40273,winter,mist_cloudy,4,12,-2.4492935982947064e-16,1.0
357,2011-12-23,1,0,12,0,5,1,1,0.373333,0.377513,0.68625,0.274246,163,2046,2209,9.546651,8.915858,68.625,66.1481352,winter,clear,5,12,-2.4492935982947064e-16,1.0
358,2011-12-24,1,0,12,0,6,0,1,0.3025,0.299242,0.5425,0.190304,155,856,1011,6.217499999999999,3.7499719999999996,54.25,45.9013248,winter,clear,6,12,-2.4492935982947064e-16,1.0
359,2011-12-25,1,0,12,0,0,0,1,0.274783,0.279961,0.681304,0.155091,303,451,754,4.914801000000001,2.4774260000000012,68.13040000000001,37.407949200000004,winter,clear,0,12,-2.4492935982947064e-16,1.0
360,2011-12-26,1,0,12,1,1,0,1,0.321739,0.315535,0.506957,0.239465,430,887,1317,7.121732999999999,4.825310000000002,50.6957,57.758958,winter,clear,1,12,-2.4492935982947064e-16,1.0
361,2011-12-27,1,0,12,0,2,1,2,0.325,0.327633,0.7625,0.18845,103,1059,1162,7.275,5.6237780000000015,76.25,45.45414,winter,mist_cloudy,2,12,-2.4492935982947064e-16,1.0
362,2011-12-28,1,0,12,0,3,1,1,0.29913,0.279974,0.503913,0.293961,255,2047,2302,6.05911,2.4782839999999986,50.39130000000001,70.9033932,winter,clear,3,12,-2.4492935982947064e-16,1.0
363,2011-12-29,1,0,12,0,4,1,1,0.248333,0.263892,0.574167,0.119412,254,2169,2423,3.6716510000000007,1.4168720000000015,57.4167,28.802174400000006,winter,clear,4,12,-2.4492935982947064e-16,1.0
364,2011-12-30,1,0,12,0,5,1,1,0.311667,0.318812,0.636667,0.134337,491,2508,2999,6.648349000000001,5.041591999999998,63.6667,32.4020844,winter,clear,5,12,-2.4492935982947064e-16,1.0
365,2011-12-31,1,0,12,0,6,0,1,0.41,0.414121,0.615833,0.220154,665,1820,2485,11.27,11.331986,61.583299999999994,53.1011448,winter,clear,6,12,-2.4492935982947064e-16,1.0
366,2012-01-01,1,1,1,0,0,0,1,0.37,0.375621,0.6925,0.192167,686,1608,2294,9.39,8.790986,69.25,46.3506804,winter,clear,0,1,0.49999999999999994,0.8660254037844387
367,2012-01-02,1,1,1,1,1,0,1,0.273043,0.252304,0.381304,0.329665,244,1707,1951,4.833020999999999,0.6520639999999993,38.130399999999995,79.515198,winter,clear,1,1,0.49999999999999994,0.8660254037844387
368,2012-01-03,1,1,1,0,2,1,1,0.15,0.126275,0.44125,0.365671,89,2147,2236,-0.9500000000000002,-7.665850000000001,44.125,88.19984520000001,winter,clear,2,1,0.49999999999999994,0.8660254037844387
369,2012-01-04,1,1,1,0,3,1,2,0.1075,0.119337,0.414583,0.1847,95,2273,2368,-2.9475,-8.123758,41.4583,44.549640000000004,winter,mist_cloudy,3,1,0.49999999999999994,0.8660254037844387
370,2012-01-05,1,1,1,0,4,1,1,0.265833,0.278412,0.524167,0.129987,140,3132,3272,4.494150999999999,2.3751919999999984,52.416700000000006,31.352864399999998,winter,clear,4,1,0.49999999999999994,0.8660254037844387
371,2012-01-06,1,1,1,0,5,1,1,0.334167,0.340267,0.542083,0.167908,307,3791,4098,7.705848999999999,6.457622000000001,54.2083,40.4994096,winter,clear,5,1,0.49999999999999994,0.8660254037844387
372,2012-01-07,1,1,1,0,6,0,1,0.393333,0.390779,0.531667,0.174758,1070,3451,4521,10.486650999999998,9.791414,53.1667,42.1516296,winter,clear,6,1,0.49999999999999994,0.8660254037844387
373,2012-01-08,1,1,1,0,0,0,1,0.3375,0.340258,0.465,0.191542,599,2826,3425,7.862500000000001,6.457028000000001,46.5,46.1999304,winter,clear,0,1,0.49999999999999994,0.8660254037844387
374,2012-01-09,1,1,1,0,1,1,2,0.224167,0.247479,0.701667,0.0989,106,2270,2376,2.5358490000000007,0.33361400000000074,70.1667,23.854680000000002,winter,mist_cloudy,1,1,0.49999999999999994,0.8660254037844387
375,2012-01-10,1,1,1,0,2,1,1,0.308696,0.318826,0.646522,0.187552,173,3425,3598,6.508712000000001,5.042515999999999,64.65220000000001,45.2375424,winter,clear,2,1,0.49999999999999994,0.8660254037844387
376,2012-01-11,1,1,1,0,3,1,2,0.274167,0.282821,0.8475,0.131221,92,2085,2177,4.885849,2.6661859999999997,84.75,31.6505052,winter,mist_cloudy,3,1,0.49999999999999994,0.8660254037844387
377,2012-01-12,1,1,1,0,4,1,2,0.3825,0.381938,0.802917,0.180967,269,3828,4097,9.9775,9.207908,80.2917,43.649240400000004,winter,mist_cloudy,4,1,0.49999999999999994,0.8660254037844387
378,2012-01-13,1,1,1,0,5,1,1,0.274167,0.249362,0.5075,0.378108,174,3040,3214,4.885849,0.4578920000000011,50.74999999999999,91.1996496,winter,clear,5,1,0.49999999999999994,0.8660254037844387
379,2012-01-14,1,1,1,0,6,0,1,0.18,0.183087,0.4575,0.187183,333,2160,2493,0.4599999999999991,-3.916257999999999,45.75,45.1485396,winter,clear,6,1,0.49999999999999994,0.8660254037844387
380,2012-01-15,1,1,1,0,0,0,1,0.166667,0.161625,0.419167,0.251258,284,2027,2311,-0.16665099999999988,-5.332750000000001,41.9167,60.6034296,winter,clear,0,1,0.49999999999999994,0.8660254037844387
381,2012-01-16,1,1,1,1,1,0,1,0.19,0.190663,0.5225,0.231358,217,2081,2298,0.9299999999999997,-3.4162420000000004,52.25,55.803549600000004,winter,clear,1,1,0.49999999999999994,0.8660254037844387
382,2012-01-17,1,1,1,0,2,1,2,0.373043,0.364278,0.716087,0.34913,127,2808,2935,9.533021000000002,8.042348,71.6087,84.210156,winter,mist_cloudy,2,1,0.49999999999999994,0.8660254037844387
383,2012-01-18,1,1,1,0,3,1,1,0.303333,0.275254,0.443333,0.415429,109,3267,3376,6.2566510000000015,2.1667640000000006,44.333299999999994,100.2014748,winter,clear,3,1,0.49999999999999994,0.8660254037844387
384,2012-01-19,1,1,1,0,4,1,1,0.19,0.190038,0.4975,0.220158,130,3162,3292,0.9299999999999997,-3.4574919999999985,49.75,53.1021096,winter,clear,4,1,0.49999999999999994,0.8660254037844387
385,2012-01-20,1,1,1,0,5,1,2,0.2175,0.220958,0.45,0.20275,115,3048,3163,2.2225,-1.4167720000000017,45.0,48.9033,winter,mist_cloudy,5,1,0.49999999999999994,0.8660254037844387
386,2012-01-21,1,1,1,0,6,0,2,0.173333,0.174875,0.83125,0.222642,67,1234,1301,0.14665099999999853,-4.45825,83.125,53.7012504,winter,mist_cloudy,6,1,0.49999999999999994,0.8660254037844387
387,2012-01-22,1,1,1,0,0,0,2,0.1625,0.16225,0.79625,0.199638,196,1781,1977,-0.3624999999999998,-5.291499999999999,79.625,48.152685600000005,winter,mist_cloudy,0,1,0.49999999999999994,0.8660254037844387
388,2012-01-23,1,1,1,0,1,1,2,0.218333,0.243058,0.91125,0.110708,145,2287,2432,2.2616510000000005,0.041827999999998866,91.125,26.702769600000003,winter,mist_cloudy,1,1,0.49999999999999994,0.8660254037844387
389,2012-01-24,1,1,1,0,2,1,1,0.3425,0.349108,0.835833,0.123767,439,3900,4339,8.0975,7.041127999999997,83.58330000000001,29.8526004,winter,clear,2,1,0.49999999999999994,0.8660254037844387
390,2012-01-25,1,1,1,0,3,1,1,0.294167,0.294821,0.64375,0.161071,467,3803,4270,5.825849,3.4581860000000013,64.375,38.85032519999999,winter,clear,3,1,0.49999999999999994,0.8660254037844387
391,2012-01-26,1,1,1,0,4,1,2,0.341667,0.35605,0.769583,0.0733958,244,3831,4075,8.058349,7.499299999999998,76.95830000000001,17.70306696,winter,mist_cloudy,4,1,0.49999999999999994,0.8660254037844387
392,2012-01-27,1,1,1,0,5,1,2,0.425,0.415383,0.74125,0.342667,269,3187,3456,11.974999999999998,11.415278,74.125,82.6512804,winter,mist_cloudy,5,1,0.49999999999999994,0.8660254037844387
393,2012-01-28,1,1,1,0,6,0,1,0.315833,0.326379,0.543333,0.210829,775,3248,4023,6.844150999999998,5.541013999999997,54.333299999999994,50.851954799999994,winter,clear,6,1,0.49999999999999994,0.8660254037844387
394,2012-01-29,1,1,1,0,0,0,1,0.2825,0.272721,0.31125,0.24005,558,2685,3243,5.277499999999998,1.9995860000000008,31.125000000000004,57.900059999999996,winter,clear,0,1,0.49999999999999994,0.8660254037844387
395,2012-01-30,1,1,1,0,1,1,1,0.269167,0.262625,0.400833,0.215792,126,3498,3624,4.650848999999999,1.3332499999999996,40.0833,52.0490304,winter,clear,1,1,0.49999999999999994,0.8660254037844387
396,2012-01-31,1,1,1,0,2,1,1,0.39,0.381317,0.416667,0.261817,324,4185,4509,10.330000000000002,9.166922,41.6667,63.1502604,winter,clear,2,1,0.49999999999999994,0.8660254037844387
397,2012-02-01,1,1,2,0,3,1,1,0.469167,0.466538,0.507917,0.189067,304,4275,4579,14.050849,14.791508,50.79169999999999,45.60296040000001,winter,clear,3,2,0.8660254037844386,0.5000000000000001
398,2012-02-02,1,1,2,0,4,1,2,0.399167,0.398971,0.672917,0.187187,190,3571,3761,10.760849,10.332086,67.29169999999999,45.1495044,winter,mist_cloudy,4,2,0.8660254037844386,0.5000000000000001
399,2012-02-03,1,1,2,0,5,1,1,0.313333,0.309346,0.526667,0.178496,310,3841,4151,6.726650999999999,4.416836,52.6667,43.0532352,winter,clear,5,2,0.8660254037844386,0.5000000000000001
400,2012-02-04,1,1,2,0,6,0,2,0.264167,0.272725,0.779583,0.121896,384,2448,2832,4.415849,1.9998499999999986,77.95830000000001,29.401315200000003,winter,mist_cloudy,6,2,0.8660254037844386,0.5000000000000001
401,2012-02-05,1,1,2,0,0,0,2,0.265833,0.264521,0.687917,0.175996,318,2629,2947,4.494150999999999,1.4583860000000008,68.7917,42.45023520000001,winter,mist_cloudy,0,2,0.8660254037844386,0.5000000000000001
402,2012-02-06,1,1,2,0,1,1,1,0.282609,0.296426,0.622174,0.1538,206,3578,3784,5.282622999999999,3.564116000000002,62.2174,37.09656,winter,clear,1,2,0.8660254037844386,0.5000000000000001
403,2012-02-07,1,1,2,0,2,1,1,0.354167,0.361104,0.49625,0.147379,199,4176,4375,8.645849000000002,7.832863999999997,49.625,35.547814800000005,winter,clear,2,2,0.8660254037844386,0.5000000000000001
404,2012-02-08,1,1,2,0,3,1,2,0.256667,0.266421,0.722917,0.133721,109,2693,2802,4.063348999999999,1.583786,72.2917,32.253505200000006,winter,mist_cloudy,3,2,0.8660254037844386,0.5000000000000001
405,2012-02-09,1,1,2,0,4,1,1,0.265,0.261988,0.562083,0.194037,163,3667,3830,4.455,1.291208000000001,56.2083,46.8017244,winter,clear,4,2,0.8660254037844386,0.5000000000000001
406,2012-02-10,1,1,2,0,5,1,2,0.280833,0.293558,0.54,0.116929,227,3604,3831,5.1991510000000005,3.374828000000001,54.0,28.203274800000003,winter,mist_cloudy,5,2,0.8660254037844386,0.5000000000000001
407,2012-02-11,1,1,2,0,6,0,3,0.224167,0.210867,0.73125,0.289796,192,1977,2169,2.5358490000000007,-2.0827779999999994,73.125,69.89879520000001,winter,light_snow_rain,6,2,0.8660254037844386,0.5000000000000001
408,2012-02-12,1,1,2,0,0,0,1,0.1275,0.101658,0.464583,0.409212,73,1456,1529,-2.0075000000000003,-9.290572000000001,46.4583,98.70193440000001,winter,clear,0,2,0.8660254037844386,0.5000000000000001
409,2012-02-13,1,1,2,0,1,1,1,0.2225,0.227913,0.41125,0.167283,94,3328,3422,2.4574999999999996,-0.9577419999999996,41.125,40.3486596,winter,clear,1,2,0.8660254037844386,0.5000000000000001
410,2012-02-14,1,1,2,0,2,1,2,0.319167,0.333946,0.50875,0.141179,135,3787,3922,7.000848999999999,6.040436,50.875,34.0523748,winter,mist_cloudy,2,2,0.8660254037844386,0.5000000000000001
411,2012-02-15,1,1,2,0,3,1,1,0.348333,0.351629,0.53125,0.1816,141,4028,4169,8.371651,7.207514000000003,53.125,43.80192,winter,clear,3,2,0.8660254037844386,0.5000000000000001
412,2012-02-16,1,1,2,0,4,1,2,0.316667,0.330162,0.752917,0.091425,74,2931,3005,6.883348999999999,5.790692,75.29169999999999,22.051710000000003,winter,mist_cloudy,4,2,0.8660254037844386,0.5000000000000001
413,2012-02-17,1,1,2,0,5,1,1,0.343333,0.351629,0.634583,0.205846,349,3805,4154,8.136651,7.207514000000003,63.4583,49.6500552,winter,clear,5,2,0.8660254037844386,0.5000000000000001
414,2012-02-18,1,1,2,0,6,0,1,0.346667,0.355425,0.534583,0.190929,1435,2883,4318,8.293349,7.45805,53.4583,46.0520748,winter,clear,6,2,0.8660254037844386,0.5000000000000001
415,2012-02-19,1,1,2,0,0,0,2,0.28,0.265788,0.515833,0.253112,618,2071,2689,5.160000000000002,1.5420080000000027,51.5833,61.05061440000001,winter,mist_cloudy,0,2,0.8660254037844386,0.5000000000000001
416,2012-02-20,1,1,2,1,1,0,1,0.28,0.273391,0.507826,0.229083,502,2627,3129,5.160000000000002,2.043806,50.7826,55.254819600000005,winter,clear,1,2,0.8660254037844386,0.5000000000000001
417,2012-02-21,1,1,2,0,2,1,1,0.287826,0.295113,0.594348,0.205717,163,3614,3777,5.5278220000000005,3.477458000000002,59.434799999999996,49.6189404,winter,clear,2,2,0.8660254037844386,0.5000000000000001
418,2012-02-22,1,1,2,0,3,1,1,0.395833,0.392667,0.567917,0.234471,394,4379,4773,10.604150999999998,9.916021999999998,56.7917,56.554405200000005,winter,clear,3,2,0.8660254037844386,0.5000000000000001
419,2012-02-23,1,1,2,0,4,1,1,0.454167,0.444446,0.554583,0.190913,516,4546,5062,13.345849000000001,13.333435999999999,55.45830000000001,46.0482156,winter,clear,4,2,0.8660254037844386,0.5000000000000001
420,2012-02-24,1,1,2,0,5,1,2,0.4075,0.410971,0.7375,0.237567,246,3241,3487,11.1525,11.124085999999998,73.75,57.3011604,winter,mist_cloudy,5,2,0.8660254037844386,0.5000000000000001
421,2012-02-25,1,1,2,0,6,0,1,0.290833,0.255675,0.395833,0.421642,317,2415,2732,5.669151000000001,0.8745499999999993,39.5833,101.70005040000001,winter,clear,6,2,0.8660254037844386,0.5000000000000001
422,2012-02-26,1,1,2,0,0,0,1,0.279167,0.268308,0.41,0.205229,515,2874,3389,5.120849,1.708327999999998,41.0,49.5012348,winter,clear,0,2,0.8660254037844386,0.5000000000000001
423,2012-02-27,1,1,2,0,1,1,1,0.366667,0.357954,0.490833,0.268033,253,4069,4322,9.233349,7.6249639999999985,49.0833,64.6495596,winter,clear,1,2,0.8660254037844386,0.5000000000000001
424,2012-02-28,1,1,2,0,2,1,1,0.359167,0.353525,0.395833,0.193417,229,4134,4363,8.880849000000001,7.3326499999999974,39.5833,46.652180400000006,winter,clear,2,2,0.8660254037844386,0.5000000000000001
425,2012-02-29,1,1,2,0,3,1,2,0.344348,0.34847,0.804783,0.179117,65,1769,1834,8.184356000000001,6.999020000000002,80.4783,43.2030204,winter,mist_cloudy,3,2,0.8660254037844386,0.5000000000000001
426,2012-03-01,1,1,3,0,4,1,1,0.485833,0.475371,0.615417,0.226987,325,4665,4990,14.834151000000002,15.374485999999997,61.5417,54.7492644,winter,clear,4,3,1.0,6.123233995736766e-17
427,2012-03-02,1,1,3,0,5,1,2,0.353333,0.359842,0.657083,0.144904,246,2948,3194,8.606651,7.749572000000001,65.7083,34.9508448,winter,mist_cloudy,5,3,1.0,6.123233995736766e-17
428,2012-03-03,1,1,3,0,6,0,2,0.414167,0.413492,0.62125,0.161079,956,3110,4066,11.465848999999999,11.290472000000001,62.125,38.852254800000004,winter,mist_cloudy,6,3,1.0,6.123233995736766e-17
429,2012-03-04,1,1,3,0,0,0,1,0.325833,0.303021,0.403333,0.334571,710,2713,3423,7.314150999999999,3.9993859999999977,40.3333,80.6985252,winter,clear,0,3,1.0,6.123233995736766e-17
430,2012-03-05,1,1,3,0,1,1,1,0.243333,0.241171,0.50625,0.228858,203,3130,3333,3.4366509999999995,-0.08271400000000106,50.625,55.2005496,winter,clear,1,3,1.0,6.123233995736766e-17
431,2012-03-06,1,1,3,0,2,1,1,0.258333,0.255042,0.456667,0.200875,221,3735,3956,4.1416509999999995,0.8327719999999985,45.6667,48.45105,winter,clear,2,3,1.0,6.123233995736766e-17
432,2012-03-07,1,1,3,0,3,1,1,0.404167,0.3851,0.513333,0.345779,432,4484,4916,10.995849,9.416599999999999,51.3333,83.40189480000001,winter,clear,3,3,1.0,6.123233995736766e-17
433,2012-03-08,1,1,3,0,4,1,1,0.5275,0.524604,0.5675,0.441563,486,4896,5382,16.792499999999997,18.623863999999998,56.75,106.5049956,winter,clear,4,3,1.0,6.123233995736766e-17
434,2012-03-09,1,1,3,0,5,1,2,0.410833,0.397083,0.407083,0.4148,447,4122,4569,11.309151,10.207478000000002,40.708299999999994,100.04975999999999,winter,mist_cloudy,5,3,1.0,6.123233995736766e-17
435,2012-03-10,1,1,3,0,6,0,1,0.2875,0.277767,0.350417,0.22575,968,3150,4118,5.512499999999999,2.3326220000000006,35.0417,54.450900000000004,winter,clear,6,3,1.0,6.123233995736766e-17
436,2012-03-11,1,1,3,0,0,0,1,0.361739,0.35967,0.476957,0.222587,1658,3253,4911,9.001732999999998,7.738219999999998,47.6957,53.687984400000005,winter,clear,0,3,1.0,6.123233995736766e-17
437,2012-03-12,1,1,3,0,1,1,1,0.466667,0.459592,0.489167,0.207713,838,4460,5298,13.933349,14.333072000000001,48.9167,50.10037560000001,winter,clear,1,3,1.0,6.123233995736766e-17
438,2012-03-13,1,1,3,0,2,1,1,0.565,0.542929,0.6175,0.23695,762,5085,5847,18.554999999999996,19.833314,61.75000000000001,57.15234,winter,clear,2,3,1.0,6.123233995736766e-17
439,2012-03-14,1,1,3,0,3,1,1,0.5725,0.548617,0.507083,0.115062,997,5315,6312,18.9075,20.208722,50.708299999999994,27.7529544,winter,clear,3,3,1.0,6.123233995736766e-17
440,2012-03-15,1,1,3,0,4,1,1,0.5575,0.532825,0.579583,0.149883,1005,5187,6192,18.2025,19.166449999999998,57.958299999999994,36.151779600000005,winter,clear,4,3,1.0,6.123233995736766e-17
441,2012-03-16,1,1,3,0,5,1,2,0.435833,0.436229,0.842083,0.113192,548,3830,4378,12.484151,12.791114,84.20830000000001,27.3019104,winter,mist_cloudy,5,3,1.0,6.123233995736766e-17
442,2012-03-17,1,1,3,0,6,0,2,0.514167,0.505046,0.755833,0.110704,3155,4681,7836,16.165849,17.333036,75.5833,26.7018048,winter,mist_cloudy,6,3,1.0,6.123233995736766e-17
443,2012-03-18,1,1,3,0,0,0,2,0.4725,0.464,0.81,0.126883,2207,3685,5892,14.2075,14.624000000000002,81.0,30.6041796,winter,mist_cloudy,0,3,1.0,6.123233995736766e-17
444,2012-03-19,1,1,3,0,1,1,1,0.545,0.532821,0.72875,0.162317,982,5171,6153,17.615000000000002,19.166185999999996,72.875,39.1508604,winter,clear,1,3,1.0,6.123233995736766e-17
445,2012-03-20,1,1,3,0,2,1,1,0.560833,0.538533,0.807917,0.121271,1051,5042,6093,18.359151,19.543178000000005,80.7917,29.2505652,winter,clear,2,3,1.0,6.123233995736766e-17
446,2012-03-21,2,1,3,0,3,1,2,0.531667,0.513258,0.82125,0.0895583,1122,5108,6230,16.988349,17.875028,82.125,21.601461959999998,spring,mist_cloudy,3,3,1.0,6.123233995736766e-17
447,2012-03-22,2,1,3,0,4,1,1,0.554167,0.531567,0.83125,0.117562,1334,5537,6871,18.045848999999997,19.083422,83.125,28.3559544,spring,clear,4,3,1.0,6.123233995736766e-17
448,2012-03-23,2,1,3,0,5,1,2,0.601667,0.570067,0.694167,0.1163,2469,5893,8362,20.278349,21.624422000000003,69.41669999999999,28.051560000000002,spring,mist_cloudy,5,3,1.0,6.123233995736766e-17
449,2012-03-24,2,1,3,0,6,0,2,0.5025,0.486733,0.885417,0.192783,1033,2339,3372,15.617499999999996,16.124378,88.5417,46.4992596,spring,mist_cloudy,6,3,1.0,6.123233995736766e-17
450,2012-03-25,2,1,3,0,0,0,2,0.4375,0.437488,0.880833,0.220775,1532,3464,4996,12.5625,12.874208,88.0833,53.25093,spring,mist_cloudy,0,3,1.0,6.123233995736766e-17
451,2012-03-26,2,1,3,0,1,1,1,0.445833,0.43875,0.477917,0.386821,795,4763,5558,12.954151,12.9575,47.7917,93.3012252,spring,clear,1,3,1.0,6.123233995736766e-17
452,2012-03-27,2,1,3,0,2,1,1,0.323333,0.315654,0.29,0.187192,531,4571,5102,7.196650999999999,4.833164,28.999999999999996,45.1507104,spring,clear,2,3,1.0,6.123233995736766e-17
453,2012-03-28,2,1,3,0,3,1,1,0.484167,0.47095,0.48125,0.291671,674,5024,5698,14.755849000000001,15.082699999999999,48.125,70.3510452,spring,clear,3,3,1.0,6.123233995736766e-17
454,2012-03-29,2,1,3,0,4,1,1,0.494167,0.482304,0.439167,0.31965,834,5299,6133,15.225849,15.832063999999999,43.9167,77.09958,spring,clear,4,3,1.0,6.123233995736766e-17
455,2012-03-30,2,1,3,0,5,1,2,0.37,0.375621,0.580833,0.138067,796,4663,5459,9.39,8.790986,58.0833,33.3017604,spring,mist_cloudy,5,3,1.0,6.123233995736766e-17
456,2012-03-31,2,1,3,0,6,0,2,0.424167,0.421708,0.738333,0.250617,2301,3934,6235,11.935849000000001,11.832728000000003,73.83330000000001,60.44882039999999,spring,mist_cloudy,6,3,1.0,6.123233995736766e-17
457,2012-04-01,2,1,4,0,0,0,2,0.425833,0.417287,0.67625,0.172267,2347,3694,6041,12.014151000000002,11.540942000000001,67.625,41.5508004,spring,mist_cloudy,0,4,0.8660254037844387,-0.49999999999999983
458,2012-04-02,2,1,4,0,1,1,1,0.433913,0.427513,0.504348,0.312139,1208,4728,5936,12.393911,12.215857999999997,50.4348,75.2879268,spring,clear,1,4,0.8660254037844387,-0.49999999999999983
459,2012-04-03,2,1,4,0,2,1,1,0.466667,0.461483,0.396667,0.100133,1348,5424,6772,13.933349,14.457877999999997,39.6667,24.1520796,spring,clear,2,4,0.8660254037844387,-0.49999999999999983
460,2012-04-04,2,1,4,0,3,1,1,0.541667,0.53345,0.469583,0.180975,1058,5378,6436,17.458349000000002,19.207699999999996,46.958299999999994,43.65117,spring,clear,3,4,0.8660254037844387,-0.49999999999999983
461,2012-04-05,2,1,4,0,4,1,1,0.435,0.431163,0.374167,0.219529,1192,5265,6457,12.445,12.456758,37.416700000000006,52.950394800000005,spring,clear,4,4,0.8660254037844387,-0.49999999999999983
462,2012-04-06,2,1,4,0,5,1,1,0.403333,0.390767,0.377083,0.300388,1807,4653,6460,10.956651,9.790621999999999,37.7083,72.45358560000001,spring,clear,5,4,0.8660254037844387,-0.49999999999999983
463,2012-04-07,2,1,4,0,6,0,1,0.4375,0.426129,0.254167,0.274871,3252,3605,6857,12.5625,12.124513999999998,25.4167,66.2988852,spring,clear,6,4,0.8660254037844387,-0.49999999999999983
464,2012-04-08,2,1,4,0,0,0,1,0.5,0.492425,0.275833,0.232596,2230,2939,5169,15.5,16.50005,27.5833,56.1021552,spring,clear,0,4,0.8660254037844387,-0.49999999999999983
465,2012-04-09,2,1,4,0,1,1,1,0.489167,0.476638,0.3175,0.358196,905,4680,5585,14.990849,15.458108,31.75,86.3968752,spring,clear,1,4,0.8660254037844387,-0.49999999999999983
466,2012-04-10,2,1,4,0,2,1,1,0.446667,0.436233,0.435,0.249375,819,5099,5918,12.993348999999998,12.791377999999998,43.5,60.14925000000001,spring,clear,2,4,0.8660254037844387,-0.49999999999999983
467,2012-04-11,2,1,4,0,3,1,1,0.348696,0.337274,0.469565,0.295274,482,4380,4862,8.388712000000002,6.260084000000003,46.9565,71.2200888,spring,clear,3,4,0.8660254037844387,-0.49999999999999983
468,2012-04-12,2,1,4,0,4,1,1,0.3975,0.387604,0.46625,0.290429,663,4746,5409,10.682500000000001,9.581864,46.625,70.0514748,spring,clear,4,4,0.8660254037844387,-0.49999999999999983
469,2012-04-13,2,1,4,0,5,1,1,0.4425,0.431808,0.408333,0.155471,1252,5146,6398,12.7975,12.499328000000002,40.8333,37.4996052,spring,clear,5,4,0.8660254037844387,-0.49999999999999983
470,2012-04-14,2,1,4,0,6,0,1,0.495,0.487996,0.502917,0.190917,2795,4665,7460,15.265,16.207735999999997,50.29169999999999,46.049180400000004,spring,clear,6,4,0.8660254037844387,-0.49999999999999983
471,2012-04-15,2,1,4,0,0,0,1,0.606667,0.573875,0.507917,0.225129,2846,4286,7132,20.513348999999998,21.875750000000004,50.79169999999999,54.3011148,spring,clear,0,4,0.8660254037844387,-0.49999999999999983
472,2012-04-16,2,1,4,1,1,0,1,0.664167,0.614925,0.561667,0.284829,1198,5172,6370,23.215849,24.585050000000003,56.166700000000006,68.7007548,spring,clear,1,4,0.8660254037844387,-0.49999999999999983
473,2012-04-17,2,1,4,0,2,1,1,0.608333,0.598487,0.390417,0.273629,989,5702,6691,20.591651,23.500141999999997,39.0417,65.99931480000001,spring,clear,2,4,0.8660254037844387,-0.49999999999999983
474,2012-04-18,2,1,4,0,3,1,2,0.463333,0.457038,0.569167,0.167912,347,4020,4367,13.776651000000001,14.164508000000001,56.9167,40.500374400000005,spring,mist_cloudy,3,4,0.8660254037844387,-0.49999999999999983
475,2012-04-19,2,1,4,0,4,1,1,0.498333,0.493046,0.6125,0.0659292,846,5719,6565,15.421651,16.541036,61.25000000000001,15.902123039999998,spring,clear,4,4,0.8660254037844387,-0.49999999999999983
476,2012-04-20,2,1,4,0,5,1,1,0.526667,0.515775,0.694583,0.149871,1340,5950,7290,16.753349,18.041150000000002,69.4583,36.1488852,spring,clear,5,4,0.8660254037844387,-0.49999999999999983
477,2012-04-21,2,1,4,0,6,0,1,0.57,0.542921,0.682917,0.283587,2541,4083,6624,18.79,19.832786,68.2917,68.40118439999999,spring,clear,6,4,0.8660254037844387,-0.49999999999999983
478,2012-04-22,2,1,4,0,0,0,3,0.396667,0.389504,0.835417,0.344546,120,907,1027,10.643349,9.707264000000002,83.54169999999999,83.1044952,spring,light_snow_rain,0,4,0.8660254037844387,-0.49999999999999983
479,2012-04-23,2,1,4,0,1,1,2,0.321667,0.301125,0.766667,0.303496,195,3019,3214,7.1183489999999985,3.87425,76.66669999999999,73.20323520000001,spring,mist_cloudy,1,4,0.8660254037844387,-0.49999999999999983
480,2012-04-24,2,1,4,0,2,1,1,0.413333,0.405283,0.454167,0.249383,518,5115,5633,11.426651,10.748678000000002,45.4167,60.1511796,spring,clear,2,4,0.8660254037844387,-0.49999999999999983
481,2012-04-25,2,1,4,0,3,1,1,0.476667,0.470317,0.427917,0.118792,655,5541,6196,14.403348999999999,15.040921999999998,42.7917,28.6526304,spring,clear,3,4,0.8660254037844387,-0.49999999999999983
482,2012-04-26,2,1,4,0,4,1,2,0.498333,0.483583,0.756667,0.176625,475,4551,5026,15.421651,15.916477999999998,75.66669999999999,42.60195,spring,mist_cloudy,4,4,0.8660254037844387,-0.49999999999999983
483,2012-04-27,2,1,4,0,5,1,1,0.4575,0.452637,0.400833,0.347633,1014,5219,6233,13.502500000000001,13.874042,40.0833,83.8490796,spring,clear,5,4,0.8660254037844387,-0.49999999999999983
484,2012-04-28,2,1,4,0,6,0,2,0.376667,0.377504,0.489583,0.129975,1120,3100,4220,9.703349,8.915264,48.9583,31.349970000000003,spring,mist_cloudy,6,4,0.8660254037844387,-0.49999999999999983
485,2012-04-29,2,1,4,0,0,0,1,0.458333,0.450121,0.587083,0.116908,2229,4075,6304,13.541650999999998,13.707985999999998,58.7083,28.1982096,spring,clear,0,4,0.8660254037844387,-0.49999999999999983
486,2012-04-30,2,1,4,0,1,1,2,0.464167,0.457696,0.57,0.171638,665,4907,5572,13.815849,14.207936,56.99999999999999,41.3990856,spring,mist_cloudy,1,4,0.8660254037844387,-0.49999999999999983
487,2012-05-01,2,1,5,0,2,1,2,0.613333,0.577021,0.659583,0.156096,653,5087,5740,20.826651000000002,22.083385999999997,65.95830000000001,37.6503552,spring,mist_cloudy,2,5,0.49999999999999994,-0.8660254037844387
488,2012-05-02,2,1,5,0,3,1,1,0.564167,0.537896,0.797083,0.138058,667,5502,6169,18.515849,19.501136000000002,79.7083,33.2995896,spring,clear,3,5,0.49999999999999994,-0.8660254037844387
489,2012-05-03,2,1,5,0,4,1,2,0.56,0.537242,0.768333,0.133696,764,5657,6421,18.320000000000004,19.457971999999998,76.83330000000001,32.247475200000004,spring,mist_cloudy,4,5,0.49999999999999994,-0.8660254037844387
490,2012-05-04,2,1,5,0,5,1,1,0.6275,0.590917,0.735417,0.162938,1069,5227,6296,21.492499999999996,23.000522000000004,73.54169999999999,39.3006456,spring,clear,5,5,0.49999999999999994,-0.8660254037844387
491,2012-05-05,2,1,5,0,6,0,2,0.621667,0.584608,0.756667,0.152992,2496,4387,6883,21.218349,22.584128,75.66669999999999,36.9016704,spring,mist_cloudy,6,5,0.49999999999999994,-0.8660254037844387
492,2012-05-06,2,1,5,0,0,0,2,0.5625,0.546737,0.74,0.149879,2135,4224,6359,18.4375,20.084642000000002,74.0,36.1508148,spring,mist_cloudy,0,5,0.49999999999999994,-0.8660254037844387
493,2012-05-07,2,1,5,0,1,1,2,0.5375,0.527142,0.664167,0.230721,1008,5265,6273,17.2625,18.791372000000003,66.41669999999999,55.649905200000006,spring,mist_cloudy,1,5,0.49999999999999994,-0.8660254037844387
494,2012-05-08,2,1,5,0,2,1,2,0.581667,0.557471,0.685833,0.296029,738,4990,5728,19.338349,20.793086000000002,68.58330000000001,71.40219479999999,spring,mist_cloudy,2,5,0.49999999999999994,-0.8660254037844387
495,2012-05-09,2,1,5,0,3,1,2,0.575,0.553025,0.744167,0.216412,620,4097,4717,19.025,20.499650000000003,74.4167,52.1985744,spring,mist_cloudy,3,5,0.49999999999999994,-0.8660254037844387
496,2012-05-10,2,1,5,0,4,1,1,0.505833,0.491783,0.552083,0.314063,1026,5546,6572,15.774151,16.457678,55.2083,75.7519956,spring,clear,4,5,0.49999999999999994,-0.8660254037844387
497,2012-05-11,2,1,5,0,5,1,1,0.533333,0.520833,0.360417,0.236937,1319,5711,7030,17.066650999999997,18.374978,36.0417,57.1492044,spring,clear,5,5,0.49999999999999994,-0.8660254037844387
498,2012-05-12,2,1,5,0,6,0,1,0.564167,0.544817,0.480417,0.123133,2622,4807,7429,18.515849,19.957921999999996,48.0417,29.699679600000003,spring,clear,6,5,0.49999999999999994,-0.8660254037844387
499,2012-05-13,2,1,5,0,0,0,1,0.6125,0.585238,0.57625,0.225117,2172,3946,6118,20.7875,22.625708000000003,57.62500000000001,54.2982204,spring,clear,0,5,0.49999999999999994,-0.8660254037844387
500,2012-05-14,2,1,5,0,1,1,2,0.573333,0.5499,0.789583,0.212692,342,2501,2843,18.946651,20.293400000000005,78.95830000000001,51.3013104,spring,mist_cloudy,1,5,0.49999999999999994,-0.8660254037844387
501,2012-05-15,2,1,5,0,2,1,2,0.611667,0.576404,0.794583,0.147392,625,4490,5115,20.748348999999997,22.042664000000002,79.45830000000001,35.5509504,spring,mist_cloudy,2,5,0.49999999999999994,-0.8660254037844387
502,2012-05-16,2,1,5,0,3,1,1,0.636667,0.595975,0.697917,0.122512,991,6433,7424,21.923348999999998,23.33435,69.7917,29.5498944,spring,clear,3,5,0.49999999999999994,-0.8660254037844387
503,2012-05-17,2,1,5,0,4,1,1,0.593333,0.572613,0.52,0.229475,1242,6142,7384,19.886651,21.792458000000003,52.0,55.34937000000001,spring,clear,4,5,0.49999999999999994,-0.8660254037844387
504,2012-05-18,2,1,5,0,5,1,1,0.564167,0.551121,0.523333,0.136817,1521,6118,7639,18.515849,20.373985999999995,52.33330000000001,33.0002604,spring,clear,5,5,0.49999999999999994,-0.8660254037844387
505,2012-05-19,2,1,5,0,6,0,1,0.6,0.566908,0.45625,0.083975,3410,4884,8294,20.2,21.415928,45.625,20.25477,spring,clear,6,5,0.49999999999999994,-0.8660254037844387
506,2012-05-20,2,1,5,0,0,0,1,0.620833,0.583967,0.530417,0.254367,2704,4425,7129,21.179150999999997,22.541822000000003,53.041700000000006,61.3533204,spring,clear,0,5,0.49999999999999994,-0.8660254037844387
507,2012-05-21,2,1,5,0,1,1,2,0.598333,0.565667,0.81125,0.233204,630,3729,4359,20.121651,21.334022000000004,81.125,56.2488048,spring,mist_cloudy,1,5,0.49999999999999994,-0.8660254037844387
508,2012-05-22,2,1,5,0,2,1,2,0.615,0.580825,0.765833,0.118167,819,5254,6073,20.905,22.334450000000004,76.5833,28.501880399999997,spring,mist_cloudy,2,5,0.49999999999999994,-0.8660254037844387
509,2012-05-23,2,1,5,0,3,1,2,0.621667,0.584612,0.774583,0.102,766,4494,5260,21.218349,22.584392,77.45830000000001,24.6024,spring,mist_cloudy,3,5,0.49999999999999994,-0.8660254037844387
510,2012-05-24,2,1,5,0,4,1,1,0.655,0.6067,0.716667,0.172896,1059,5711,6770,22.785,24.0422,71.6667,41.70251519999999,spring,clear,4,5,0.49999999999999994,-0.8660254037844387
511,2012-05-25,2,1,5,0,5,1,1,0.68,0.627529,0.747083,0.14055,1417,5317,6734,23.96,25.416914,74.70830000000001,33.90066,spring,clear,5,5,0.49999999999999994,-0.8660254037844387
512,2012-05-26,2,1,5,0,6,0,1,0.6925,0.642696,0.7325,0.198992,2855,3681,6536,24.5475,26.417936000000005,73.25,47.9968704,spring,clear,6,5,0.49999999999999994,-0.8660254037844387
513,2012-05-27,2,1,5,0,0,0,1,0.69,0.641425,0.697083,0.215171,3283,3308,6591,24.43,26.334050000000005,69.7083,51.899245199999996,spring,clear,0,5,0.49999999999999994,-0.8660254037844387
514,2012-05-28,2,1,5,1,1,0,1,0.7125,0.6793,0.67625,0.196521,2557,3486,6043,25.487500000000004,28.833800000000004,67.625,47.4008652,spring,clear,1,5,0.49999999999999994,-0.8660254037844387
515,2012-05-29,2,1,5,0,2,1,1,0.7225,0.672992,0.684583,0.2954,880,4863,5743,25.957500000000003,28.417472000000004,68.45830000000001,71.25048,spring,clear,2,5,0.49999999999999994,-0.8660254037844387
516,2012-05-30,2,1,5,0,3,1,2,0.656667,0.611129,0.67,0.134329,745,6110,6855,22.863349,24.334514,67.0,32.4001548,spring,mist_cloudy,3,5,0.49999999999999994,-0.8660254037844387
517,2012-05-31,2,1,5,0,4,1,1,0.68,0.631329,0.492917,0.195279,1100,6238,7338,23.96,25.667714000000004,49.2917,47.101294800000005,spring,clear,4,5,0.49999999999999994,-0.8660254037844387
518,2012-06-01,2,1,6,0,5,1,2,0.654167,0.607962,0.755417,0.237563,533,3594,4127,22.745849000000003,24.125492,75.5417,57.300195599999995,spring,mist_cloudy,5,6,1.2246467991473532e-16,-1.0
519,2012-06-02,2,1,6,0,6,0,1,0.583333,0.566288,0.549167,0.186562,2795,5325,8120,19.416650999999998,21.375008,54.9167,44.9987544,spring,clear,6,6,1.2246467991473532e-16,-1.0
520,2012-06-03,2,1,6,0,0,0,1,0.6025,0.575133,0.493333,0.184087,2494,5147,7641,20.317500000000003,21.958778000000002,49.3333,44.4017844,spring,clear,0,6,1.2246467991473532e-16,-1.0
521,2012-06-04,2,1,6,0,1,1,1,0.5975,0.578283,0.487083,0.284833,1071,5927,6998,20.082500000000003,22.166677999999997,48.7083,68.7017196,spring,clear,1,6,1.2246467991473532e-16,-1.0
522,2012-06-05,2,1,6,0,2,1,2,0.540833,0.525892,0.613333,0.209575,968,6033,7001,17.419151,18.708872,61.3333,50.54949,spring,mist_cloudy,2,6,1.2246467991473532e-16,-1.0
523,2012-06-06,2,1,6,0,3,1,1,0.554167,0.542292,0.61125,0.077125,1027,6028,7055,18.045848999999997,19.791272,61.12499999999999,18.60255,spring,clear,3,6,1.2246467991473532e-16,-1.0
524,2012-06-07,2,1,6,0,4,1,1,0.6025,0.569442,0.567083,0.15735,1038,6456,7494,20.317500000000003,21.583171999999998,56.7083,37.952819999999996,spring,clear,4,6,1.2246467991473532e-16,-1.0
525,2012-06-08,2,1,6,0,5,1,1,0.649167,0.597862,0.467917,0.175383,1488,6248,7736,22.510849000000004,23.458892,46.791700000000006,42.3023796,spring,clear,5,6,1.2246467991473532e-16,-1.0
526,2012-06-09,2,1,6,0,6,0,1,0.710833,0.648367,0.437083,0.144287,2708,4790,7498,25.409151,26.792222000000002,43.7083,34.8020244,spring,clear,6,6,1.2246467991473532e-16,-1.0
527,2012-06-10,2,1,6,0,0,0,1,0.726667,0.663517,0.538333,0.133721,2224,4374,6598,26.153349,27.792122,53.833299999999994,32.253505200000006,spring,clear,0,6,1.2246467991473532e-16,-1.0
528,2012-06-11,2,1,6,0,1,1,2,0.720833,0.659721,0.587917,0.207713,1017,5647,6664,25.879151,27.541586000000002,58.791700000000006,50.10037560000001,spring,mist_cloudy,1,6,1.2246467991473532e-16,-1.0
529,2012-06-12,2,1,6,0,2,1,2,0.653333,0.597875,0.833333,0.214546,477,4495,4972,22.706651,23.45975,83.3333,51.748495199999994,spring,mist_cloudy,2,6,1.2246467991473532e-16,-1.0
530,2012-06-13,2,1,6,0,3,1,1,0.655833,0.611117,0.582083,0.343279,1173,6248,7421,22.824151,24.333722,58.2083,82.7988948,spring,clear,3,6,1.2246467991473532e-16,-1.0
531,2012-06-14,2,1,6,0,4,1,1,0.648333,0.624383,0.569583,0.253733,1180,6183,7363,22.471651,25.209278000000005,56.958299999999994,61.200399600000004,spring,clear,4,6,1.2246467991473532e-16,-1.0
532,2012-06-15,2,1,6,0,5,1,1,0.639167,0.599754,0.589583,0.176617,1563,6102,7665,22.040849,23.583764000000002,58.958299999999994,42.600020400000005,spring,clear,5,6,1.2246467991473532e-16,-1.0
533,2012-06-16,2,1,6,0,6,0,1,0.631667,0.594708,0.504167,0.166667,2963,4739,7702,21.688349,23.250728000000002,50.416700000000006,40.2000804,spring,clear,6,6,1.2246467991473532e-16,-1.0
534,2012-06-17,2,1,6,0,0,0,1,0.5925,0.571975,0.59875,0.144904,2634,4344,6978,19.8475,21.750349999999997,59.875,34.9508448,spring,clear,0,6,1.2246467991473532e-16,-1.0
535,2012-06-18,2,1,6,0,1,1,2,0.568333,0.544842,0.777917,0.174746,653,4446,5099,18.711651,19.959572,77.79169999999999,42.148735200000004,spring,mist_cloudy,1,6,1.2246467991473532e-16,-1.0
536,2012-06-19,2,1,6,0,2,1,1,0.688333,0.654692,0.69,0.148017,968,5857,6825,24.351650999999997,27.209672000000005,69.0,35.7017004,spring,clear,2,6,1.2246467991473532e-16,-1.0
537,2012-06-20,2,1,6,0,3,1,1,0.7825,0.720975,0.592083,0.113812,872,5339,6211,28.777499999999996,31.58435,59.2083,27.4514544,spring,clear,3,6,1.2246467991473532e-16,-1.0
538,2012-06-21,3,1,6,0,4,1,1,0.805833,0.752542,0.567917,0.118787,778,5127,5905,29.874150999999998,33.667772,56.7917,28.6514244,summer,clear,4,6,1.2246467991473532e-16,-1.0
539,2012-06-22,3,1,6,0,5,1,1,0.7775,0.724121,0.57375,0.182842,964,4859,5823,28.542499999999997,31.791986,57.375,44.1014904,summer,clear,5,6,1.2246467991473532e-16,-1.0
540,2012-06-23,3,1,6,0,6,0,1,0.731667,0.652792,0.534583,0.179721,2657,4801,7458,26.388348999999998,27.084272000000006,53.4583,43.3487052,summer,clear,6,6,1.2246467991473532e-16,-1.0
541,2012-06-24,3,1,6,0,0,0,1,0.743333,0.674254,0.479167,0.145525,2551,4340,6891,26.936650999999998,28.500764000000004,47.9167,35.100629999999995,summer,clear,0,6,1.2246467991473532e-16,-1.0
542,2012-06-25,3,1,6,0,1,1,1,0.715833,0.654042,0.504167,0.300383,1139,5640,6779,25.644151,27.166772,50.416700000000006,72.4523796,summer,clear,1,6,1.2246467991473532e-16,-1.0
543,2012-06-26,3,1,6,0,2,1,1,0.630833,0.594704,0.373333,0.347642,1077,6365,7442,21.649151,23.250464,37.3333,83.85125040000001,summer,clear,2,6,1.2246467991473532e-16,-1.0
544,2012-06-27,3,1,6,0,3,1,1,0.6975,0.640792,0.36,0.271775,1077,6258,7335,24.7825,26.292272000000004,36.0,65.55213,summer,clear,3,6,1.2246467991473532e-16,-1.0
545,2012-06-28,3,1,6,0,4,1,1,0.749167,0.675512,0.4225,0.17165,921,5958,6879,27.210849000000003,28.583792000000003,42.25,41.40198,summer,clear,4,6,1.2246467991473532e-16,-1.0
546,2012-06-29,3,1,6,0,5,1,1,0.834167,0.786613,0.48875,0.165417,829,4634,5463,31.205849,35.916458,48.875,39.89858040000001,summer,clear,5,6,1.2246467991473532e-16,-1.0
547,2012-06-30,3,1,6,0,6,0,1,0.765,0.687508,0.60125,0.161071,1455,4232,5687,27.955,29.375528000000003,60.12499999999999,38.85032519999999,summer,clear,6,6,1.2246467991473532e-16,-1.0
548,2012-07-01,3,1,7,0,0,0,1,0.815833,0.750629,0.51875,0.168529,1421,4110,5531,30.344151000000004,33.541514,51.87500000000001,40.649194800000004,summer,clear,0,7,-0.5000000000000001,-0.8660254037844386
549,2012-07-02,3,1,7,0,1,1,1,0.781667,0.702038,0.447083,0.195267,904,5323,6227,28.738349,30.334508000000007,44.7083,47.0984004,summer,clear,1,7,-0.5000000000000001,-0.8660254037844386
550,2012-07-03,3,1,7,0,2,1,1,0.780833,0.70265,0.492083,0.126237,1052,5608,6660,28.699151,30.374899999999997,49.2083,30.448364399999996,summer,clear,2,7,-0.5000000000000001,-0.8660254037844386
551,2012-07-04,3,1,7,1,3,0,1,0.789167,0.732337,0.53875,0.13495,2562,4841,7403,29.090849,32.334242,53.87499999999999,32.54994,summer,clear,3,7,-0.5000000000000001,-0.8660254037844386
552,2012-07-05,3,1,7,0,4,1,1,0.8275,0.761367,0.457917,0.194029,1405,4836,6241,30.8925,34.250222,45.7917,46.7997948,summer,clear,4,7,-0.5000000000000001,-0.8660254037844386
553,2012-07-06,3,1,7,0,5,1,1,0.828333,0.752533,0.450833,0.146142,1366,4841,6207,30.931651000000002,33.667178,45.0833,35.2494504,summer,clear,5,7,-0.5000000000000001,-0.8660254037844386
554,2012-07-07,3,1,7,0,6,0,1,0.861667,0.804913,0.492083,0.163554,1448,3392,4840,32.498349,37.124258,49.2083,39.4492248,summer,clear,6,7,-0.5000000000000001,-0.8660254037844386
555,2012-07-08,3,1,7,0,0,0,1,0.8225,0.790396,0.57375,0.125629,1203,3469,4672,30.6575,36.166136,57.375,30.3017148,summer,clear,0,7,-0.5000000000000001,-0.8660254037844386
556,2012-07-09,3,1,7,0,1,1,2,0.710833,0.654054,0.683333,0.180975,998,5571,6569,25.409151,27.167564,68.3333,43.65117,summer,mist_cloudy,1,7,-0.5000000000000001,-0.8660254037844386
557,2012-07-10,3,1,7,0,2,1,2,0.720833,0.664796,0.6675,0.151737,954,5336,6290,25.879151,27.876536,66.75,36.59896440000001,summer,mist_cloudy,2,7,-0.5000000000000001,-0.8660254037844386
558,2012-07-11,3,1,7,0,3,1,1,0.716667,0.650271,0.633333,0.151733,975,6289,7264,25.683349,26.917886000000003,63.3333,36.5979996,summer,clear,3,7,-0.5000000000000001,-0.8660254037844386
559,2012-07-12,3,1,7,0,4,1,1,0.715833,0.654683,0.529583,0.146775,1032,6414,7446,25.644151,27.209077999999998,52.9583,35.40213,summer,clear,4,7,-0.5000000000000001,-0.8660254037844386
560,2012-07-13,3,1,7,0,5,1,2,0.731667,0.667933,0.485833,0.08085,1511,5988,7499,26.388348999999998,28.083578000000003,48.5833,19.50102,summer,mist_cloudy,5,7,-0.5000000000000001,-0.8660254037844386
561,2012-07-14,3,1,7,0,6,0,2,0.703333,0.666042,0.699167,0.143679,2355,4614,6969,25.056651000000002,27.958772000000003,69.91669999999999,34.655374800000004,summer,mist_cloudy,6,7,-0.5000000000000001,-0.8660254037844386
562,2012-07-15,3,1,7,0,0,0,1,0.745833,0.705196,0.717917,0.166667,1920,4111,6031,27.054150999999997,30.542936000000005,71.7917,40.2000804,summer,clear,0,7,-0.5000000000000001,-0.8660254037844386
563,2012-07-16,3,1,7,0,1,1,1,0.763333,0.724125,0.645,0.164187,1088,5742,6830,27.876651000000003,31.792250000000003,64.5,39.6019044,summer,clear,1,7,-0.5000000000000001,-0.8660254037844386
564,2012-07-17,3,1,7,0,2,1,1,0.818333,0.755683,0.505833,0.114429,921,5865,6786,30.461650999999996,33.875078,50.583299999999994,27.6002748,summer,clear,2,7,-0.5000000000000001,-0.8660254037844386
565,2012-07-18,3,1,7,0,3,1,1,0.793333,0.745583,0.577083,0.137442,799,4914,5713,29.286651,33.208478,57.7083,33.151010400000004,summer,clear,3,7,-0.5000000000000001,-0.8660254037844386
566,2012-07-19,3,1,7,0,4,1,1,0.77,0.714642,0.600417,0.165429,888,5703,6591,28.189999999999998,31.166372000000003,60.0417,39.9014748,summer,clear,4,7,-0.5000000000000001,-0.8660254037844386
567,2012-07-20,3,1,7,0,5,1,2,0.665833,0.613025,0.844167,0.208967,747,5123,5870,23.294151,24.459650000000003,84.4167,50.4028404,summer,mist_cloudy,5,7,-0.5000000000000001,-0.8660254037844386
568,2012-07-21,3,1,7,0,6,0,3,0.595833,0.549912,0.865417,0.2133,1264,3195,4459,20.004150999999997,20.294191999999995,86.5417,51.44796,summer,light_snow_rain,6,7,-0.5000000000000001,-0.8660254037844386
569,2012-07-22,3,1,7,0,0,0,2,0.6675,0.623125,0.7625,0.0939208,2544,4866,7410,23.3725,25.126250000000006,76.25,22.65369696,summer,mist_cloudy,0,7,-0.5000000000000001,-0.8660254037844386
570,2012-07-23,3,1,7,0,1,1,1,0.741667,0.690017,0.694167,0.138683,1135,5831,6966,26.858348999999997,29.541122,69.41669999999999,33.4503396,summer,clear,1,7,-0.5000000000000001,-0.8660254037844386
571,2012-07-24,3,1,7,0,2,1,1,0.750833,0.70645,0.655,0.211454,1140,6452,7592,27.289150999999997,30.625700000000002,65.5,51.0027048,summer,clear,2,7,-0.5000000000000001,-0.8660254037844386
572,2012-07-25,3,1,7,0,3,1,1,0.724167,0.654054,0.45,0.1648,1383,6790,8173,26.035849,27.167564,45.0,39.74976,summer,clear,3,7,-0.5000000000000001,-0.8660254037844386
573,2012-07-26,3,1,7,0,4,1,1,0.776667,0.739263,0.596667,0.284813,1036,5825,6861,28.503349,32.791358,59.66669999999999,68.69689559999999,summer,clear,4,7,-0.5000000000000001,-0.8660254037844386
574,2012-07-27,3,1,7,0,5,1,1,0.781667,0.734217,0.594583,0.152992,1259,5645,6904,28.738349,32.458322,59.458299999999994,36.9016704,summer,clear,5,7,-0.5000000000000001,-0.8660254037844386
575,2012-07-28,3,1,7,0,6,0,1,0.755833,0.697604,0.613333,0.15735,2234,4451,6685,27.524150999999996,30.041863999999997,61.3333,37.952819999999996,summer,clear,6,7,-0.5000000000000001,-0.8660254037844386
576,2012-07-29,3,1,7,0,0,0,1,0.721667,0.667933,0.62375,0.170396,2153,4444,6597,25.918349,28.083578000000003,62.375,41.0995152,summer,clear,0,7,-0.5000000000000001,-0.8660254037844386
577,2012-07-30,3,1,7,0,1,1,1,0.730833,0.684987,0.66875,0.153617,1040,6065,7105,26.349151,29.209142,66.875,37.0524204,summer,clear,1,7,-0.5000000000000001,-0.8660254037844386
578,2012-07-31,3,1,7,0,2,1,1,0.713333,0.662896,0.704167,0.165425,968,6248,7216,25.526651,27.751136000000002,70.41669999999999,39.900510000000004,summer,clear,2,7,-0.5000000000000001,-0.8660254037844386
579,2012-08-01,3,1,8,0,3,1,1,0.7175,0.667308,0.6775,0.141179,1074,6506,7580,25.722500000000004,28.042327999999998,67.75,34.0523748,summer,clear,3,8,-0.8660254037844384,-0.5000000000000004
580,2012-08-02,3,1,8,0,4,1,1,0.7525,0.707088,0.659583,0.129354,983,6278,7261,27.3675,30.667808,65.95830000000001,31.2001848,summer,clear,4,8,-0.8660254037844384,-0.5000000000000004
581,2012-08-03,3,1,8,0,5,1,2,0.765833,0.722867,0.6425,0.215792,1328,5847,7175,27.994151000000002,31.709222000000004,64.25,52.0490304,summer,mist_cloudy,5,8,-0.8660254037844384,-0.5000000000000004
582,2012-08-04,3,1,8,0,6,0,1,0.793333,0.751267,0.613333,0.257458,2345,4479,6824,29.286651,33.583622,61.3333,62.0988696,summer,clear,6,8,-0.8660254037844384,-0.5000000000000004
583,2012-08-05,3,1,8,0,0,0,1,0.769167,0.731079,0.6525,0.290421,1707,3757,5464,28.150849,32.251214000000004,65.25,70.0495452,summer,clear,0,8,-0.8660254037844384,-0.5000000000000004
584,2012-08-06,3,1,8,0,1,1,2,0.7525,0.710246,0.654167,0.129354,1233,5780,7013,27.3675,30.876236000000006,65.4167,31.2001848,summer,mist_cloudy,1,8,-0.8660254037844384,-0.5000000000000004
585,2012-08-07,3,1,8,0,2,1,2,0.735833,0.697621,0.70375,0.116908,1278,5995,7273,26.584151,30.042986000000006,70.375,28.1982096,summer,mist_cloudy,2,8,-0.8660254037844384,-0.5000000000000004
586,2012-08-08,3,1,8,0,3,1,2,0.75,0.707717,0.672917,0.1107,1263,6271,7534,27.25,30.709322,67.29169999999999,26.70084,summer,mist_cloudy,3,8,-0.8660254037844384,-0.5000000000000004
587,2012-08-09,3,1,8,0,4,1,1,0.755833,0.699508,0.620417,0.1561,1196,6090,7286,27.524150999999996,30.167528000000004,62.0417,37.65132,summer,clear,4,8,-0.8660254037844384,-0.5000000000000004
588,2012-08-10,3,1,8,0,5,1,2,0.715833,0.667942,0.715833,0.238813,1065,4721,5786,25.644151,28.084172000000002,71.58330000000001,57.601695600000006,summer,mist_cloudy,5,8,-0.8660254037844384,-0.5000000000000004
589,2012-08-11,3,1,8,0,6,0,2,0.6925,0.638267,0.732917,0.206479,2247,4052,6299,24.5475,26.125622,73.2917,49.802734799999996,summer,mist_cloudy,6,8,-0.8660254037844384,-0.5000000000000004
590,2012-08-12,3,1,8,0,0,0,1,0.700833,0.644579,0.530417,0.122512,2182,4362,6544,24.939151000000003,26.542214,53.041700000000006,29.5498944,summer,clear,0,8,-0.8660254037844384,-0.5000000000000004
591,2012-08-13,3,1,8,0,1,1,1,0.720833,0.662254,0.545417,0.136212,1207,5676,6883,25.879151,27.708764000000002,54.541700000000006,32.8543344,summer,clear,1,8,-0.8660254037844384,-0.5000000000000004
592,2012-08-14,3,1,8,0,2,1,1,0.726667,0.676779,0.686667,0.169158,1128,5656,6784,26.153349,28.667414,68.6667,40.800909600000004,summer,clear,2,8,-0.8660254037844384,-0.5000000000000004
593,2012-08-15,3,1,8,0,3,1,1,0.706667,0.654037,0.619583,0.169771,1198,6149,7347,25.213349,27.166441999999996,61.9583,40.948765200000004,summer,clear,3,8,-0.8660254037844384,-0.5000000000000004
594,2012-08-16,3,1,8,0,4,1,1,0.719167,0.654688,0.519167,0.141796,1338,6267,7605,25.800849,27.209408000000003,51.916700000000006,34.2011952,summer,clear,4,8,-0.8660254037844384,-0.5000000000000004
595,2012-08-17,3,1,8,0,5,1,1,0.723333,0.2424,0.570833,0.231354,1483,5665,7148,25.996651,-0.0015999999999998238,57.0833,55.802584800000005,summer,clear,5,8,-0.8660254037844384,-0.5000000000000004
596,2012-08-18,3,1,8,0,6,0,1,0.678333,0.618071,0.603333,0.177867,2827,5038,7865,23.881650999999998,24.792686000000003,60.3333,42.9015204,summer,clear,6,8,-0.8660254037844384,-0.5000000000000004
597,2012-08-19,3,1,8,0,0,0,2,0.635833,0.603554,0.711667,0.08645,1208,3341,4549,21.884151,23.834564,71.1667,20.851740000000003,summer,mist_cloudy,0,8,-0.8660254037844384,-0.5000000000000004
598,2012-08-20,3,1,8,0,1,1,2,0.635833,0.595967,0.734167,0.129979,1026,5504,6530,21.884151,23.333822000000005,73.4167,31.3509348,summer,mist_cloudy,1,8,-0.8660254037844384,-0.5000000000000004
599,2012-08-21,3,1,8,0,2,1,1,0.649167,0.601025,0.67375,0.0727708,1081,5925,7006,22.510849000000004,23.667650000000002,67.375,17.552316960000002,summer,clear,2,8,-0.8660254037844384,-0.5000000000000004
600,2012-08-22,3,1,8,0,3,1,1,0.6675,0.621854,0.677083,0.0702833,1094,6281,7375,23.3725,25.042364,67.7083,16.952331960000002,summer,clear,3,8,-0.8660254037844384,-0.5000000000000004
601,2012-08-23,3,1,8,0,4,1,1,0.695833,0.637008,0.635833,0.0845958,1363,6402,7765,24.704151000000003,26.042528000000004,63.5833,20.404506960000003,summer,clear,4,8,-0.8660254037844384,-0.5000000000000004
602,2012-08-24,3,1,8,0,5,1,2,0.7025,0.6471,0.615,0.0721458,1325,6257,7582,25.0175,26.708600000000004,61.5,17.40156696,summer,mist_cloudy,5,8,-0.8660254037844384,-0.5000000000000004
603,2012-08-25,3,1,8,0,6,0,2,0.661667,0.618696,0.712917,0.244408,1829,4224,6053,23.098349,24.833936,71.2917,58.951209600000006,summer,mist_cloudy,6,8,-0.8660254037844384,-0.5000000000000004
604,2012-08-26,3,1,8,0,0,0,2,0.653333,0.595996,0.845833,0.228858,1483,3772,5255,22.706651,23.335735999999997,84.5833,55.2005496,summer,mist_cloudy,0,8,-0.8660254037844384,-0.5000000000000004
605,2012-08-27,3,1,8,0,1,1,1,0.703333,0.654688,0.730417,0.128733,989,5928,6917,25.056651000000002,27.209408000000003,73.04169999999999,31.050399599999995,summer,clear,1,8,-0.8660254037844384,-0.5000000000000004
606,2012-08-28,3,1,8,0,2,1,1,0.728333,0.66605,0.62,0.190925,935,6105,7040,26.231651,27.9593,62.0,46.05111,summer,clear,2,8,-0.8660254037844384,-0.5000000000000004
607,2012-08-29,3,1,8,0,3,1,1,0.685,0.635733,0.552083,0.112562,1177,6520,7697,24.195,25.958377999999996,55.2083,27.1499544,summer,clear,3,8,-0.8660254037844384,-0.5000000000000004
608,2012-08-30,3,1,8,0,4,1,1,0.706667,0.652779,0.590417,0.0771167,1172,6541,7713,25.213349,27.083413999999998,59.0417,18.60054804,summer,clear,4,8,-0.8660254037844384,-0.5000000000000004
609,2012-08-31,3,1,8,0,5,1,1,0.764167,0.6894,0.5875,0.168533,1433,5917,7350,27.915849,29.5004,58.75,40.6501596,summer,clear,5,8,-0.8660254037844384,-0.5000000000000004
610,2012-09-01,3,1,9,0,6,0,2,0.753333,0.702654,0.638333,0.113187,2352,3788,6140,27.406651000000004,30.375163999999998,63.8333,27.300704399999997,summer,mist_cloudy,6,9,-1.0,-1.8369701987210297e-16
611,2012-09-02,3,1,9,0,0,0,2,0.696667,0.649,0.815,0.0640708,2613,3197,5810,24.743349000000002,26.834000000000003,81.5,15.453876959999999,summer,mist_cloudy,0,9,-1.0,-1.8369701987210297e-16
612,2012-09-03,3,1,9,1,1,0,1,0.7075,0.661629,0.790833,0.151121,1965,4069,6034,25.252499999999998,27.667514000000004,79.0833,36.4503852,summer,clear,1,9,-1.0,-1.8369701987210297e-16
613,2012-09-04,3,1,9,0,2,1,1,0.725833,0.686888,0.755,0.236321,867,5997,6864,26.114151,29.334608000000003,75.5,57.0006252,summer,clear,2,9,-1.0,-1.8369701987210297e-16
614,2012-09-05,3,1,9,0,3,1,1,0.736667,0.708983,0.74125,0.187808,832,6280,7112,26.623348999999997,30.792878,74.125,45.2992896,summer,clear,3,9,-1.0,-1.8369701987210297e-16
615,2012-09-06,3,1,9,0,4,1,2,0.696667,0.655329,0.810417,0.142421,611,5592,6203,24.743349000000002,27.251714000000007,81.0417,34.351945199999996,summer,mist_cloudy,4,9,-1.0,-1.8369701987210297e-16
616,2012-09-07,3,1,9,0,5,1,1,0.703333,0.657204,0.73625,0.171646,1045,6459,7504,25.056651000000002,27.375464,73.625,41.4010152,summer,clear,5,9,-1.0,-1.8369701987210297e-16
617,2012-09-08,3,1,9,0,6,0,2,0.659167,0.611121,0.799167,0.281104,1557,4419,5976,22.980849,24.333986000000003,79.91669999999999,67.80228480000001,summer,mist_cloudy,6,9,-1.0,-1.8369701987210297e-16
618,2012-09-09,3,1,9,0,0,0,1,0.61,0.578925,0.5475,0.224496,2570,5657,8227,20.669999999999998,22.209050000000005,54.75,54.1484352,summer,clear,0,9,-1.0,-1.8369701987210297e-16
619,2012-09-10,3,1,9,0,1,1,1,0.583333,0.565654,0.50375,0.258713,1118,6407,7525,19.416650999999998,21.333163999999996,50.375,62.40157560000001,summer,clear,1,9,-1.0,-1.8369701987210297e-16
620,2012-09-11,3,1,9,0,2,1,1,0.5775,0.554292,0.52,0.0920542,1070,6697,7767,19.142500000000002,20.583272,52.0,22.203473040000002,summer,clear,2,9,-1.0,-1.8369701987210297e-16
621,2012-09-12,3,1,9,0,3,1,1,0.599167,0.570075,0.577083,0.131846,1050,6820,7870,20.160849,21.62495,57.7083,31.8012552,summer,clear,3,9,-1.0,-1.8369701987210297e-16
622,2012-09-13,3,1,9,0,4,1,1,0.6125,0.579558,0.637083,0.0827208,1054,6750,7804,20.7875,22.250828,63.708299999999994,19.95225696,summer,clear,4,9,-1.0,-1.8369701987210297e-16
623,2012-09-14,3,1,9,0,5,1,1,0.633333,0.594083,0.6725,0.103863,1379,6630,8009,21.766651000000003,23.209478000000004,67.25,25.0517556,summer,clear,5,9,-1.0,-1.8369701987210297e-16
624,2012-09-15,3,1,9,0,6,0,1,0.608333,0.585867,0.501667,0.247521,3160,5554,8714,20.591651,22.667222000000002,50.1667,59.7020652,summer,clear,6,9,-1.0,-1.8369701987210297e-16
625,2012-09-16,3,1,9,0,0,0,1,0.58,0.563125,0.57,0.0901833,2166,5167,7333,19.259999999999998,21.166249999999998,56.99999999999999,21.752211959999997,summer,clear,0,9,-1.0,-1.8369701987210297e-16
626,2012-09-17,3,1,9,0,1,1,2,0.580833,0.55305,0.734583,0.151742,1022,5847,6869,19.299151000000002,20.5013,73.4583,36.600170399999996,summer,mist_cloudy,1,9,-1.0,-1.8369701987210297e-16
627,2012-09-18,3,1,9,0,2,1,2,0.623333,0.565067,0.8725,0.357587,371,3702,4073,21.296651,21.294421999999997,87.25,86.2499844,summer,mist_cloudy,2,9,-1.0,-1.8369701987210297e-16
628,2012-09-19,3,1,9,0,3,1,1,0.5525,0.540404,0.536667,0.215175,788,6803,7591,17.9675,19.666663999999997,53.6667,51.90021,summer,clear,3,9,-1.0,-1.8369701987210297e-16
629,2012-09-20,3,1,9,0,4,1,1,0.546667,0.532192,0.618333,0.118167,939,6781,7720,17.693349,19.124671999999997,61.8333,28.501880399999997,summer,clear,4,9,-1.0,-1.8369701987210297e-16
630,2012-09-21,3,1,9,0,5,1,1,0.599167,0.571971,0.66875,0.154229,1250,6917,8167,20.160849,21.750086000000003,66.875,37.200034800000005,summer,clear,5,9,-1.0,-1.8369701987210297e-16
631,2012-09-22,3,1,9,0,6,0,1,0.65,0.610488,0.646667,0.283583,2512,5883,8395,22.55,24.292208000000002,64.6667,68.4002196,summer,clear,6,9,-1.0,-1.8369701987210297e-16
632,2012-09-23,4,1,9,0,0,0,1,0.529167,0.518933,0.467083,0.223258,2454,5453,7907,16.870849000000003,18.249578,46.7083,53.84982960000001,fall,clear,0,9,-1.0,-1.8369701987210297e-16
633,2012-09-24,4,1,9,0,1,1,1,0.514167,0.502513,0.492917,0.142404,1001,6435,7436,16.165849,17.165858,49.2917,34.347844800000004,fall,clear,1,9,-1.0,-1.8369701987210297e-16
634,2012-09-25,4,1,9,0,2,1,1,0.55,0.544179,0.57,0.236321,845,6693,7538,17.85,19.915813999999997,56.99999999999999,57.0006252,fall,clear,2,9,-1.0,-1.8369701987210297e-16
635,2012-09-26,4,1,9,0,3,1,1,0.635,0.596613,0.630833,0.2444,787,6946,7733,21.845,23.376458,63.083299999999994,58.94928,fall,clear,3,9,-1.0,-1.8369701987210297e-16
636,2012-09-27,4,1,9,0,4,1,2,0.65,0.607975,0.690833,0.134342,751,6642,7393,22.55,24.126350000000002,69.08330000000001,32.4032904,fall,mist_cloudy,4,9,-1.0,-1.8369701987210297e-16
637,2012-09-28,4,1,9,0,5,1,2,0.619167,0.585863,0.69,0.164179,1045,6370,7415,21.100849,22.666958,69.0,39.5999748,fall,mist_cloudy,5,9,-1.0,-1.8369701987210297e-16
638,2012-09-29,4,1,9,0,6,0,1,0.5425,0.530296,0.542917,0.227604,2589,5966,8555,17.4975,18.999536,54.2917,54.8980848,fall,clear,6,9,-1.0,-1.8369701987210297e-16
639,2012-09-30,4,1,9,0,0,0,1,0.526667,0.517663,0.583333,0.134958,2015,4874,6889,16.753349,18.165757999999997,58.3333,32.551869599999996,fall,clear,0,9,-1.0,-1.8369701987210297e-16
640,2012-10-01,4,1,10,0,1,1,2,0.520833,0.512,0.649167,0.0908042,763,6015,6778,16.479150999999998,17.792,64.9167,21.90197304,fall,mist_cloudy,1,10,-0.8660254037844386,0.5000000000000001
641,2012-10-02,4,1,10,0,2,1,3,0.590833,0.542333,0.871667,0.104475,315,4324,4639,19.769151,19.793977999999996,87.16669999999999,25.19937,fall,light_snow_rain,2,10,-0.8660254037844386,0.5000000000000001
642,2012-10-03,4,1,10,0,3,1,2,0.6575,0.599133,0.79375,0.0665458,728,6844,7572,22.9025,23.542778,79.375,16.05084696,fall,mist_cloudy,3,10,-0.8660254037844386,0.5000000000000001
643,2012-10-04,4,1,10,0,4,1,2,0.6575,0.607975,0.722917,0.117546,891,6437,7328,22.9025,24.126350000000002,72.2917,28.3520952,fall,mist_cloudy,4,10,-0.8660254037844386,0.5000000000000001
644,2012-10-05,4,1,10,0,5,1,1,0.615,0.580187,0.6275,0.10635,1516,6640,8156,20.905,22.292341999999998,62.74999999999999,25.65162,fall,clear,5,10,-0.8660254037844386,0.5000000000000001
645,2012-10-06,4,1,10,0,6,0,1,0.554167,0.538521,0.664167,0.268025,3031,4934,7965,18.045848999999997,19.542386,66.41669999999999,64.64763,fall,clear,6,10,-0.8660254037844386,0.5000000000000001
646,2012-10-07,4,1,10,0,0,0,2,0.415833,0.419813,0.708333,0.141162,781,2729,3510,11.544151,11.707657999999999,70.8333,34.048274400000004,fall,mist_cloudy,0,10,-0.8660254037844386,0.5000000000000001
647,2012-10-08,4,1,10,1,1,0,2,0.383333,0.387608,0.709583,0.189679,874,4604,5478,10.016651,9.582128,70.9583,45.750574799999995,fall,mist_cloudy,1,10,-0.8660254037844386,0.5000000000000001
648,2012-10-09,4,1,10,0,2,1,2,0.446667,0.438112,0.761667,0.1903,601,5791,6392,12.993348999999998,12.915392,76.16669999999999,45.90036,fall,mist_cloudy,2,10,-0.8660254037844386,0.5000000000000001
649,2012-10-10,4,1,10,0,3,1,1,0.514167,0.503142,0.630833,0.187821,780,6911,7691,16.165849,17.207372,63.083299999999994,45.3024252,fall,clear,3,10,-0.8660254037844386,0.5000000000000001
650,2012-10-11,4,1,10,0,4,1,1,0.435,0.431167,0.463333,0.181596,834,6736,7570,12.445,12.457022000000002,46.3333,43.800955200000004,fall,clear,4,10,-0.8660254037844386,0.5000000000000001
651,2012-10-12,4,1,10,0,5,1,1,0.4375,0.433071,0.539167,0.235092,1060,6222,7282,12.5625,12.582685999999999,53.91669999999999,56.7041904,fall,clear,5,10,-0.8660254037844386,0.5000000000000001
652,2012-10-13,4,1,10,0,6,0,1,0.393333,0.391396,0.494583,0.146142,2252,4857,7109,10.486650999999998,9.832136000000002,49.4583,35.2494504,fall,clear,6,10,-0.8660254037844386,0.5000000000000001
653,2012-10-14,4,1,10,0,0,0,1,0.521667,0.508204,0.640417,0.278612,2080,4559,6639,16.518349,17.541463999999998,64.0417,67.20121440000001,fall,clear,0,10,-0.8660254037844386,0.5000000000000001
654,2012-10-15,4,1,10,0,1,1,2,0.561667,0.53915,0.7075,0.296037,760,5115,5875,18.398349,19.5839,70.75,71.4041244,fall,mist_cloudy,1,10,-0.8660254037844386,0.5000000000000001
655,2012-10-16,4,1,10,0,2,1,1,0.468333,0.460846,0.558333,0.182221,922,6612,7534,14.011651,14.415835999999999,55.833299999999994,43.9517052,fall,clear,2,10,-0.8660254037844386,0.5000000000000001
656,2012-10-17,4,1,10,0,3,1,1,0.455833,0.450108,0.692917,0.101371,979,6482,7461,13.424150999999998,13.707128,69.2917,24.450685200000002,fall,clear,3,10,-0.8660254037844386,0.5000000000000001
657,2012-10-18,4,1,10,0,4,1,2,0.5225,0.512625,0.728333,0.236937,1008,6501,7509,16.557499999999997,17.83325,72.8333,57.1492044,fall,mist_cloudy,4,10,-0.8660254037844386,0.5000000000000001
658,2012-10-19,4,1,10,0,5,1,2,0.563333,0.537896,0.815,0.134954,753,4671,5424,18.476651,19.501136000000002,81.5,32.5509048,fall,mist_cloudy,5,10,-0.8660254037844386,0.5000000000000001
659,2012-10-20,4,1,10,0,6,0,1,0.484167,0.472842,0.572917,0.117537,2806,5284,8090,14.755849000000001,15.207571999999999,57.2917,28.3499244,fall,clear,6,10,-0.8660254037844386,0.5000000000000001
660,2012-10-21,4,1,10,0,0,0,1,0.464167,0.456429,0.51,0.166054,2132,4692,6824,13.815849,14.124313999999998,51.0,40.052224800000005,fall,clear,0,10,-0.8660254037844386,0.5000000000000001
661,2012-10-22,4,1,10,0,1,1,1,0.4875,0.482942,0.568333,0.0814833,830,6228,7058,14.912499999999998,15.874171999999998,56.833299999999994,19.65377196,fall,clear,1,10,-0.8660254037844386,0.5000000000000001
662,2012-10-23,4,1,10,0,2,1,1,0.544167,0.530304,0.641667,0.0945458,841,6625,7466,17.575848999999998,19.000064000000002,64.16669999999999,22.80444696,fall,clear,2,10,-0.8660254037844386,0.5000000000000001
663,2012-10-24,4,1,10,0,3,1,1,0.5875,0.558721,0.63625,0.0727792,795,6898,7693,19.6125,20.875586,63.625,17.55434304,fall,clear,3,10,-0.8660254037844386,0.5000000000000001
664,2012-10-25,4,1,10,0,4,1,2,0.55,0.529688,0.800417,0.124375,875,6484,7359,17.85,18.959408000000003,80.0417,29.999250000000004,fall,mist_cloudy,4,10,-0.8660254037844386,0.5000000000000001
665,2012-10-26,4,1,10,0,5,1,2,0.545833,0.52275,0.807083,0.132467,1182,6262,7444,17.654151,18.5015,80.7083,31.951040400000004,fall,mist_cloudy,5,10,-0.8660254037844386,0.5000000000000001
666,2012-10-27,4,1,10,0,6,0,2,0.53,0.515133,0.72,0.235692,2643,5209,7852,16.91,17.998777999999994,72.0,56.84891040000001,fall,mist_cloudy,6,10,-0.8660254037844386,0.5000000000000001
667,2012-10-28,4,1,10,0,0,0,2,0.4775,0.467771,0.694583,0.398008,998,3461,4459,14.442499999999999,14.872886000000001,69.4583,95.99952959999999,fall,mist_cloudy,0,10,-0.8660254037844386,0.5000000000000001
668,2012-10-29,4,1,10,0,1,1,3,0.44,0.4394,0.88,0.3582,2,20,22,12.68,13.000399999999999,88.0,86.39784,fall,light_snow_rain,1,10,-0.8660254037844386,0.5000000000000001
669,2012-10-30,4,1,10,0,2,1,2,0.318182,0.309909,0.825455,0.213009,87,1009,1096,6.954554000000002,4.453993999999998,82.5455,51.3777708,fall,mist_cloudy,2,10,-0.8660254037844386,0.5000000000000001
670,2012-10-31,4,1,10,0,3,1,2,0.3575,0.3611,0.666667,0.166667,419,5147,5566,8.802499999999998,7.832599999999999,66.6667,40.2000804,fall,mist_cloudy,3,10,-0.8660254037844386,0.5000000000000001
671,2012-11-01,4,1,11,0,4,1,2,0.365833,0.369942,0.581667,0.157346,466,5520,5986,9.194151000000002,8.416172,58.166700000000006,37.951855200000004,fall,mist_cloudy,4,11,-0.5000000000000004,0.8660254037844384
672,2012-11-02,4,1,11,0,5,1,1,0.355,0.356042,0.522083,0.266175,618,5229,5847,8.684999999999999,7.498772000000002,52.208299999999994,64.20141000000001,fall,clear,5,11,-0.5000000000000004,0.8660254037844384
673,2012-11-03,4,1,11,0,6,0,2,0.343333,0.323846,0.49125,0.270529,1029,4109,5138,8.136651,5.373836000000001,49.125,65.2515948,fall,mist_cloudy,6,11,-0.5000000000000004,0.8660254037844384
674,2012-11-04,4,1,11,0,0,0,1,0.325833,0.329538,0.532917,0.179108,1201,3906,5107,7.314150999999999,5.749507999999999,53.2917,43.2008496,fall,clear,0,11,-0.5000000000000004,0.8660254037844384
675,2012-11-05,4,1,11,0,1,1,1,0.319167,0.308075,0.494167,0.236325,378,4881,5259,7.000848999999999,4.33295,49.416700000000006,57.00159000000001,fall,clear,1,11,-0.5000000000000004,0.8660254037844384
676,2012-11-06,4,1,11,0,2,1,1,0.280833,0.281567,0.567083,0.173513,466,5220,5686,5.1991510000000005,2.5834220000000023,56.7083,41.8513356,fall,clear,2,11,-0.5000000000000004,0.8660254037844384
677,2012-11-07,4,1,11,0,3,1,2,0.295833,0.274621,0.5475,0.304108,326,4709,5035,5.904151000000001,2.124986,54.75,73.3508496,fall,mist_cloudy,3,11,-0.5000000000000004,0.8660254037844384
678,2012-11-08,4,1,11,0,4,1,1,0.352174,0.341891,0.333478,0.347835,340,4975,5315,8.552177999999998,6.564806000000001,33.3478,83.897802,fall,clear,4,11,-0.5000000000000004,0.8660254037844384
679,2012-11-09,4,1,11,0,5,1,1,0.361667,0.355413,0.540833,0.214558,709,5283,5992,8.998349000000001,7.4572579999999995,54.0833,51.7513896,fall,clear,5,11,-0.5000000000000004,0.8660254037844384
680,2012-11-10,4,1,11,0,6,0,1,0.389167,0.393937,0.645417,0.0578458,2090,4446,6536,10.290848999999998,9.999841999999997,64.5417,13.952406960000001,fall,clear,6,11,-0.5000000000000004,0.8660254037844384
681,2012-11-11,4,1,11,0,0,0,1,0.420833,0.421713,0.659167,0.1275,2290,4562,6852,11.779150999999999,11.833058000000001,65.91669999999999,30.753000000000004,fall,clear,0,11,-0.5000000000000004,0.8660254037844384
682,2012-11-12,4,1,11,1,1,0,1,0.485,0.475383,0.741667,0.173517,1097,5172,6269,14.794999999999998,15.375278000000002,74.16669999999999,41.8523004,fall,clear,1,11,-0.5000000000000004,0.8660254037844384
683,2012-11-13,4,1,11,0,2,1,2,0.343333,0.323225,0.662917,0.342046,327,3767,4094,8.136651,5.3328500000000005,66.29169999999999,82.50149520000001,fall,mist_cloudy,2,11,-0.5000000000000004,0.8660254037844384
684,2012-11-14,4,1,11,0,3,1,1,0.289167,0.281563,0.552083,0.199625,373,5122,5495,5.590849,2.583158000000001,55.2083,48.14955,fall,clear,3,11,-0.5000000000000004,0.8660254037844384
685,2012-11-15,4,1,11,0,4,1,2,0.321667,0.324492,0.620417,0.152987,320,5125,5445,7.1183489999999985,5.416471999999999,62.0417,36.900464400000004,fall,mist_cloudy,4,11,-0.5000000000000004,0.8660254037844384
686,2012-11-16,4,1,11,0,5,1,1,0.345,0.347204,0.524583,0.171025,484,5214,5698,8.215,6.915464,52.4583,41.25123000000001,fall,clear,5,11,-0.5000000000000004,0.8660254037844384
687,2012-11-17,4,1,11,0,6,0,1,0.325,0.326383,0.545417,0.179729,1313,4316,5629,7.275,5.541277999999998,54.541700000000006,43.3506348,fall,clear,6,11,-0.5000000000000004,0.8660254037844384
688,2012-11-18,4,1,11,0,0,0,1,0.3425,0.337746,0.692917,0.227612,922,3747,4669,8.0975,6.291235999999998,69.2917,54.9000144,fall,clear,0,11,-0.5000000000000004,0.8660254037844384
689,2012-11-19,4,1,11,0,1,1,2,0.380833,0.375621,0.623333,0.235067,449,5050,5499,9.899151,8.790986,62.3333,56.698160400000006,fall,mist_cloudy,1,11,-0.5000000000000004,0.8660254037844384
690,2012-11-20,4,1,11,0,2,1,2,0.374167,0.380667,0.685,0.082725,534,5100,5634,9.585849,9.124022,68.5,19.95327,fall,mist_cloudy,2,11,-0.5000000000000004,0.8660254037844384
691,2012-11-21,4,1,11,0,3,1,1,0.353333,0.364892,0.61375,0.103246,615,4531,5146,8.606651,8.082871999999998,61.375,24.9029352,fall,clear,3,11,-0.5000000000000004,0.8660254037844384
692,2012-11-22,4,1,11,1,4,0,1,0.34,0.350371,0.580417,0.0528708,955,1470,2425,7.98,7.124485999999997,58.0417,12.75243696,fall,clear,4,11,-0.5000000000000004,0.8660254037844384
693,2012-11-23,4,1,11,0,5,1,1,0.368333,0.378779,0.56875,0.148021,1603,2307,3910,9.311651000000001,8.999413999999998,56.875,35.702665200000006,fall,clear,5,11,-0.5000000000000004,0.8660254037844384
694,2012-11-24,4,1,11,0,6,0,1,0.278333,0.248742,0.404583,0.376871,532,1745,2277,5.081650999999999,0.4169719999999977,40.4583,90.9012852,fall,clear,6,11,-0.5000000000000004,0.8660254037844384
695,2012-11-25,4,1,11,0,0,0,1,0.245833,0.257583,0.468333,0.1505,309,2115,2424,3.554150999999999,1.000478000000001,46.8333,36.300599999999996,fall,clear,0,11,-0.5000000000000004,0.8660254037844384
696,2012-11-26,4,1,11,0,1,1,1,0.313333,0.339004,0.535417,0.04665,337,4750,5087,6.726650999999999,6.374264,53.541700000000006,11.25198,fall,clear,1,11,-0.5000000000000004,0.8660254037844384
697,2012-11-27,4,1,11,0,2,1,2,0.291667,0.281558,0.786667,0.237562,123,3836,3959,5.708349,2.5828279999999992,78.6667,57.2999544,fall,mist_cloudy,2,11,-0.5000000000000004,0.8660254037844384
698,2012-11-28,4,1,11,0,3,1,1,0.296667,0.289762,0.50625,0.210821,198,5062,5260,5.943349000000001,3.1242920000000005,50.625,50.850025200000005,fall,clear,3,11,-0.5000000000000004,0.8660254037844384
699,2012-11-29,4,1,11,0,4,1,1,0.28087,0.298422,0.555652,0.115522,243,5080,5323,5.200890000000001,3.695852000000002,55.565200000000004,27.8639064,fall,clear,4,11,-0.5000000000000004,0.8660254037844384
700,2012-11-30,4,1,11,0,5,1,1,0.298333,0.323867,0.649583,0.0584708,362,5306,5668,6.021651,5.375222000000001,64.95830000000001,14.103156960000002,fall,clear,5,11,-0.5000000000000004,0.8660254037844384
701,2012-12-01,4,1,12,0,6,0,2,0.298333,0.316904,0.806667,0.0597042,951,4240,5191,6.021651,4.915664,80.6667,14.40065304,fall,mist_cloudy,6,12,-2.4492935982947064e-16,1.0
702,2012-12-02,4,1,12,0,0,0,2,0.3475,0.359208,0.823333,0.124379,892,3757,4649,8.3325,7.707728000000003,82.3333,30.000214800000006,fall,mist_cloudy,0,12,-2.4492935982947064e-16,1.0
703,2012-12-03,4,1,12,0,1,1,1,0.4525,0.455796,0.7675,0.0827208,555,5679,6234,13.267500000000002,14.082535999999998,76.75,19.95225696,fall,clear,1,12,-2.4492935982947064e-16,1.0
704,2012-12-04,4,1,12,0,2,1,1,0.475833,0.469054,0.73375,0.174129,551,6055,6606,14.364151,14.957564000000001,73.375,41.999914800000006,fall,clear,2,12,-2.4492935982947064e-16,1.0
705,2012-12-05,4,1,12,0,3,1,1,0.438333,0.428012,0.485,0.324021,331,5398,5729,12.601651,12.248792000000002,48.5,78.1538652,fall,clear,3,12,-2.4492935982947064e-16,1.0
706,2012-12-06,4,1,12,0,4,1,1,0.255833,0.258204,0.50875,0.174754,340,5035,5375,4.024151,1.0414639999999977,50.875,42.1506648,fall,clear,4,12,-2.4492935982947064e-16,1.0
707,2012-12-07,4,1,12,0,5,1,2,0.320833,0.321958,0.764167,0.1306,349,4659,5008,7.0791509999999995,5.249228000000002,76.4167,31.500719999999998,fall,mist_cloudy,5,12,-2.4492935982947064e-16,1.0
708,2012-12-08,4,1,12,0,6,0,2,0.381667,0.389508,0.91125,0.101379,1153,4429,5582,9.938348999999999,9.707528,91.125,24.4526148,fall,mist_cloudy,6,12,-2.4492935982947064e-16,1.0
709,2012-12-09,4,1,12,0,0,0,2,0.384167,0.390146,0.905417,0.157975,441,2787,3228,10.055848999999998,9.749635999999999,90.5417,38.10357,fall,mist_cloudy,0,12,-2.4492935982947064e-16,1.0
710,2012-12-10,4,1,12,0,1,1,2,0.435833,0.435575,0.925,0.190308,329,4841,5170,12.484151,12.74795,92.5,45.9022896,fall,mist_cloudy,1,12,-2.4492935982947064e-16,1.0
711,2012-12-11,4,1,12,0,2,1,2,0.353333,0.338363,0.596667,0.296037,282,5219,5501,8.606651,6.331958,59.66669999999999,71.4041244,fall,mist_cloudy,2,12,-2.4492935982947064e-16,1.0
712,2012-12-12,4,1,12,0,3,1,2,0.2975,0.297338,0.538333,0.162937,310,5009,5319,5.9825,3.624307999999999,53.833299999999994,39.3004044,fall,mist_cloudy,3,12,-2.4492935982947064e-16,1.0
713,2012-12-13,4,1,12,0,4,1,1,0.295833,0.294188,0.485833,0.174129,425,5107,5532,5.904151000000001,3.4164080000000006,48.5833,41.999914800000006,fall,clear,4,12,-2.4492935982947064e-16,1.0
714,2012-12-14,4,1,12,0,5,1,1,0.281667,0.294192,0.642917,0.131229,429,5182,5611,5.2383489999999995,3.416672000000002,64.29169999999999,31.6524348,fall,clear,5,12,-2.4492935982947064e-16,1.0
715,2012-12-15,4,1,12,0,6,0,1,0.324167,0.338383,0.650417,0.10635,767,4280,5047,7.235849,6.333278,65.0417,25.65162,fall,clear,6,12,-2.4492935982947064e-16,1.0
716,2012-12-16,4,1,12,0,0,0,2,0.3625,0.369938,0.83875,0.100742,538,3248,3786,9.037499999999998,8.415907999999998,83.875,24.2989704,fall,mist_cloudy,0,12,-2.4492935982947064e-16,1.0
717,2012-12-17,4,1,12,0,1,1,2,0.393333,0.4015,0.907083,0.0982583,212,4373,4585,10.486650999999998,10.499000000000002,90.7083,23.699901960000002,fall,mist_cloudy,1,12,-2.4492935982947064e-16,1.0
718,2012-12-18,4,1,12,0,2,1,1,0.410833,0.409708,0.66625,0.221404,433,5124,5557,11.309151,11.040728000000001,66.625,53.4026448,fall,clear,2,12,-2.4492935982947064e-16,1.0
719,2012-12-19,4,1,12,0,3,1,1,0.3325,0.342162,0.625417,0.184092,333,4934,5267,7.627500000000001,6.5826920000000015,62.5417,44.40299040000001,fall,clear,3,12,-2.4492935982947064e-16,1.0
720,2012-12-20,4,1,12,0,4,1,2,0.33,0.335217,0.667917,0.132463,314,3814,4128,7.510000000000002,6.124321999999999,66.79169999999999,31.9500756,fall,mist_cloudy,4,12,-2.4492935982947064e-16,1.0
721,2012-12-21,1,1,12,0,5,1,2,0.326667,0.301767,0.556667,0.374383,221,3402,3623,7.353349,3.9166220000000003,55.666700000000006,90.30117960000001,winter,mist_cloudy,5,12,-2.4492935982947064e-16,1.0
722,2012-12-22,1,1,12,0,6,0,1,0.265833,0.236113,0.44125,0.407346,205,1544,1749,4.494150999999999,-0.4165420000000015,44.125,98.25185520000001,winter,clear,6,12,-2.4492935982947064e-16,1.0
723,2012-12-23,1,1,12,0,0,0,1,0.245833,0.259471,0.515417,0.133083,408,1379,1787,3.554150999999999,1.1250859999999996,51.5417,32.0996196,winter,clear,0,12,-2.4492935982947064e-16,1.0
724,2012-12-24,1,1,12,0,1,1,2,0.231304,0.2589,0.791304,0.0772304,174,746,920,2.871288,1.0874000000000024,79.1304,18.627972480000004,winter,mist_cloudy,1,12,-2.4492935982947064e-16,1.0
725,2012-12-25,1,1,12,1,2,0,2,0.291304,0.294465,0.734783,0.168726,440,573,1013,5.691288,3.43469,73.47829999999999,40.696711199999996,winter,mist_cloudy,2,12,-2.4492935982947064e-16,1.0
726,2012-12-26,1,1,12,0,3,1,3,0.243333,0.220333,0.823333,0.316546,9,432,441,3.4366509999999995,-1.4580219999999997,82.3333,76.3508952,winter,light_snow_rain,3,12,-2.4492935982947064e-16,1.0
727,2012-12-27,1,1,12,0,4,1,2,0.254167,0.226642,0.652917,0.350133,247,1867,2114,3.945848999999999,-1.0416279999999993,65.29169999999999,84.4520796,winter,mist_cloudy,4,12,-2.4492935982947064e-16,1.0
728,2012-12-28,1,1,12,0,5,1,2,0.253333,0.255046,0.59,0.155471,644,2451,3095,3.9066509999999983,0.8330359999999999,59.0,37.4996052,winter,mist_cloudy,5,12,-2.4492935982947064e-16,1.0
729,2012-12-29,1,1,12,0,6,0,2,0.253333,0.2424,0.752917,0.124383,159,1182,1341,3.9066509999999983,-0.0015999999999998238,75.29169999999999,30.001179599999997,winter,mist_cloudy,6,12,-2.4492935982947064e-16,1.0
730,2012-12-30,1,1,12,0,0,0,1,0.255833,0.2317,0.483333,0.350754,364,1432,1796,4.024151,-0.7078000000000007,48.3333,84.6018648,winter,clear,0,12,-2.4492935982947064e-16,1.0
731,2012-12-31,1,1,12,0,1,1,2,0.215833,0.223487,0.5775,0.154846,439,2290,2729,2.144150999999999,-1.2498579999999997,57.75,37.3488552,winter,mist_cloudy,1,12,-2.4492935982947064e-16,1.0
