term,step,estimate,lambda,dev.ratio,zeroed
JobRole_Human.Resources,78,-3.2215968355838007,6.847172340066526e-5,0.3627231816245738,FALSE
JobRole_Human.Resources,77,-3.153670467670983,7.514763190341213e-5,0.36271390608341053,FALSE
JobRole_Human.Resources,76,-3.0854251563026436,8.247443324372141e-5,0.36270362765985353,FALSE
JobRole_Human.Resources,75,-3.0134841050896033,9.051558866972372e-5,0.36269178587982315,FALSE
JobRole_Human.Resources,74,-2.9374497129610115,9.934074682289904e-5,0.3626780375238114,FALSE
JobRole_Human.Resources,73,-2.860658175901564,1.0902634700128992e-4,0.36266258741432056,FALSE
JobRole_Human.Resources,72,-2.77946376773806,1.1965628124013325e-4,0.36264456462794475,FALSE
JobRole_Human.Resources,71,-2.697120518212409,1.3132262094453617e-4,0.36262407026953836,FALSE
JobRole_Human.Resources,70,-2.613941136082026,1.44126414367941e-4,0.36260080226591646,FALSE
JobRole_Human.Resources,69,-2.5303430354787135,1.5817856184375593e-4,0.3625750312911191,FALSE
JobRole_Human.Resources,68,-2.4431082081733324,1.7360077635098916e-4,0.36254830031139806,FALSE
JobRole_Human.Resources,67,-2.3512526881404683,1.9052663773384671e-4,0.3625197570378639,FALSE
JobRole_Human.Resources,66,-2.2581163468874443,2.091027497064395e-4,0.3624872676029919,FALSE
JobRole_Human.Resources,65,-2.159323802199289,2.2949000966402086e-4,0.36244920610102305,FALSE
JobRole_Research.Director,54,2.1532136389824426,6.38569584103225e-4,0.36135790900066234,FALSE
JobRole_Research.Director,55,2.152016251457103,5.818408222230162e-4,0.36154523797689503,FALSE
JobRole_Research.Director,53,2.1505571910825134,7.008293302347037e-4,0.3611437684821306,FALSE
JobRole_Research.Director,56,2.15022882999914,5.301516871972259e-4,0.3617050028673343,FALSE
JobRole_Research.Director,78,2.1487300924036385,6.847172340066526e-5,0.3627231816245738,FALSE
JobRole_Research.Director,77,2.1466806790539725,7.514763190341213e-5,0.36271390608341053,FALSE
JobRole_Research.Director,57,2.1465887410057563,4.8305447246590105e-4,0.3618447451426575,FALSE
JobRole_Research.Director,76,2.1443148180313,8.247443324372141e-5,0.36270362765985353,FALSE
JobRole_Research.Director,58,2.142762086351857,4.401412444859441e-4,0.3619648237246643,FALSE
JobRole_Research.Director,75,2.1417927386207545,9.051558866972372e-5,0.36269178587982315,FALSE
JobRole_Research.Director,52,2.1416674201657955,7.691593247539126e-4,0.36089874444188386,FALSE
JobRole_Research.Director,59,2.1397290936101334,4.010403094059142e-4,0.36206703725293354,FALSE
JobRole_Research.Director,74,2.1390848308577675,9.934074682289904e-5,0.3626780375238114,FALSE
JobRole_Research.Director,73,2.1359894327185796,1.0902634700128992e-4,0.36266258741432056,FALSE
JobRole_Research.Director,60,2.1359134976903826,3.6541299363170135e-4,0.36215676891571624,FALSE
JobRole_Research.Director,61,2.133057012385144,3.3295071039787273e-4,0.36223300246037204,FALSE
JobRole_Research.Director,72,2.1326582955941764,1.1965628124013325e-4,0.36264456462794475,FALSE
JobRole_Research.Director,62,2.1302818201172595,3.033722869367358e-4,0.36229920518149916,FALSE
JobRole_Research.Director,71,2.128772891959324,1.3132262094453617e-4,0.36262407026953836,FALSE
JobRole_Research.Director,63,2.1276507382586245,2.7642152909433524e-4,0.36235666718114795,FALSE
JobRole_Research.Director,64,2.1252022948990237,2.518650022992524e-4,0.3624065585818234,FALSE
JobRole_Research.Director,70,2.1242279691123946,1.44126414367941e-4,0.36260080226591646,FALSE
JobRole_Research.Director,65,2.123406712355943,2.2949000966402086e-4,0.36244920610102305,FALSE
JobRole_Research.Director,66,2.1212079556270766,2.091027497064395e-4,0.3624872676029919,FALSE
JobRole_Research.Director,67,2.119625448432802,1.9052663773384671e-4,0.3625197570378639,FALSE
JobRole_Research.Director,69,2.119413088696939,1.5817856184375593e-4,0.3625750312911191,FALSE
Department_Human.Resources,78,2.1184603481505224,6.847172340066526e-5,0.3627231816245738,FALSE
JobRole_Research.Director,68,2.118105682272235,1.7360077635098916e-4,0.36254830031139806,FALSE
JobRole_Research.Director,51,2.114568977042619,8.441514093848918e-4,0.360657482061488,FALSE
JobRole_Research.Director,50,2.07883910233634,9.264551296891421e-4,0.3604465777591454,FALSE
JobRole_Human.Resources,64,-2.0625016236863525,2.518650022992524e-4,0.3624065585818234,FALSE
Department_Human.Resources,77,2.0565036563890744,7.514763190341213e-5,0.36271390608341053,FALSE
JobRole_Research.Director,49,2.0369709711158213,0.0010167833611185427,0.36019741991167054,FALSE
Department_Human.Resources,76,1.9945750453889053,8.247443324372141e-5,0.36270362765985353,FALSE
JobRole_Research.Director,48,1.9924429589755803,0.001115918483601481,0.35990150955566197,FALSE
OverTime_No,78,1.990805770417328,6.847172340066526e-5,0.3627231816245738,FALSE
OverTime_No,77,1.9903280502033023,7.514763190341213e-5,0.36271390608341053,FALSE
OverTime_No,76,1.9898074984647451,8.247443324372141e-5,0.36270362765985353,FALSE
OverTime_No,75,1.9892383883135216,9.051558866972372e-5,0.36269178587982315,FALSE
OverTime_No,74,1.9886132790889028,9.934074682289904e-5,0.3626780375238114,FALSE
OverTime_No,73,1.9879320012438588,1.0902634700128992e-4,0.36266258741432056,FALSE
OverTime_No,72,1.987184283325371,1.1965628124013325e-4,0.36264456462794475,FALSE
OverTime_No,71,1.9863650403081818,1.3132262094453617e-4,0.36262407026953836,FALSE
OverTime_No,70,1.9854712347181982,1.44126414367941e-4,0.36260080226591646,FALSE
OverTime_No,69,1.9845275344250546,1.5817856184375593e-4,0.3625750312911191,FALSE
OverTime_No,68,1.9833593798374873,1.7360077635098916e-4,0.36254830031139806,FALSE
OverTime_No,67,1.9819714134840063,1.9052663773384671e-4,0.3625197570378639,FALSE
OverTime_No,66,1.9804484309428274,2.091027497064395e-4,0.3624872676029919,FALSE
OverTime_No,65,1.9787960998564138,2.2949000966402086e-4,0.36244920610102305,FALSE
OverTime_No,64,1.976973850768692,2.518650022992524e-4,0.3624065585818234,FALSE
OverTime_No,63,1.9749926899090822,2.7642152909433524e-4,0.36235666718114795,FALSE
OverTime_No,62,1.9728280487685665,3.033722869367358e-4,0.36229920518149916,FALSE
OverTime_No,61,1.9704633637818132,3.3295071039787273e-4,0.36223300246037204,FALSE
OverTime_No,60,1.9678744945885556,3.6541299363170135e-4,0.36215676891571624,FALSE
OverTime_No,59,1.9650722915376908,4.010403094059142e-4,0.36206703725293354,FALSE
OverTime_No,58,1.9619908653861444,4.401412444859441e-4,0.3619648237246643,FALSE
JobRole_Human.Resources,63,-1.9604308924409442,2.7642152909433524e-4,0.36235666718114795,FALSE
OverTime_No,57,1.9586486423806997,4.8305447246590105e-4,0.3618447451426575,FALSE
OverTime_No,56,1.9550161546204232,5.301516871972259e-4,0.3617050028673343,FALSE
OverTime_No,55,1.9510250708979247,5.818408222230162e-4,0.36154523797689503,FALSE
OverTime_No,54,1.9467059823445565,6.38569584103225e-4,0.36135790900066234,FALSE
JobRole_Research.Director,47,1.9453722365550716,0.0012247191581435085,0.35955046616960523,FALSE
OverTime_No,53,1.941969456419975,7.008293302347037e-4,0.3611437684821306,FALSE
OverTime_No,52,1.9368879286983052,7.691593247539126e-4,0.36089874444188386,FALSE
OverTime_No,51,1.9309533273312527,8.441514093848918e-4,0.360657482061488,FALSE
Department_Human.Resources,75,1.929650691801319,9.051558866972372e-5,0.36269178587982315,FALSE
OverTime_No,50,1.9241828749741894,9.264551296891421e-4,0.3604465777591454,FALSE
OverTime_No,49,1.9166565077174156,0.0010167833611185427,0.36019741991167054,FALSE
OverTime_No,48,1.9085190116127095,0.001115918483601481,0.35990150955566197,FALSE
OverTime_No,47,1.8997315289633336,0.0012247191581435085,0.35955046616960523,FALSE
JobRole_Research.Director,46,1.8976235131516384,0.0013441277641381955,0.35914304206841974,FALSE
OverTime_No,46,1.8901413082703344,0.0013441277641381955,0.35914304206841974,FALSE
OverTime_No,45,1.8797372758880224,0.0014751785618066112,0.3586547794074863,FALSE
OverTime_No,44,1.8685272604974925,0.0016190066504645777,0.3580922440439754,FALSE
Department_Human.Resources,74,1.8614519113775445,9.934074682289904e-5,0.3626780375238114,FALSE
OverTime_No,43,1.856600338374392,0.0017768578002099217,0.3573786498837732,FALSE
JobRole_Human.Resources,62,-1.8560931522099013,3.033722869367358e-4,0.36229920518149916,FALSE
JobRole_Research.Director,45,1.8464438409395265,0.0014751785618066112,0.3586547794074863,FALSE
OverTime_No,42,1.8439057533068364,0.0019500992421870964,0.35649079975133047,FALSE
OverTime_No,41,1.8305555889007001,0.0021402315108892825,0.3555273047101022,FALSE
OverTime_No,40,1.8160709024627701,0.0023489014410703257,0.3544208048178532,FALSE
OverTime_No,39,1.8006320278281263,0.002577916431839543,0.3531202433337982,FALSE
JobRole_Research.Director,44,1.800097579265832,0.0016190066504645777,0.3580922440439754,FALSE
Department_Human.Resources,73,1.7930095588370398,1.0902634700128992e-4,0.36266258741432056,FALSE
OverTime_No,38,1.7841592371956174,0.002829260101488162,0.3516394155159863,FALSE
OverTime_No,37,1.7666155745013319,0.0031051094686420167,0.34997705365388615,FALSE
JobRole_Human.Resources,61,-1.749612315198952,3.3295071039787273e-4,0.36223300246037204,FALSE
OverTime_No,36,1.7480352890277522,0.0034078538085554125,0.34802699349455446,FALSE
JobRole_Research.Director,43,1.7437457269575836,0.0017768578002099217,0.3573786498837732,FALSE
OverTime_No,35,1.7283540727728883,0.003740115347870375,0.34574142870576036,FALSE
Department_Human.Resources,72,1.7211305203775231,1.1965628124013325e-4,0.36264456462794475,FALSE
OverTime_No,34,1.7076921599828592,0.004104771977089369,0.3430603406008423,FALSE
OverTime_No,33,1.6855570605582184,0.004504982177486073,0.3404811824761014,FALSE
JobRole_Research.Director,42,1.6807782134123543,0.0019500992421870964,0.35649079975133047,FALSE
OverTime_No,32,1.6617838862756242,0.004944212378359185,0.3380382502464125,FALSE
Department_Human.Resources,71,1.6487206624455604,1.3132262094453617e-4,0.36262407026953836,FALSE
JobRole_Human.Resources,60,-1.641448695917712,3.6541299363170135e-4,0.36215676891571624,FALSE
OverTime_No,31,1.6352960048977703,0.005426266981584693,0.3353812302958474,FALSE
JobRole_Research.Director,41,1.6117092308241021,0.0021402315108892825,0.3555273047101022,FALSE
OverTime_No,30,1.6073872145052603,0.005955321313524932,0.33240183691285996,FALSE
OverTime_No,29,1.5781335335755609,0.006535957789708099,0.32898564101346683,FALSE
Department_Human.Resources,70,1.5760302941342705,1.44126414367941e-4,0.36260080226591646,FALSE
OverTime_No,28,1.5474705606813248,0.007173205605519361,0.32502019508517654,FALSE
JobRole_Research.Director,40,1.5408606472009283,0.0023489014410703257,0.3544208048178532,FALSE
JobRole_Human.Resources,59,-1.5266192466989303,4.010403094059142e-4,0.36206703725293354,FALSE
OverTime_No,27,1.5158575534910053,0.00787258429668537,0.32048983943872644,FALSE
Department_Human.Resources,69,1.503421530974195,1.5817856184375593e-4,0.3625750312911191,FALSE
OverTime_No,26,1.482322026140841,0.008640151546852212,0.31520186901440195,FALSE
JobRole_Research.Director,39,1.4673743454239894,0.002577916431839543,0.3531202433337982,FALSE
OverTime_No,25,1.4474617683258477,0.009482555656343221,0.30912643060277756,FALSE
Department_Human.Resources,68,1.4283615184853544,1.7360077635098916e-4,0.36254830031139806,FALSE
JobRole_Human.Resources,58,-1.4131011942146976,4.401412444859441e-4,0.3619648237246643,FALSE
OverTime_No,24,1.4113012043412365,0.010407093126555881,0.3021444898547104,FALSE
JobRole_Research.Director,38,1.3898087871098543,0.002829260101488162,0.3516394155159863,FALSE
OverTime_No,23,1.3744179029825665,0.011421771858766349,0.2942639657578007,FALSE
JobRole_Laboratory.Technician,78,-1.359298787557086,6.847172340066526e-5,0.3627231816245738,FALSE
JobRole_Laboratory.Technician,77,-1.3527495680422812,7.514763190341213e-5,0.36271390608341053,FALSE
Department_Human.Resources,67,1.3503509249160546,1.9052663773384671e-4,0.3625197570378639,FALSE
JobRole_Laboratory.Technician,76,-1.3457946737825581,8.247443324372141e-5,0.36270362765985353,FALSE
JobRole_Laboratory.Technician,75,-1.3380816149018595,9.051558866972372e-5,0.36269178587982315,FALSE
OverTime_No,22,1.3376327916175161,0.012535380514739396,0.2855493376091368,FALSE
JobRole_Laboratory.Technician,74,-1.3294843173533193,9.934074682289904e-5,0.3626780375238114,FALSE
JobRole_Laboratory.Technician,73,-1.3202977094515276,1.0902634700128992e-4,0.36266258741432056,FALSE
JobRole_Laboratory.Technician,72,-1.3100676038624925,1.1965628124013325e-4,0.36264456462794475,FALSE
JobRole_Research.Director,37,1.3066858094856666,0.0031051094686420167,0.34997705365388615,FALSE
OverTime_No,21,1.299911584651297,0.013757564639912196,0.2764829300150446,FALSE
JobRole_Laboratory.Technician,71,-1.2991255275918299,1.3132262094453617e-4,0.36262407026953836,FALSE
JobRole_Human.Resources,57,-1.293276707344627,4.8305447246590105e-4,0.3618447451426575,FALSE
JobRole_Laboratory.Technician,70,-1.2875253581532728,1.44126414367941e-4,0.36260080226591646,FALSE
JobRole_Laboratory.Technician,69,-1.2753476473742351,1.5817856184375593e-4,0.3625750312911191,FALSE
Department_Human.Resources,66,1.272170536724726,2.091027497064395e-4,0.3624872676029919,FALSE
JobRole_Laboratory.Technician,68,-1.2620463961453698,1.7360077635098916e-4,0.36254830031139806,FALSE
OverTime_No,20,1.2615937622202493,0.015098910208494557,0.267416834480004,FALSE
JobRole_Laboratory.Technician,67,-1.2470835519716441,1.9052663773384671e-4,0.3625197570378639,FALSE
JobRole_Laboratory.Technician,66,-1.23089121418556,2.091027497064395e-4,0.3624872676029919,FALSE
OverTime_No,19,1.2219121219694495,0.01657103531411328,0.2571489104307527,FALSE
JobRole_Research.Director,36,1.218289736181112,0.0034078538085554125,0.34802699349455446,FALSE
JobRole_Laboratory.Technician,65,-1.2126464851454732,2.2949000966402086e-4,0.36244920610102305,FALSE
BusinessTravel_Non.Travel,78,1.1998171273393807,6.847172340066526e-5,0.3627231816245738,FALSE
BusinessTravel_Non.Travel,77,1.1988827047748591,7.514763190341213e-5,0.36271390608341053,FALSE
BusinessTravel_Non.Travel,76,1.1978689131669564,8.247443324372141e-5,0.36270362765985353,FALSE
BusinessTravel_Non.Travel,75,1.1967564988952675,9.051558866972372e-5,0.36269178587982315,FALSE
BusinessTravel_Non.Travel,74,1.19552969412053,9.934074682289904e-5,0.3626780375238114,FALSE
BusinessTravel_Non.Travel,73,1.194196293101575,1.0902634700128992e-4,0.36266258741432056,FALSE
JobRole_Laboratory.Technician,64,-1.19354208243174,2.518650022992524e-4,0.3624065585818234,FALSE
BusinessTravel_Non.Travel,72,1.1927265624819712,1.1965628124013325e-4,0.36264456462794475,FALSE
BusinessTravel_Non.Travel,71,1.1911204568186335,1.3132262094453617e-4,0.36262407026953836,FALSE
Department_Human.Resources,65,1.1902926962378717,2.2949000966402086e-4,0.36244920610102305,FALSE
BusinessTravel_Non.Travel,70,1.18937225945679,1.44126414367941e-4,0.36260080226591646,FALSE
BusinessTravel_Non.Travel,69,1.1875271817722068,1.5817856184375593e-4,0.3625750312911191,FALSE
BusinessTravel_Non.Travel,68,1.1854368506511326,1.7360077635098916e-4,0.36254830031139806,FALSE
BusinessTravel_Non.Travel,67,1.1830671581654113,1.9052663773384671e-4,0.3625197570378639,FALSE
OverTime_No,18,1.181592505164303,0.01818669080018116,0.2461592743020809,FALSE
BusinessTravel_Non.Travel,66,1.1804743591706688,2.091027497064395e-4,0.3624872676029919,FALSE
BusinessTravel_Non.Travel,65,1.177650234625038,2.2949000966402086e-4,0.36244920610102305,FALSE
BusinessTravel_Non.Travel,64,1.1745628589625134,2.518650022992524e-4,0.3624065585818234,FALSE
JobRole_Laboratory.Technician,63,-1.1721592404980954,2.7642152909433524e-4,0.36235666718114795,FALSE
BusinessTravel_Non.Travel,63,1.171197271913056,2.7642152909433524e-4,0.36235666718114795,FALSE
JobRole_Human.Resources,56,-1.1691843720458435,5.301516871972259e-4,0.3617050028673343,FALSE
BusinessTravel_Non.Travel,62,1.1675294965121314,3.033722869367358e-4,0.36229920518149916,FALSE
BusinessTravel_Non.Travel,61,1.163535643397169,3.3295071039787273e-4,0.36223300246037204,FALSE
BusinessTravel_Non.Travel,60,1.1591808990242092,3.6541299363170135e-4,0.36215676891571624,FALSE
BusinessTravel_Non.Travel,59,1.1544566221463326,4.010403094059142e-4,0.36206703725293354,FALSE
BusinessTravel_Non.Travel,58,1.149311646589236,4.401412444859441e-4,0.3619648237246643,FALSE
JobRole_Laboratory.Technician,62,-1.1489522696155845,3.033722869367358e-4,0.36229920518149916,FALSE
BusinessTravel_Non.Travel,57,1.1437300012310918,4.8305447246590105e-4,0.3618447451426575,FALSE
OverTime_No,17,1.140014714876537,0.019959870701602742,0.233847881404585,FALSE
BusinessTravel_Non.Travel,56,1.137689779645125,5.301516871972259e-4,0.3617050028673343,FALSE
BusinessTravel_Non.Travel,55,1.1311311657862826,5.818408222230162e-4,0.36154523797689503,FALSE
JobRole_Research.Director,35,1.1265155808598342,0.003740115347870375,0.34574142870576036,FALSE
BusinessTravel_Non.Travel,54,1.1240586852739023,6.38569584103225e-4,0.36135790900066234,FALSE
JobRole_Laboratory.Technician,61,-1.1238435764940744,3.3295071039787273e-4,0.36223300246037204,FALSE
BusinessTravel_Non.Travel,53,1.1164136132974827,7.008293302347037e-4,0.3611437684821306,FALSE
Department_Human.Resources,64,1.1110787792654584,2.518650022992524e-4,0.3624065585818234,FALSE
BusinessTravel_Non.Travel,52,1.1083739638639716,7.691593247539126e-4,0.36089874444188386,FALSE
BusinessTravel_Non.Travel,51,1.0996797417522437,8.441514093848918e-4,0.360657482061488,FALSE
JobRole_Laboratory.Technician,60,-1.0968064598303342,3.6541299363170135e-4,0.36215676891571624,FALSE
JobRole_Sales.Representative,78,-1.0954351351031284,6.847172340066526e-5,0.3627231816245738,FALSE
JobRole_Sales.Representative,77,-1.0941011950191888,7.514763190341213e-5,0.36271390608341053,FALSE
OverTime_No,16,1.0934536961505978,0.02190593345441003,0.22107063158727136,FALSE
JobRole_Sales.Representative,76,-1.092653086372008,8.247443324372141e-5,0.36270362765985353,FALSE
JobRole_Sales.Representative,75,-1.0910586561513929,9.051558866972372e-5,0.36269178587982315,FALSE
BusinessTravel_Non.Travel,50,1.0907146675433927,9.264551296891421e-4,0.3604465777591454,FALSE
JobRole_Sales.Representative,74,-1.0892993189841929,9.934074682289904e-5,0.3626780375238114,FALSE
JobRole_Sales.Representative,73,-1.0873858272481198,1.0902634700128992e-4,0.36266258741432056,FALSE
JobRole_Sales.Representative,72,-1.0852723669887891,1.1965628124013325e-4,0.36264456462794475,FALSE
JobRole_Sales.Representative,71,-1.082969381677444,1.3132262094453617e-4,0.36262407026953836,FALSE
BusinessTravel_Non.Travel,49,1.0810465698768643,0.0010167833611185427,0.36019741991167054,FALSE
JobRole_Sales.Representative,70,-1.080470787228528,1.44126414367941e-4,0.36260080226591646,FALSE
JobRole_Sales.Representative,69,-1.077753553059462,1.5817856184375593e-4,0.3625750312911191,FALSE
JobRole_Sales.Representative,68,-1.075605780236605,1.7360077635098916e-4,0.36254830031139806,FALSE
JobRole_Sales.Representative,67,-1.0735776734134435,1.9052663773384671e-4,0.3625197570378639,FALSE
JobRole_Sales.Representative,66,-1.0713886440085727,2.091027497064395e-4,0.3624872676029919,FALSE
BusinessTravel_Non.Travel,48,1.0706071124393994,0.001115918483601481,0.35990150955566197,FALSE
JobRole_Sales.Representative,65,-1.0689144248853264,2.2949000966402086e-4,0.36244920610102305,FALSE
JobRole_Laboratory.Technician,59,-1.0666076215473084,4.010403094059142e-4,0.36206703725293354,FALSE
JobRole_Sales.Representative,64,-1.0663056283875028,2.518650022992524e-4,0.3624065585818234,FALSE
JobRole_Sales.Representative,63,-1.063393663668601,2.7642152909433524e-4,0.36235666718114795,FALSE
JobRole_Sales.Representative,62,-1.0602151592710554,3.033722869367358e-4,0.36229920518149916,FALSE
BusinessTravel_Non.Travel,47,1.0593474158153995,0.0012247191581435085,0.35955046616960523,FALSE
JobRole_Sales.Representative,61,-1.0567501898371234,3.3295071039787273e-4,0.36223300246037204,FALSE
JobRole_Sales.Representative,60,-1.0530101595620096,3.6541299363170135e-4,0.36215676891571624,FALSE
JobRole_Sales.Representative,59,-1.048811291597021,4.010403094059142e-4,0.36206703725293354,FALSE
BusinessTravel_Non.Travel,46,1.046979556656312,0.0013441277641381955,0.35914304206841974,FALSE
JobRole_Human.Resources,55,-1.0461318631424381,5.818408222230162e-4,0.36154523797689503,FALSE
JobRole_Sales.Representative,58,-1.0443718936526343,4.401412444859441e-4,0.3619648237246643,FALSE
OverTime_No,15,1.0439703278961276,0.024041734923188045,0.2070706336595344,FALSE
JobRole_Sales.Representative,57,-1.0394468491835867,4.8305447246590105e-4,0.3618447451426575,FALSE
JobRole_Laboratory.Technician,58,-1.0352122322468587,4.401412444859441e-4,0.3619648237246643,FALSE
JobRole_Sales.Representative,56,-1.0340415499952214,5.301516871972259e-4,0.3617050028673343,FALSE
BusinessTravel_Non.Travel,45,1.0335880717484265,0.0014751785618066112,0.3586547794074863,FALSE
JobRole_Research.Director,34,1.0303979218365051,0.004104771977089369,0.3430603406008423,FALSE
Department_Human.Resources,63,1.0287717586091052,2.7642152909433524e-4,0.36235666718114795,FALSE
JobRole_Sales.Representative,55,-1.0283494165523743,5.818408222230162e-4,0.36154523797689503,FALSE
JobRole_Sales.Representative,54,-1.0220317046427805,6.38569584103225e-4,0.36135790900066234,FALSE
BusinessTravel_Non.Travel,44,1.0190940973933351,0.0016190066504645777,0.3580922440439754,FALSE
JobRole_Sales.Representative,53,-1.0153782313322757,7.008293302347037e-4,0.3611437684821306,FALSE
JobRole_Sales.Representative,52,-1.0073095422005005,7.691593247539126e-4,0.36089874444188386,FALSE
BusinessTravel_Non.Travel,43,1.0035255533963043,0.0017768578002099217,0.3573786498837732,FALSE
JobRole_Laboratory.Technician,57,-1.0005690422656817,4.8305447246590105e-4,0.3618447451426575,FALSE
JobRole_Sales.Representative,51,-0.998938407005591,8.441514093848918e-4,0.360657482061488,FALSE
OverTime_No,14,0.9954955520484732,0.026385774398510174,0.1952692822849756,FALSE
JobRole_Sales.Representative,50,-0.9944360295966714,9.264551296891421e-4,0.3604465777591454,FALSE
JobRole_Sales.Representative,49,-0.9901505183412115,0.0010167833611185427,0.36019741991167054,FALSE
BusinessTravel_Non.Travel,42,0.9867466097691404,0.0019500992421870964,0.35649079975133047,FALSE
JobRole_Sales.Representative,48,-0.985504014485116,0.001115918483601481,0.35990150955566197,FALSE
JobRole_Sales.Representative,47,-0.9805364378408878,0.0012247191581435085,0.35955046616960523,FALSE
JobRole_Sales.Representative,46,-0.9757247224398261,0.0013441277641381955,0.35914304206841974,FALSE
JobRole_Sales.Representative,45,-0.9703632517821773,0.0014751785618066112,0.3586547794074863,FALSE
BusinessTravel_Non.Travel,41,0.9695299857076395,0.0021402315108892825,0.3555273047101022,FALSE
EducationField_Human.Resources,78,-0.9680303734307413,6.847172340066526e-5,0.3627231816245738,FALSE
JobRole_Sales.Representative,44,-0.9675919554611053,0.0016190066504645777,0.3580922440439754,FALSE
EducationField_Human.Resources,77,-0.9668422092808124,7.514763190341213e-5,0.36271390608341053,FALSE
EducationField_Human.Resources,76,-0.9655341430337662,8.247443324372141e-5,0.36270362765985353,FALSE
EducationField_Human.Resources,75,-0.9641077360976599,9.051558866972372e-5,0.36269178587982315,FALSE
JobRole_Laboratory.Technician,56,-0.9635941708586747,5.301516871972259e-4,0.3617050028673343,FALSE
EducationField_Human.Resources,74,-0.962548942339995,9.934074682289904e-5,0.3626780375238114,FALSE
JobRole_Sales.Representative,43,-0.9616688818938423,0.0017768578002099217,0.3573786498837732,FALSE
EducationField_Human.Resources,73,-0.9608357852797071,1.0902634700128992e-4,0.36266258741432056,FALSE
EducationField_Human.Resources,72,-0.9589671809331007,1.1965628124013325e-4,0.36264456462794475,FALSE
EducationField_Human.Resources,71,-0.9569085340936253,1.3132262094453617e-4,0.36262407026953836,FALSE
EducationField_Human.Resources,70,-0.9546405537520726,1.44126414367941e-4,0.36260080226591646,FALSE
JobRole_Sales.Representative,42,-0.953358037916725,0.0019500992421870964,0.35649079975133047,FALSE
EducationField_Human.Resources,69,-0.9522164934218922,1.5817856184375593e-4,0.3625750312911191,FALSE
BusinessTravel_Non.Travel,40,0.9509396573131289,0.0023489014410703257,0.3544208048178532,FALSE
EducationField_Human.Resources,68,-0.9495236304794488,1.7360077635098916e-4,0.36254830031139806,FALSE
EducationField_Human.Resources,67,-0.9466750149688431,1.9052663773384671e-4,0.3625197570378639,FALSE
Department_Human.Resources,62,0.9458615464323381,3.033722869367358e-4,0.36229920518149916,FALSE
OverTime_No,13,0.9456514415455505,0.0289583548289432,0.18266092804591583,FALSE
EducationField_Human.Resources,66,-0.9435263708422742,2.091027497064395e-4,0.3624872676029919,FALSE
JobRole_Sales.Representative,41,-0.9422746873637617,0.0021402315108892825,0.3555273047101022,FALSE
EducationField_Human.Resources,65,-0.9401344028455728,2.2949000966402086e-4,0.36244920610102305,FALSE
EducationField_Human.Resources,64,-0.93633024481888,2.518650022992524e-4,0.3624065585818234,FALSE
EducationField_Human.Resources,63,-0.9322076341101638,2.7642152909433524e-4,0.36235666718114795,FALSE
BusinessTravel_Non.Travel,39,0.9310417981324597,0.002577916431839543,0.3531202433337982,FALSE
JobRole_Sales.Representative,40,-0.9302550972516925,0.0023489014410703257,0.3544208048178532,FALSE
JobRole_Research.Director,33,0.9277807773253358,0.004504982177486073,0.3404811824761014,FALSE
EducationField_Human.Resources,62,-0.9276798616809169,3.033722869367358e-4,0.36229920518149916,FALSE
JobRole_Laboratory.Technician,55,-0.9261170463539777,5.818408222230162e-4,0.36154523797689503,FALSE
EducationField_Human.Resources,61,-0.9227040043796231,3.3295071039787273e-4,0.36223300246037204,FALSE
JobRole_Sales.Representative,39,-0.9173538567158513,0.002577916431839543,0.3531202433337982,FALSE
EducationField_Human.Resources,60,-0.9172103261292879,3.6541299363170135e-4,0.36215676891571624,FALSE
JobRole_Human.Resources,54,-0.915913462255097,6.38569584103225e-4,0.36135790900066234,FALSE
EducationField_Human.Resources,59,-0.9112856825024939,4.010403094059142e-4,0.36206703725293354,FALSE
BusinessTravel_Non.Travel,38,0.9091603368868493,0.002829260101488162,0.3516394155159863,FALSE
EducationField_Human.Resources,58,-0.9046665906470236,4.401412444859441e-4,0.3619648237246643,FALSE
JobRole_Sales.Representative,38,-0.9046563108865887,0.002829260101488162,0.3516394155159863,FALSE
EducationField_Human.Resources,57,-0.8974887962813933,4.8305447246590105e-4,0.3618447451426575,FALSE
OverTime_No,12,0.8935546909332039,0.031781758675475044,0.16936306332044584,FALSE
JobRole_Sales.Representative,37,-0.8921056905097614,0.0031051094686420167,0.34997705365388615,FALSE
EducationField_Human.Resources,56,-0.889658251069824,5.301516871972259e-4,0.3617050028673343,FALSE
JobRole_Laboratory.Technician,54,-0.8862942505632012,6.38569584103225e-4,0.36135790900066234,FALSE
BusinessTravel_Non.Travel,37,0.8849993145104125,0.0031051094686420167,0.34997705365388615,FALSE
EducationField_Human.Resources,55,-0.8809196153287691,5.818408222230162e-4,0.36154523797689503,FALSE
JobRole_Sales.Representative,36,-0.877581980322513,0.0034078538085554125,0.34802699349455446,FALSE
JobRole_Manager,52,0.8772969486290177,7.691593247539126e-4,0.36089874444188386,FALSE
JobRole_Manager,53,0.8731523162512614,7.008293302347037e-4,0.3611437684821306,FALSE
EducationField_Human.Resources,54,-0.8714709316146512,6.38569584103225e-4,0.36135790900066234,FALSE
JobRole_Manager,54,0.8662191289641875,6.38569584103225e-4,0.36135790900066234,FALSE
JobRole_Manager,51,0.8660841318245166,8.441514093848918e-4,0.360657482061488,FALSE
Department_Human.Resources,61,0.8625321732094292,3.3295071039787273e-4,0.36223300246037204,FALSE
JobRole_Sales.Representative,35,-0.8618544677253352,0.003740115347870375,0.34574142870576036,FALSE
EducationField_Human.Resources,53,-0.8609668227747675,7.008293302347037e-4,0.3611437684821306,FALSE
BusinessTravel_Non.Travel,36,0.8594708648449972,0.0034078538085554125,0.34802699349455446,FALSE
JobRole_Manager,55,0.8582161052773843,5.818408222230162e-4,0.36154523797689503,FALSE
JobRole_Manager,56,0.8509347480398255,5.301516871972259e-4,0.3617050028673343,FALSE
EducationField_Human.Resources,52,-0.8498026855209525,7.691593247539126e-4,0.36089874444188386,FALSE
JobRole_Laboratory.Technician,53,-0.8477321523247179,7.008293302347037e-4,0.3611437684821306,FALSE
JobRole_Manager,50,0.8472752942508616,9.264551296891421e-4,0.3604465777591454,FALSE
JobRole_Sales.Representative,34,-0.8443225702032442,0.004104771977089369,0.3430603406008423,FALSE
JobRole_Manager,57,0.8433057501879062,4.8305447246590105e-4,0.3618447451426575,FALSE
EducationField_Technical.Degree,78,-0.8394397861755352,6.847172340066526e-5,0.3627231816245738,FALSE
OverTime_No,11,0.8393701922473815,0.034880440911532085,0.15481153123299363,FALSE
EducationField_Technical.Degree,77,-0.8389707366390904,7.514763190341213e-5,0.36271390608341053,FALSE
EducationField_Technical.Degree,76,-0.8384588966448908,8.247443324372141e-5,0.36270362765985353,FALSE
EducationField_Human.Resources,51,-0.8380245803853913,8.441514093848918e-4,0.360657482061488,FALSE
EducationField_Technical.Degree,75,-0.8378989306236241,9.051558866972372e-5,0.36269178587982315,FALSE
EducationField_Technical.Degree,74,-0.8372837419160638,9.934074682289904e-5,0.3626780375238114,FALSE
EducationField_Technical.Degree,73,-0.836612346681806,1.0902634700128992e-4,0.36266258741432056,FALSE
JobRole_Manager,58,0.8362646736999014,4.401412444859441e-4,0.3619648237246643,FALSE
EducationField_Technical.Degree,72,-0.8358751202449639,1.1965628124013325e-4,0.36264456462794475,FALSE
EducationField_Technical.Degree,71,-0.8350665699894746,1.3132262094453617e-4,0.36262407026953836,FALSE
EducationField_Technical.Degree,70,-0.8341831646480163,1.44126414367941e-4,0.36260080226591646,FALSE
EducationField_Human.Resources,50,-0.8335735831944104,9.264551296891421e-4,0.3604465777591454,FALSE
EducationField_Technical.Degree,69,-0.8332446381697264,1.5817856184375593e-4,0.3625750312911191,FALSE
BusinessTravel_Non.Travel,35,0.8324900533929249,0.003740115347870375,0.34574142870576036,FALSE
EducationField_Technical.Degree,68,-0.8320839002439582,1.7360077635098916e-4,0.36254830031139806,FALSE
EducationField_Technical.Degree,67,-0.830702625276122,1.9052663773384671e-4,0.3625197570378639,FALSE
JobRole_Manager,59,0.8302389907721758,4.010403094059142e-4,0.36206703725293354,FALSE
EducationField_Human.Resources,49,-0.8293997524810686,0.0010167833611185427,0.36019741991167054,FALSE
EducationField_Technical.Degree,66,-0.8291882233774518,2.091027497064395e-4,0.3624872676029919,FALSE
EducationField_Technical.Degree,65,-0.8275449766312816,2.2949000966402086e-4,0.36244920610102305,FALSE
EducationField_Technical.Degree,64,-0.8257350470571223,2.518650022992524e-4,0.3624065585818234,FALSE
EducationField_Human.Resources,48,-0.8248572271517282,0.001115918483601481,0.35990150955566197,FALSE
JobRole_Manager,49,0.8247171793158493,0.0010167833611185427,0.36019741991167054,FALSE
JobRole_Manager,60,0.824183454323692,3.6541299363170135e-4,0.36215676891571624,FALSE
EducationField_Technical.Degree,63,-0.8237679431442663,2.7642152909433524e-4,0.36235666718114795,FALSE
JobRole_Manager,78,0.8232672171057958,6.847172340066526e-5,0.3627231816245738,FALSE
JobRole_Sales.Representative,33,-0.8231004384351226,0.004504982177486073,0.3404811824761014,FALSE
JobRole_Research.Director,32,0.8217340636608774,0.004944212378359185,0.3380382502464125,FALSE
EducationField_Technical.Degree,62,-0.8216202506525715,3.033722869367358e-4,0.36229920518149916,FALSE
JobRole_Manager,77,0.821129765660073,7.514763190341213e-5,0.36271390608341053,FALSE
EducationField_Human.Resources,47,-0.8198972357953493,0.0012247191581435085,0.35955046616960523,FALSE
EducationField_Technical.Degree,61,-0.8192760089990276,3.3295071039787273e-4,0.36223300246037204,FALSE
JobRole_Manager,61,0.8191020336282605,3.3295071039787273e-4,0.36223300246037204,FALSE
JobRole_Manager,76,0.8187385444645703,8.247443324372141e-5,0.36270362765985353,FALSE
BusinessTravel_Travel_Frequently,78,-0.8178733953847551,6.847172340066526e-5,0.3627231816245738,FALSE
BusinessTravel_Travel_Frequently,77,-0.8174908799229014,7.514763190341213e-5,0.36271390608341053,FALSE
BusinessTravel_Travel_Frequently,76,-0.8170744911650245,8.247443324372141e-5,0.36270362765985353,FALSE
EducationField_Technical.Degree,60,-0.8167123102307522,3.6541299363170135e-4,0.36215676891571624,FALSE
BusinessTravel_Travel_Frequently,75,-0.8166183438000324,9.051558866972372e-5,0.36269178587982315,FALSE
JobRole_Manager,75,0.8161671259951702,9.051558866972372e-5,0.36269178587982315,FALSE
BusinessTravel_Travel_Frequently,74,-0.816116554688112,9.934074682289904e-5,0.3626780375238114,FALSE
BusinessTravel_Travel_Frequently,73,-0.8155697268109388,1.0902634700128992e-4,0.36266258741432056,FALSE
BusinessTravel_Travel_Frequently,72,-0.8149690477401645,1.1965628124013325e-4,0.36264456462794475,FALSE
JobRole_Manager,62,0.8143971415278798,3.033722869367358e-4,0.36229920518149916,FALSE
BusinessTravel_Travel_Frequently,71,-0.8143116191951726,1.3132262094453617e-4,0.36262407026953836,FALSE
EducationField_Human.Resources,46,-0.8140606557714123,0.0013441277641381955,0.35914304206841974,FALSE
EducationField_Technical.Degree,59,-0.8139393283086853,4.010403094059142e-4,0.36206703725293354,FALSE
BusinessTravel_Travel_Frequently,70,-0.813593024024119,1.44126414367941e-4,0.36260080226591646,FALSE
JobRole_Manager,74,0.8133794000142636,9.934074682289904e-5,0.3626780375238114,FALSE
BusinessTravel_Travel_Frequently,69,-0.8128331773301283,1.5817856184375593e-4,0.3625750312911191,FALSE
BusinessTravel_Travel_Frequently,68,-0.8121180689523123,1.7360077635098916e-4,0.36254830031139806,FALSE
BusinessTravel_Travel_Frequently,67,-0.8114469166946057,1.9052663773384671e-4,0.3625197570378639,FALSE
EducationField_Technical.Degree,58,-0.8108942557666349,4.401412444859441e-4,0.3619648237246643,FALSE
JobRole_Laboratory.Technician,52,-0.8108814498501384,7.691593247539126e-4,0.36089874444188386,FALSE
BusinessTravel_Travel_Frequently,66,-0.810712159771124,2.091027497064395e-4,0.3624872676029919,FALSE
JobRole_Manager,73,0.8102783479498449,1.0902634700128992e-4,0.36266258741432056,FALSE
JobRole_Manager,63,0.8100740518096174,2.7642152909433524e-4,0.36235666718114795,FALSE
BusinessTravel_Travel_Frequently,65,-0.8099153748275656,2.2949000966402086e-4,0.36244920610102305,FALSE
BusinessTravel_Travel_Frequently,64,-0.8090410827558805,2.518650022992524e-4,0.3624065585818234,FALSE
BusinessTravel_Travel_Frequently,63,-0.8080913794398328,2.7642152909433524e-4,0.36235666718114795,FALSE
EducationField_Human.Resources,45,-0.8077835032026769,0.0014751785618066112,0.3586547794074863,FALSE
EducationField_Technical.Degree,57,-0.8075954213283363,4.8305447246590105e-4,0.3618447451426575,FALSE
BusinessTravel_Travel_Frequently,62,-0.8070570926482321,3.033722869367358e-4,0.36229920518149916,FALSE
JobRole_Manager,72,0.8069233650128238,1.1965628124013325e-4,0.36264456462794475,FALSE
JobRole_Manager,64,0.8061262134843249,2.518650022992524e-4,0.3624065585818234,FALSE
BusinessTravel_Travel_Frequently,61,-0.8059313901036348,3.3295071039787273e-4,0.36223300246037204,FALSE
BusinessTravel_Travel_Frequently,60,-0.8047039177573423,3.6541299363170135e-4,0.36215676891571624,FALSE
BusinessTravel_Non.Travel,34,0.8042024667124321,0.004104771977089369,0.3430603406008423,FALSE
EducationField_Technical.Degree,56,-0.8040147905199437,5.301516871972259e-4,0.3617050028673343,FALSE
BusinessTravel_Travel_Frequently,59,-0.80337804416671,4.010403094059142e-4,0.36206703725293354,FALSE
JobRole_Manager,71,0.8031387940088411,1.3132262094453617e-4,0.36262407026953836,FALSE
JobRole_Manager,65,0.8027960322931369,2.2949000966402086e-4,0.36244920610102305,FALSE
BusinessTravel_Travel_Frequently,58,-0.8019302652765097,4.401412444859441e-4,0.3619648237246643,FALSE
EducationField_Human.Resources,44,-0.8009795573164952,0.0016190066504645777,0.3580922440439754,FALSE
JobRole_Manager,48,0.8003917530872209,0.001115918483601481,0.35990150955566197,FALSE
BusinessTravel_Travel_Frequently,57,-0.8003656035760579,4.8305447246590105e-4,0.3618447451426575,FALSE
EducationField_Technical.Degree,55,-0.8000870622403142,5.818408222230162e-4,0.36154523797689503,FALSE
JobRole_Sales.Representative,32,-0.800071080739084,0.004944212378359185,0.3380382502464125,FALSE
JobRole_Manager,66,0.7994430109965552,2.091027497064395e-4,0.3624872676029919,FALSE
JobRole_Manager,70,0.7988719658725363,1.44126414367941e-4,0.36260080226591646,FALSE
BusinessTravel_Travel_Frequently,56,-0.7986763574748558,5.301516871972259e-4,0.3617050028673343,FALSE
BusinessTravel_Travel_Frequently,55,-0.796838197616328,5.818408222230162e-4,0.36154523797689503,FALSE
JobRole_Manager,67,0.7966365528606687,1.9052663773384671e-4,0.3625197570378639,FALSE
EducationField_Technical.Degree,54,-0.7958437899164963,6.38569584103225e-4,0.36135790900066234,FALSE
BusinessTravel_Travel_Frequently,54,-0.79486632946132,6.38569584103225e-4,0.36135790900066234,FALSE
JobRole_Manager,69,0.7944731573545128,1.5817856184375593e-4,0.3625750312911191,FALSE
JobRole_Manager,68,0.7940420408975531,1.7360077635098916e-4,0.36254830031139806,FALSE
BusinessTravel_Travel_Frequently,53,-0.7927329272662014,7.008293302347037e-4,0.3611437684821306,FALSE
EducationField_Human.Resources,43,-0.7917825361026846,0.0017768578002099217,0.3573786498837732,FALSE
EducationField_Technical.Degree,53,-0.7911984011966613,7.008293302347037e-4,0.3611437684821306,FALSE
BusinessTravel_Travel_Frequently,52,-0.7905242374360942,7.691593247539126e-4,0.36089874444188386,FALSE
BusinessTravel_Travel_Frequently,51,-0.788092081232357,8.441514093848918e-4,0.360657482061488,FALSE
JobRole_Laboratory.Technician,51,-0.7879390530827033,8.441514093848918e-4,0.360657482061488,FALSE
JobRole_Human.Resources,53,-0.7863716057991182,7.008293302347037e-4,0.3611437684821306,FALSE
EducationField_Technical.Degree,52,-0.7862072226769141,7.691593247539126e-4,0.36089874444188386,FALSE
BusinessTravel_Travel_Frequently,50,-0.7851114449163216,9.264551296891421e-4,0.3604465777591454,FALSE
JobRole_Sales.Representative,31,-0.7845185601196164,0.005426266981584693,0.3353812302958474,FALSE
BusinessTravel_Travel_Frequently,49,-0.7818782107714363,0.0010167833611185427,0.36019741991167054,FALSE
OverTime_No,10,0.7817019041614678,0.03828124084025995,0.13775092749853907,FALSE
EducationField_Technical.Degree,51,-0.7804316045227292,8.441514093848918e-4,0.360657482061488,FALSE
JobRole_Laboratory.Technician,50,-0.7801855023023861,9.264551296891421e-4,0.3604465777591454,FALSE
Department_Human.Resources,60,0.7792424921961212,3.6541299363170135e-4,0.36215676891571624,FALSE
BusinessTravel_Travel_Frequently,48,-0.7783832630502006,0.001115918483601481,0.35990150955566197,FALSE
BusinessTravel_Non.Travel,33,0.7756434773290641,0.004504982177486073,0.3404811824761014,FALSE
JobRole_Laboratory.Technician,49,-0.7754968225155974,0.0010167833611185427,0.36019741991167054,FALSE
BusinessTravel_Travel_Frequently,47,-0.774605927429227,0.0012247191581435085,0.35955046616960523,FALSE
EducationField_Technical.Degree,50,-0.7745630249321246,9.264551296891421e-4,0.3604465777591454,FALSE
JobRole_Manager,47,0.7743549996039439,0.0012247191581435085,0.35955046616960523,FALSE
EducationField_Human.Resources,42,-0.7741407773016873,0.0019500992421870964,0.35649079975133047,FALSE
BusinessTravel_Travel_Frequently,46,-0.7704438015695347,0.0013441277641381955,0.35914304206841974,FALSE
JobRole_Laboratory.Technician,48,-0.7704091215690723,0.001115918483601481,0.35990150955566197,FALSE
JobRole_Sales.Representative,30,-0.7694512290970654,0.005955321313524932,0.33240183691285996,FALSE
EducationField_Technical.Degree,49,-0.7680855305359376,0.0010167833611185427,0.36019741991167054,FALSE
BusinessTravel_Travel_Frequently,45,-0.7659738851528142,0.0014751785618066112,0.3586547794074863,FALSE
JobRole_Laboratory.Technician,47,-0.7648862868687885,0.0012247191581435085,0.35955046616960523,FALSE
MaritalStatus_Single,78,-0.76214243044137,6.847172340066526e-5,0.3627231816245738,FALSE
MaritalStatus_Single,77,-0.7619510523958176,7.514763190341213e-5,0.36271390608341053,FALSE
MaritalStatus_Single,76,-0.7617464466162379,8.247443324372141e-5,0.36270362765985353,FALSE
MaritalStatus_Single,75,-0.7615209782798402,9.051558866972372e-5,0.36269178587982315,FALSE
MaritalStatus_Single,74,-0.7612696877273782,9.934074682289904e-5,0.3626780375238114,FALSE
EducationField_Technical.Degree,48,-0.7610630267537063,0.001115918483601481,0.35990150955566197,FALSE
MaritalStatus_Single,73,-0.7609994241341422,1.0902634700128992e-4,0.36266258741432056,FALSE
BusinessTravel_Travel_Frequently,44,-0.7609293623755341,0.0016190066504645777,0.3580922440439754,FALSE
EducationField_Human.Resources,41,-0.7607622485651039,0.0021402315108892825,0.3555273047101022,FALSE
MaritalStatus_Single,72,-0.7606985570644462,1.1965628124013325e-4,0.36264456462794475,FALSE
MaritalStatus_Single,71,-0.7603708854285829,1.3132262094453617e-4,0.36262407026953836,FALSE
MaritalStatus_Single,70,-0.7600153872813239,1.44126414367941e-4,0.36260080226591646,FALSE
MaritalStatus_Single,69,-0.7596559619357076,1.5817856184375593e-4,0.3625750312911191,FALSE
MaritalStatus_Single,68,-0.7592140291362243,1.7360077635098916e-4,0.36254830031139806,FALSE
JobRole_Laboratory.Technician,46,-0.7587719083387159,0.0013441277641381955,0.35914304206841974,FALSE
MaritalStatus_Single,67,-0.758758957890195,1.9052663773384671e-4,0.3625197570378639,FALSE
MaritalStatus_Single,66,-0.7582613447566078,2.091027497064395e-4,0.3624872676029919,FALSE
MaritalStatus_Single,65,-0.7577133460098496,2.2949000966402086e-4,0.36244920610102305,FALSE
MaritalStatus_Single,64,-0.7571198111148508,2.518650022992524e-4,0.3624065585818234,FALSE
MaritalStatus_Single,63,-0.756466374288784,2.7642152909433524e-4,0.36235666718114795,FALSE
BusinessTravel_Travel_Frequently,43,-0.7558822583362554,0.0017768578002099217,0.3573786498837732,FALSE
MaritalStatus_Single,62,-0.7557527131326917,3.033722869367358e-4,0.36229920518149916,FALSE
MaritalStatus_Single,61,-0.754974211163649,3.3295071039787273e-4,0.36223300246037204,FALSE
MaritalStatus_Single,60,-0.7541250259176482,3.6541299363170135e-4,0.36215676891571624,FALSE
JobRole_Sales.Representative,29,-0.7536081868494438,0.006535957789708099,0.32898564101346683,FALSE
EducationField_Technical.Degree,47,-0.7534534344260828,0.0012247191581435085,0.35955046616960523,FALSE
MaritalStatus_Single,59,-0.7531908202118687,4.010403094059142e-4,0.36206703725293354,FALSE
JobRole_Research.Director,31,0.7531260737649227,0.005426266981584693,0.3353812302958474,FALSE
MaritalStatus_Single,58,-0.7521801880621727,4.401412444859441e-4,0.3619648237246643,FALSE
JobRole_Laboratory.Technician,45,-0.7520248673338672,0.0014751785618066112,0.3586547794074863,FALSE
EducationField_Human.Resources,40,-0.7516422220190363,0.0023489014410703257,0.3544208048178532,FALSE
MaritalStatus_Single,57,-0.7510696069695776,4.8305447246590105e-4,0.3618447451426575,FALSE
BusinessTravel_Travel_Frequently,42,-0.7506715683751571,0.0019500992421870964,0.35649079975133047,FALSE
MaritalStatus_Single,56,-0.7498565375971571,5.301516871972259e-4,0.3617050028673343,FALSE
MaritalStatus_Single,55,-0.7485441686238146,5.818408222230162e-4,0.36154523797689503,FALSE
JobRole_Manager,46,0.7475325440039209,0.0013441277641381955,0.35914304206841974,FALSE
MaritalStatus_Single,54,-0.7471026878079171,6.38569584103225e-4,0.36135790900066234,FALSE
BusinessTravel_Non.Travel,32,0.7467104792990843,0.004944212378359185,0.3380382502464125,FALSE
EducationField_Technical.Degree,46,-0.7455969604933067,0.0013441277641381955,0.35914304206841974,FALSE
MaritalStatus_Single,53,-0.7455408642299831,7.008293302347037e-4,0.3611437684821306,FALSE
BusinessTravel_Travel_Frequently,41,-0.7451779320954219,0.0021402315108892825,0.3555273047101022,FALSE
JobRole_Laboratory.Technician,44,-0.7442524744738078,0.0016190066504645777,0.3580922440439754,FALSE
MaritalStatus_Single,52,-0.7439116266452845,7.691593247539126e-4,0.36089874444188386,FALSE
MaritalStatus_Single,51,-0.7425453999527972,8.441514093848918e-4,0.360657482061488,FALSE
EducationField_Human.Resources,39,-0.7419467646370654,0.002577916431839543,0.3531202433337982,FALSE
MaritalStatus_Single,50,-0.7411611913458576,9.264551296891421e-4,0.3604465777591454,FALSE
MaritalStatus_Single,49,-0.7396145986725832,0.0010167833611185427,0.36019741991167054,FALSE
BusinessTravel_Travel_Frequently,40,-0.7391840964908336,0.0023489014410703257,0.3544208048178532,FALSE
MaritalStatus_Single,48,-0.7379550983396619,0.001115918483601481,0.35990150955566197,FALSE
EducationField_Technical.Degree,45,-0.7370609458487285,0.0014751785618066112,0.3586547794074863,FALSE
JobRole_Sales.Representative,28,-0.7365741651376182,0.007173205605519361,0.32502019508517654,FALSE
JobRole_Laboratory.Technician,43,-0.7362228270989613,0.0017768578002099217,0.3573786498837732,FALSE
MaritalStatus_Single,47,-0.7361723136849289,0.0012247191581435085,0.35955046616960523,FALSE
MaritalStatus_Single,46,-0.7342360413965572,0.0013441277641381955,0.35914304206841974,FALSE
BusinessTravel_Travel_Frequently,39,-0.7327640848402387,0.002577916431839543,0.3531202433337982,FALSE
MaritalStatus_Single,45,-0.7321597464775303,0.0014751785618066112,0.3586547794074863,FALSE
EducationField_Human.Resources,38,-0.7318632513257154,0.002829260101488162,0.3516394155159863,FALSE
MaritalStatus_Single,44,-0.7297369095480616,0.0016190066504645777,0.3580922440439754,FALSE
JobRole_Laboratory.Technician,42,-0.7285636556170453,0.0019500992421870964,0.35649079975133047,FALSE
EducationField_Technical.Degree,44,-0.7279779932281738,0.0016190066504645777,0.3580922440439754,FALSE
MaritalStatus_Single,43,-0.7271652811305942,0.0017768578002099217,0.3573786498837732,FALSE
BusinessTravel_Travel_Frequently,38,-0.7258254939405349,0.002829260101488162,0.3516394155159863,FALSE
MaritalStatus_Single,42,-0.7239056506466561,0.0019500992421870964,0.35649079975133047,FALSE
EducationField_Human.Resources,37,-0.7221327180301992,0.0031051094686420167,0.34997705365388615,FALSE
MaritalStatus_Single,41,-0.721249215916314,0.0021402315108892825,0.3555273047101022,FALSE
JobRole_Laboratory.Technician,41,-0.7209120336260895,0.0021402315108892825,0.3555273047101022,FALSE
OverTime_No,9,0.7193150694881382,0.04201361456372766,0.12122984693327349,FALSE
MaritalStatus_Single,40,-0.7187705552704071,0.0023489014410703257,0.3544208048178532,FALSE
BusinessTravel_Travel_Frequently,37,-0.7183351601859552,0.0031051094686420167,0.34997705365388615,FALSE
JobRole_Sales.Representative,27,-0.7181618594811143,0.00787258429668537,0.32048983943872644,FALSE
EducationField_Technical.Degree,43,-0.7178991980560014,0.0017768578002099217,0.3573786498837732,FALSE
JobRole_Manager,45,0.7177826162014446,0.0014751785618066112,0.3586547794074863,FALSE
BusinessTravel_Non.Travel,31,0.7165008295082221,0.005426266981584693,0.3353812302958474,FALSE
MaritalStatus_Single,39,-0.7161889200370578,0.002577916431839543,0.3531202433337982,FALSE
MaritalStatus_Single,38,-0.7134206810000284,0.002829260101488162,0.3516394155159863,FALSE
JobRole_Laboratory.Technician,40,-0.7128219207379569,0.0023489014410703257,0.3544208048178532,FALSE
EducationField_Human.Resources,36,-0.7119749360679727,0.0034078538085554125,0.34802699349455446,FALSE
BusinessTravel_Travel_Frequently,36,-0.7104447227342942,0.0034078538085554125,0.34802699349455446,FALSE
MaritalStatus_Single,37,-0.7103488277392108,0.0031051094686420167,0.34997705365388615,FALSE
Department_Sales,78,-0.7101992362465273,6.847172340066526e-5,0.3627231816245738,FALSE
MaritalStatus_Single,36,-0.7072442805102926,0.0034078538085554125,0.34802699349455446,FALSE
EducationField_Technical.Degree,42,-0.706962172062094,0.0019500992421870964,0.35649079975133047,FALSE
Department_Sales,77,-0.7047492100129673,7.514763190341213e-5,0.36271390608341053,FALSE
JobRole_Laboratory.Technician,39,-0.704303871890489,0.002577916431839543,0.3531202433337982,FALSE
MaritalStatus_Single,35,-0.7040310882702651,0.003740115347870375,0.34574142870576036,FALSE
BusinessTravel_Travel_Frequently,35,-0.7020911813148699,0.003740115347870375,0.34574142870576036,FALSE
EducationField_Human.Resources,35,-0.7009662266877964,0.003740115347870375,0.34574142870576036,FALSE
MaritalStatus_Single,34,-0.7007865139446486,0.004104771977089369,0.3430603406008423,FALSE
Department_Sales,76,-0.6989875751074368,8.247443324372141e-5,0.36270362765985353,FALSE
JobRole_Sales.Representative,26,-0.6982070329776741,0.008640151546852212,0.31520186901440195,FALSE
MaritalStatus_Single,33,-0.6959285794303737,0.004504982177486073,0.3404811824761014,FALSE
EducationField_Technical.Degree,41,-0.6956086968794369,0.0021402315108892825,0.3555273047101022,FALSE
JobRole_Laboratory.Technician,38,-0.694763924201619,0.002829260101488162,0.3516394155159863,FALSE
BusinessTravel_Travel_Frequently,34,-0.6933626266779762,0.004104771977089369,0.3430603406008423,FALSE
JobRole_Manager,44,0.6927472418353902,0.0016190066504645777,0.3580922440439754,FALSE
Department_Sales,75,-0.6925894310840912,9.051558866972372e-5,0.36269178587982315,FALSE
Department_Human.Resources,59,0.6922831884471186,4.010403094059142e-4,0.36206703725293354,FALSE
EducationField_Human.Resources,34,-0.6892258247457362,0.004104771977089369,0.3430603406008423,FALSE
MaritalStatus_Single,32,-0.6891843404556183,0.004944212378359185,0.3380382502464125,FALSE
JobRole_Research.Director,30,0.6888489196190941,0.005955321313524932,0.33240183691285996,FALSE
Department_Sales,74,-0.6854424071317284,9.934074682289904e-5,0.3626780375238114,FALSE
BusinessTravel_Non.Travel,30,0.6845016199564362,0.005955321313524932,0.33240183691285996,FALSE
JobRole_Laboratory.Technician,37,-0.6844077602915777,0.0031051094686420167,0.34997705365388615,FALSE
EducationField_Technical.Degree,40,-0.6833542515759543,0.0023489014410703257,0.3544208048178532,FALSE
BusinessTravel_Travel_Frequently,33,-0.6829283869939958,0.004504982177486073,0.3404811824761014,FALSE
JobRole_Sales.Representative,25,-0.6818758849738323,0.009482555656343221,0.30912643060277756,FALSE
MaritalStatus_Single,31,-0.6812896257571791,0.005426266981584693,0.3353812302958474,FALSE
Department_Sales,73,-0.6778329695563033,1.0902634700128992e-4,0.36266258741432056,FALSE
EducationField_Human.Resources,33,-0.6762311191275573,0.004504982177486073,0.3404811824761014,FALSE
JobRole_Laboratory.Technician,36,-0.6734929364917346,0.0034078538085554125,0.34802699349455446,FALSE
MaritalStatus_Single,30,-0.6717911131270523,0.005955321313524932,0.33240183691285996,FALSE
BusinessTravel_Travel_Frequently,32,-0.6706502342221888,0.004944212378359185,0.3380382502464125,FALSE
EducationField_Technical.Degree,39,-0.6701398121142519,0.002577916431839543,0.3531202433337982,FALSE
Department_Sales,72,-0.669344626846479,1.1965628124013325e-4,0.36264456462794475,FALSE
JobRole_Sales.Representative,24,-0.6666909445827369,0.010407093126555881,0.3021444898547104,FALSE
JobRole_Manager,43,0.6623045577516371,0.0017768578002099217,0.3573786498837732,FALSE
JobRole_Laboratory.Technician,35,-0.6617909101191461,0.003740115347870375,0.34574142870576036,FALSE
JobRole_Manufacturing.Director,51,0.661133387077352,8.441514093848918e-4,0.360657482061488,FALSE
MaritalStatus_Single,29,-0.6610200726402399,0.006535957789708099,0.32898564101346683,FALSE
JobRole_Manufacturing.Director,50,0.66096612265938,9.264551296891421e-4,0.3604465777591454,FALSE
EducationField_Human.Resources,32,-0.6609158373448439,0.004944212378359185,0.3380382502464125,FALSE
Department_Sales,71,-0.6602971245262241,1.3132262094453617e-4,0.36262407026953836,FALSE
JobRole_Manufacturing.Director,49,0.6571168320274655,0.0010167833611185427,0.36019741991167054,FALSE
BusinessTravel_Travel_Frequently,31,-0.657072266572171,0.005426266981584693,0.3353812302958474,FALSE
EducationField_Technical.Degree,38,-0.6558857581674594,0.002829260101488162,0.3516394155159863,FALSE
JobRole_Human.Resources,52,-0.6550511676857795,7.691593247539126e-4,0.36089874444188386,FALSE
JobRole_Manufacturing.Director,48,0.652914744137095,0.001115918483601481,0.35990150955566197,FALSE
OverTime_No,8,0.6523209919910448,0.04610989011759219,0.1034412985924886,FALSE
Department_Sales,70,-0.6507488151024502,1.44126414367941e-4,0.36260080226591646,FALSE
BusinessTravel_Non.Travel,29,0.6506281791119588,0.006535957789708099,0.32898564101346683,FALSE
JobRole_Sales.Representative,23,-0.6498238447082874,0.011421771858766349,0.2942639657578007,FALSE
MaritalStatus_Single,28,-0.6498142603949263,0.007173205605519361,0.32502019508517654,FALSE
JobRole_Laboratory.Technician,34,-0.6493572880621385,0.004104771977089369,0.3430603406008423,FALSE
JobRole_Manufacturing.Director,47,0.6484083254333597,0.0012247191581435085,0.35955046616960523,FALSE
JobRole_Manufacturing.Director,52,0.6482069679657829,7.691593247539126e-4,0.36089874444188386,FALSE
EducationField_Human.Resources,31,-0.6459509767128442,0.005426266981584693,0.3353812302958474,FALSE
JobRole_Manufacturing.Director,46,0.6438717783429683,0.0013441277641381955,0.35914304206841974,FALSE
BusinessTravel_Travel_Frequently,30,-0.6423727174872282,0.005955321313524932,0.33240183691285996,FALSE
Department_Sales,69,-0.6408252335240384,1.5817856184375593e-4,0.3625750312911191,FALSE
EducationField_Technical.Degree,37,-0.6405863497898685,0.0031051094686420167,0.34997705365388615,FALSE
JobRole_Manufacturing.Director,45,0.6388342737744416,0.0014751785618066112,0.3586547794074863,FALSE
MaritalStatus_Single,27,-0.6384558122552094,0.00787258429668537,0.32048983943872644,FALSE
JobRole_Laboratory.Technician,33,-0.6373844435990763,0.004504982177486073,0.3404811824761014,FALSE
JobRole_Manufacturing.Director,44,0.6363916865662664,0.0016190066504645777,0.3580922440439754,FALSE
JobRole_Manager,42,0.6361607030430956,0.0019500992421870964,0.35649079975133047,FALSE
JobRole_Sales.Representative,22,-0.6341360048857924,0.012535380514739396,0.2855493376091368,FALSE
JobRole_Manufacturing.Director,43,0.6309930099342146,0.0017768578002099217,0.3573786498837732,FALSE
EducationField_Human.Resources,30,-0.6305610948018137,0.005955321313524932,0.33240183691285996,FALSE
Department_Sales,68,-0.6292839682378872,1.7360077635098916e-4,0.36254830031139806,FALSE
BusinessTravel_Travel_Frequently,29,-0.6268393960323829,0.006535957789708099,0.32898564101346683,FALSE
MaritalStatus_Single,26,-0.6264937655913173,0.008640151546852212,0.31520186901440195,FALSE
JobRole_Laboratory.Technician,32,-0.6254614196857564,0.004944212378359185,0.3380382502464125,FALSE
EducationField_Technical.Degree,36,-0.6242633930081939,0.0034078538085554125,0.34802699349455446,FALSE
JobRole_Research.Director,29,0.6230746379406222,0.006535957789708099,0.32898564101346683,FALSE
JobRole_Manufacturing.Director,42,0.6230192488390977,0.0019500992421870964,0.35649079975133047,FALSE
JobRole_Manufacturing.Director,53,0.6203387259072245,7.008293302347037e-4,0.3611437684821306,FALSE
JobRole_Sales.Representative,21,-0.6171153445639935,0.013757564639912196,0.2764829300150446,FALSE
Department_Sales,67,-0.6160339133773621,1.9052663773384671e-4,0.3625197570378639,FALSE
BusinessTravel_Non.Travel,28,0.6150105028343834,0.007173205605519361,0.32502019508517654,FALSE
MaritalStatus_Single,25,-0.6146552245958443,0.009482555656343221,0.30912643060277756,FALSE
EducationField_Human.Resources,29,-0.6138647659400588,0.006535957789708099,0.32898564101346683,FALSE
JobRole_Manufacturing.Director,41,0.6116762478146837,0.0021402315108892825,0.3555273047101022,FALSE
JobRole_Laboratory.Technician,31,-0.6109719790254172,0.005426266981584693,0.3353812302958474,FALSE
BusinessTravel_Travel_Frequently,28,-0.6105819340674665,0.007173205605519361,0.32502019508517654,FALSE
Department_Human.Resources,58,0.6075504126778974,4.401412444859441e-4,0.3619648237246643,FALSE
EducationField_Technical.Degree,35,-0.6068107165639183,0.003740115347870375,0.34574142870576036,FALSE
MaritalStatus_Single,24,-0.6027667315029371,0.010407093126555881,0.3021444898547104,FALSE
Department_Sales,66,-0.6016866608313626,2.091027497064395e-4,0.3624872676029919,FALSE
JobRole_Manufacturing.Director,40,0.599659898138869,0.0023489014410703257,0.3544208048178532,FALSE
JobRole_Manager,41,0.5969389391705694,0.0021402315108892825,0.3555273047101022,FALSE
EducationField_Human.Resources,28,-0.5959408270661514,0.007173205605519361,0.32502019508517654,FALSE
JobRole_Laboratory.Technician,30,-0.5953581550381294,0.005955321313524932,0.33240183691285996,FALSE
JobRole_Sales.Representative,20,-0.5945666040256277,0.015098910208494557,0.267416834480004,FALSE
BusinessTravel_Travel_Frequently,27,-0.5935516081605813,0.00787258429668537,0.32048983943872644,FALSE
MaritalStatus_Single,23,-0.5908343996925182,0.011421771858766349,0.2942639657578007,FALSE
JobRole_Manufacturing.Director,54,0.5893234112368286,6.38569584103225e-4,0.36135790900066234,FALSE
EducationField_Technical.Degree,34,-0.5882274756943534,0.004104771977089369,0.3430603406008423,FALSE
JobRole_Manufacturing.Director,39,0.586663061657563,0.002577916431839543,0.3531202433337982,FALSE
Department_Sales,65,-0.5855386634528158,2.2949000966402086e-4,0.36244920610102305,FALSE
JobRole_Human.Resources,51,-0.5849232900609774,8.441514093848918e-4,0.360657482061488,FALSE
OverTime_No,7,0.5830664190995518,0.050605547481077894,0.0882469778598371,FALSE
JobRole_Laboratory.Technician,29,-0.578730877112872,0.006535957789708099,0.32898564101346683,FALSE
BusinessTravel_Non.Travel,27,0.5779354389165855,0.00787258429668537,0.32048983943872644,FALSE
MaritalStatus_Single,22,-0.5776721395333652,0.012535380514739396,0.2855493376091368,FALSE
JobRole_Human.Resources,50,-0.5776384321215979,9.264551296891421e-4,0.3604465777591454,FALSE
JobRole_Sales.Representative,19,-0.5773544316323075,0.01657103531411328,0.2571489104307527,FALSE
BusinessTravel_Travel_Frequently,26,-0.5755213673497933,0.008640151546852212,0.31520186901440195,FALSE
EducationField_Human.Resources,27,-0.5735510048327073,0.00787258429668537,0.32048983943872644,FALSE
JobRole_Human.Resources,49,-0.5730294083990829,0.0010167833611185427,0.36019741991167054,FALSE
JobRole_Manufacturing.Director,38,0.5723078989807313,0.002829260101488162,0.3516394155159863,FALSE
JobRole_Healthcare.Representative,51,0.5710684332010898,8.441514093848918e-4,0.360657482061488,FALSE
EducationField_Technical.Degree,33,-0.5702230365432184,0.004504982177486073,0.3404811824761014,FALSE
Department_Sales,64,-0.5686313026381409,2.518650022992524e-4,0.3624065585818234,FALSE
JobRole_Healthcare.Representative,50,0.5683042038628637,9.264551296891421e-4,0.3604465777591454,FALSE
JobRole_Human.Resources,48,-0.5680308330625891,0.001115918483601481,0.35990150955566197,FALSE
JobRole_Sales.Representative,18,-0.5668754199024492,0.01818669080018116,0.2461592743020809,FALSE
MaritalStatus_Single,21,-0.5648888019018884,0.013757564639912196,0.2764829300150446,FALSE
JobRole_Human.Resources,47,-0.5626079149415213,0.0012247191581435085,0.35955046616960523,FALSE
JobRole_Healthcare.Representative,49,0.5617811271441496,0.0010167833611185427,0.36019741991167054,FALSE
JobRole_Healthcare.Representative,52,0.5614953097493344,7.691593247539126e-4,0.36089874444188386,FALSE
JobRole_Sales.Representative,17,-0.561433631255378,0.019959870701602742,0.233847881404585,FALSE
JobRole_Laboratory.Technician,28,-0.5610005743326036,0.007173205605519361,0.32502019508517654,FALSE
JobRole_Research.Scientist,78,-0.5593909511785926,6.847172340066526e-5,0.3627231816245738,FALSE
JobRole_Sales.Representative,16,-0.5586503015233598,0.02190593345441003,0.22107063158727136,FALSE
JobRole_Sales.Representative,15,-0.557635779437077,0.024041734923188045,0.2070706336595344,FALSE
JobRole_Human.Resources,46,-0.5569728384050773,0.0013441277641381955,0.35914304206841974,FALSE
JobRole_Manufacturing.Director,55,0.5565361162562446,5.818408222230162e-4,0.36154523797689503,FALSE
BusinessTravel_Travel_Frequently,25,-0.5564986866458392,0.009482555656343221,0.30912643060277756,FALSE
JobRole_Manufacturing.Director,37,0.5558200430293222,0.0031051094686420167,0.34997705365388615,FALSE
JobRole_Research.Director,28,0.5556362486311468,0.007173205605519361,0.32502019508517654,FALSE
JobRole_Healthcare.Representative,48,0.554739880456866,0.001115918483601481,0.35990150955566197,FALSE
MaritalStatus_Single,20,-0.5544396117554918,0.015098910208494557,0.267416834480004,FALSE
JobRole_Research.Scientist,77,-0.5529909473468911,7.514763190341213e-5,0.36271390608341053,FALSE
EducationField_Technical.Degree,32,-0.5524845022660745,0.004944212378359185,0.3380382502464125,FALSE
JobRole_Manager,40,0.5510578965747956,0.0023489014410703257,0.3544208048178532,FALSE
JobRole_Human.Resources,45,-0.5507837810916464,0.0014751785618066112,0.3586547794074863,FALSE
Department_Sales,63,-0.5497102124512213,2.7642152909433524e-4,0.36235666718114795,FALSE
EducationField_Human.Resources,26,-0.5493012084986884,0.008640151546852212,0.31520186901440195,FALSE
JobRole_Healthcare.Representative,47,0.5472304073362142,0.0012247191581435085,0.35955046616960523,FALSE
JobRole_Research.Scientist,76,-0.5461953538537995,8.247443324372141e-5,0.36270362765985353,FALSE
MaritalStatus_Single,19,-0.5432410308751181,0.01657103531411328,0.2571489104307527,FALSE
JobRole_Human.Resources,44,-0.5431546053880112,0.0016190066504645777,0.3580922440439754,FALSE
JobRole_Laboratory.Technician,27,-0.5420693815444337,0.00787258429668537,0.32048983943872644,FALSE
JobRole_Healthcare.Representative,46,0.5398551643989278,0.0013441277641381955,0.35914304206841974,FALSE
BusinessTravel_Non.Travel,26,0.53877160774623,0.008640151546852212,0.31520186901440195,FALSE
JobRole_Research.Scientist,75,-0.5386568000271255,9.051558866972372e-5,0.36269178587982315,FALSE
JobRole_Manufacturing.Director,36,0.5369873194828616,0.0034078538085554125,0.34802699349455446,FALSE
JobRole_Healthcare.Representative,53,0.5365793329665774,7.008293302347037e-4,0.3611437684821306,FALSE
BusinessTravel_Travel_Frequently,24,-0.5364393914513982,0.010407093126555881,0.3021444898547104,FALSE
EducationField_Technical.Degree,31,-0.5330854372894825,0.005426266981584693,0.3353812302958474,FALSE
JobRole_Healthcare.Representative,45,0.5317973452148035,0.0014751785618066112,0.3586547794074863,FALSE
MaritalStatus_Single,18,-0.5302959521816341,0.01818669080018116,0.2461592743020809,FALSE
JobRole_Research.Scientist,74,-0.5302539207427376,9.934074682289904e-5,0.3626780375238114,FALSE
Department_Sales,62,-0.5291895658809886,3.033722869367358e-4,0.36229920518149916,FALSE
JobRole_Healthcare.Representative,44,0.5265902736703777,0.0016190066504645777,0.3580922440439754,FALSE
JobRole_Manufacturing.Director,56,0.5254236079772561,5.301516871972259e-4,0.3617050028673343,FALSE
JobRole_Laboratory.Technician,26,-0.5219152321270728,0.008640151546852212,0.31520186901440195,FALSE
JobRole_Research.Scientist,73,-0.5212758312289317,1.0902634700128992e-4,0.36266258741432056,FALSE
JobRole_Sales.Representative,14,-0.5209690331455381,0.026385774398510174,0.1952692822849756,FALSE
Department_Human.Resources,57,0.51954212246415,4.8305447246590105e-4,0.3618447451426575,FALSE
MaritalStatus_Single,17,-0.5186446589257449,0.019959870701602742,0.233847881404585,FALSE
JobRole_Healthcare.Representative,43,0.517725273590254,0.0017768578002099217,0.3573786498837732,FALSE
JobRole_Manufacturing.Director,35,0.5165925817288289,0.003740115347870375,0.34574142870576036,FALSE
BusinessTravel_Travel_Frequently,23,-0.5153571228998073,0.011421771858766349,0.2942639657578007,FALSE
EducationField_Technical.Degree,30,-0.5131428514002311,0.005955321313524932,0.33240183691285996,FALSE
JobRole_Research.Scientist,72,-0.5112775561799758,1.1965628124013325e-4,0.36264456462794475,FALSE
OverTime_No,6,0.5100239351331327,0.05553952588758322,0.07211847485982993,FALSE
MaritalStatus_Single,16,-0.5097842686630418,0.02190593345441003,0.22107063158727136,FALSE
JobRole_Healthcare.Representative,54,0.5082837540779493,6.38569584103225e-4,0.36135790900066234,FALSE
Department_Sales,61,-0.507007789861049,3.3295071039787273e-4,0.36223300246037204,FALSE
JobRole_Healthcare.Representative,42,0.5060307959005016,0.0019500992421870964,0.35649079975133047,FALSE
EducationField_Human.Resources,25,-0.5037019907580373,0.009482555656343221,0.30912643060277756,FALSE
JobRole_Manager,39,0.5026221801021307,0.002577916431839543,0.3531202433337982,FALSE
JobRole_Human.Resources,43,-0.5023220897705721,0.0017768578002099217,0.3573786498837732,FALSE
MaritalStatus_Single,15,-0.5019018329583718,0.024041734923188045,0.2070706336595344,FALSE
JobRole_Research.Scientist,71,-0.5005888207031757,1.3132262094453617e-4,0.36262407026953836,FALSE
JobRole_Laboratory.Technician,25,-0.5004739820339883,0.009482555656343221,0.30912643060277756,FALSE
JobInvolvement,78,0.49756952971387597,6.847172340066526e-5,0.3627231816245738,FALSE
JobInvolvement,77,0.4973986701828534,7.514763190341213e-5,0.36271390608341053,FALSE
JobInvolvement,76,0.4972116708346589,8.247443324372141e-5,0.36270362765985353,FALSE
BusinessTravel_Non.Travel,25,0.4971557401316186,0.009482555656343221,0.30912643060277756,FALSE
JobInvolvement,75,0.4970077024295293,9.051558866972372e-5,0.36269178587982315,FALSE
JobInvolvement,74,0.49678486272880995,9.934074682289904e-5,0.3626780375238114,FALSE
JobInvolvement,73,0.49654124965113,1.0902634700128992e-4,0.36266258741432056,FALSE
JobInvolvement,72,0.4962755661996254,1.1965628124013325e-4,0.36264456462794475,FALSE
JobInvolvement,71,0.49598461907988467,1.3132262094453617e-4,0.36262407026953836,FALSE
JobInvolvement,70,0.49566617126096496,1.44126414367941e-4,0.36260080226591646,FALSE
JobInvolvement,69,0.49532524652079524,1.5817856184375593e-4,0.3625750312911191,FALSE
JobInvolvement,68,0.49497505569305184,1.7360077635098916e-4,0.36254830031139806,FALSE
JobInvolvement,67,0.49462224837442875,1.9052663773384671e-4,0.3625197570378639,FALSE
JobRole_Manufacturing.Director,57,0.49438856881431187,4.8305447246590105e-4,0.3618447451426575,FALSE
JobInvolvement,66,0.4942363196240213,2.091027497064395e-4,0.3624872676029919,FALSE
JobRole_Manufacturing.Director,34,0.4941674335483962,0.004104771977089369,0.3430603406008423,FALSE
JobInvolvement,65,0.49382049549942064,2.2949000966402086e-4,0.36244920610102305,FALSE
BusinessTravel_Travel_Frequently,22,-0.49355879626154936,0.012535380514739396,0.2855493376091368,FALSE
JobInvolvement,64,0.49336225961789304,2.518650022992524e-4,0.3624065585818234,FALSE
JobInvolvement,63,0.49286779805560477,2.7642152909433524e-4,0.36235666718114795,FALSE
JobInvolvement,62,0.4923303481361252,3.033722869367358e-4,0.36229920518149916,FALSE
EducationField_Technical.Degree,29,-0.49214659200806204,0.006535957789708099,0.32898564101346683,FALSE
MaritalStatus_Single,14,-0.49175490641195385,0.026385774398510174,0.1952692822849756,FALSE
JobInvolvement,61,0.49174642446234784,3.3295071039787273e-4,0.36223300246037204,FALSE
JobInvolvement,60,0.49111102257531164,3.6541299363170135e-4,0.36215676891571624,FALSE
JobRole_Healthcare.Representative,41,0.4908354144791384,0.0021402315108892825,0.3555273047101022,FALSE
JobInvolvement,59,0.4904301654447709,4.010403094059142e-4,0.36206703725293354,FALSE
JobInvolvement,58,0.489684646640051,4.401412444859441e-4,0.3619648237246643,FALSE
JobRole_Research.Scientist,70,-0.48926274664198727,1.44126414367941e-4,0.36260080226591646,FALSE
JobInvolvement,57,0.48888517202701554,4.8305447246590105e-4,0.3618447451426575,FALSE
JobInvolvement,56,0.4880242745736677,5.301516871972259e-4,0.3617050028673343,FALSE
JobInvolvement,55,0.487083616542637,5.818408222230162e-4,0.36154523797689503,FALSE
PerformanceRating,78,-0.4867256639193049,6.847172340066526e-5,0.3627231816245738,FALSE
JobRole_Research.Director,27,0.48648922522843685,0.00787258429668537,0.32048983943872644,FALSE
JobInvolvement,54,0.4860781428462752,6.38569584103225e-4,0.36135790900066234,FALSE
PerformanceRating,77,-0.4852287017073284,7.514763190341213e-5,0.36271390608341053,FALSE
JobInvolvement,53,0.4849811217360551,7.008293302347037e-4,0.3611437684821306,FALSE
JobInvolvement,52,0.4838123827279719,7.691593247539126e-4,0.36089874444188386,FALSE
PerformanceRating,76,-0.4835994353159743,8.247443324372141e-5,0.36270362765985353,FALSE
Department_Sales,60,-0.4831235243871077,3.6541299363170135e-4,0.36215676891571624,FALSE
JobInvolvement,51,0.4824046836367934,8.441514093848918e-4,0.360657482061488,FALSE
PerformanceRating,75,-0.4818092645536907,9.051558866972372e-5,0.36269178587982315,FALSE
MaritalStatus_Single,13,-0.48119863810306185,0.0289583548289432,0.18266092804591583,FALSE
JobInvolvement,50,0.4806717762692192,9.264551296891421e-4,0.3604465777591454,FALSE
PerformanceRating,74,-0.4798354176167818,9.934074682289904e-5,0.3626780375238114,FALSE
JobInvolvement,49,0.47884538030754464,0.0010167833611185427,0.36019741991167054,FALSE
JobRole_Healthcare.Representative,55,0.4780400979471687,5.818408222230162e-4,0.36154523797689503,FALSE
EnvironmentSatisfaction,78,0.47791072622937053,6.847172340066526e-5,0.3627231816245738,FALSE
JobRole_Laboratory.Technician,24,-0.4776884618763973,0.010407093126555881,0.3021444898547104,FALSE
PerformanceRating,73,-0.4776834844313966,1.0902634700128992e-4,0.36266258741432056,FALSE
EnvironmentSatisfaction,77,0.47766379818938337,7.514763190341213e-5,0.36271390608341053,FALSE
EnvironmentSatisfaction,76,0.47739604085307663,8.247443324372141e-5,0.36270362765985353,FALSE
JobRole_Research.Scientist,69,-0.4773487025411756,1.5817856184375593e-4,0.3625750312911191,FALSE
EnvironmentSatisfaction,75,0.4771024852743275,9.051558866972372e-5,0.36269178587982315,FALSE
JobInvolvement,48,0.47688254027625854,0.001115918483601481,0.35990150955566197,FALSE
EnvironmentSatisfaction,74,0.4767788894431,9.934074682289904e-5,0.3626780375238114,FALSE
JobRole_Sales.Representative,13,-0.4765278565403754,0.0289583548289432,0.18266092804591583,FALSE
EnvironmentSatisfaction,73,0.47642740342830314,1.0902634700128992e-4,0.36266258741432056,FALSE
EnvironmentSatisfaction,72,0.4760403175685383,1.1965628124013325e-4,0.36264456462794475,FALSE
EnvironmentSatisfaction,71,0.4756174429122165,1.3132262094453617e-4,0.36262407026953836,FALSE
PerformanceRating,72,-0.4753114351456984,1.1965628124013325e-4,0.36264456462794475,FALSE
JobRole_Healthcare.Representative,40,0.4752735415308638,0.0023489014410703257,0.3544208048178532,FALSE
EnvironmentSatisfaction,70,0.47515712296842033,1.44126414367941e-4,0.36260080226591646,FALSE
JobInvolvement,47,0.47477545934543985,0.0012247191581435085,0.35955046616960523,FALSE
EnvironmentSatisfaction,69,0.4746736262666608,1.5817856184375593e-4,0.3625750312911191,FALSE
EnvironmentSatisfaction,68,0.4741406503703954,1.7360077635098916e-4,0.36254830031139806,FALSE
EnvironmentSatisfaction,67,0.4735622490672038,1.9052663773384671e-4,0.3625197570378639,FALSE
EnvironmentSatisfaction,66,0.472929476964562,2.091027497064395e-4,0.3624872676029919,FALSE
PerformanceRating,71,-0.4727159206204028,1.3132262094453617e-4,0.36262407026953836,FALSE
JobInvolvement,46,0.4724874871030628,0.0013441277641381955,0.35914304206841974,FALSE
EnvironmentSatisfaction,65,0.4722402569878289,2.2949000966402086e-4,0.36244920610102305,FALSE
EducationField_Marketing,78,-0.47200454176411,6.847172340066526e-5,0.3627231816245738,FALSE
EducationField_Marketing,77,-0.4717372464125898,7.514763190341213e-5,0.36271390608341053,FALSE
EnvironmentSatisfaction,64,0.4714866754352458,2.518650022992524e-4,0.3624065585818234,FALSE
EducationField_Marketing,76,-0.4714474965836847,8.247443324372141e-5,0.36270362765985353,FALSE
EducationField_Marketing,75,-0.4711290201398183,9.051558866972372e-5,0.36269178587982315,FALSE
EducationField_Marketing,74,-0.4707778619312151,9.934074682289904e-5,0.3626780375238114,FALSE
EnvironmentSatisfaction,63,0.4706653252338215,2.7642152909433524e-4,0.36235666718114795,FALSE
EducationField_Marketing,73,-0.47039646874921415,1.0902634700128992e-4,0.36266258741432056,FALSE
JobInvolvement,45,0.47006242879242577,0.0014751785618066112,0.3586547794074863,FALSE
EducationField_Marketing,72,-0.4699761400051441,1.1965628124013325e-4,0.36264456462794475,FALSE
PerformanceRating,70,-0.46988143982757324,1.44126414367941e-4,0.36260080226591646,FALSE
EnvironmentSatisfaction,62,0.4697701761257335,3.033722869367358e-4,0.36229920518149916,FALSE
EducationField_Technical.Degree,28,-0.4697661711150219,0.007173205605519361,0.32502019508517654,FALSE
MaritalStatus_Single,12,-0.46966096296812904,0.031781758675475044,0.16936306332044584,FALSE
EducationField_Marketing,71,-0.46951842029650187,1.3132262094453617e-4,0.36262407026953836,FALSE
BusinessTravel_Travel_Frequently,21,-0.4690630415992225,0.013757564639912196,0.2764829300150446,FALSE
EducationField_Marketing,70,-0.46902110111232165,1.44126414367941e-4,0.36260080226591646,FALSE
EnvironmentSatisfaction,61,0.4687953271075387,3.3295071039787273e-4,0.36223300246037204,FALSE
EducationField_Marketing,69,-0.4684874968780234,1.5817856184375593e-4,0.3625750312911191,FALSE
EducationField_Marketing,68,-0.46784235167370974,1.7360077635098916e-4,0.36254830031139806,FALSE
EnvironmentSatisfaction,60,0.4677324682217783,3.6541299363170135e-4,0.36215676891571624,FALSE
JobInvolvement,44,0.4674125633941884,0.0016190066504645777,0.3580922440439754,FALSE
EducationField_Marketing,67,-0.467110189376809,1.9052663773384671e-4,0.3625197570378639,FALSE
PerformanceRating,69,-0.4668443668247051,1.5817856184375593e-4,0.3625750312911191,FALSE
EnvironmentSatisfaction,59,0.4665793387781216,4.010403094059142e-4,0.36206703725293354,FALSE
EducationField_Marketing,66,-0.46631115251985583,2.091027497064395e-4,0.3624872676029919,FALSE
EducationField_Marketing,65,-0.46543199325760226,2.2949000966402086e-4,0.36244920610102305,FALSE
EnvironmentSatisfaction,58,0.46532329491578467,4.401412444859441e-4,0.3619648237246643,FALSE
JobRole_Manufacturing.Director,58,0.46515631821430503,4.401412444859441e-4,0.3619648237246643,FALSE
JobInvolvement,43,0.46480334434569537,0.0017768578002099217,0.3573786498837732,FALSE
EducationField_Marketing,64,-0.46447958444947174,2.518650022992524e-4,0.3624065585818234,FALSE
JobRole_Research.Scientist,68,-0.46438217492857103,1.7360077635098916e-4,0.36254830031139806,FALSE
EnvironmentSatisfaction,57,0.46396075193022385,4.8305447246590105e-4,0.3618447451426575,FALSE
PerformanceRating,68,-0.46369681534082385,1.7360077635098916e-4,0.36254830031139806,FALSE
JobRole_Manufacturing.Director,33,0.4636361602287516,0.004504982177486073,0.3404811824761014,FALSE
EducationField_Marketing,63,-0.4634337986562087,2.7642152909433524e-4,0.36235666718114795,FALSE
EnvironmentSatisfaction,56,0.4624858657616158,5.301516871972259e-4,0.3617050028673343,FALSE
EducationField_Marketing,62,-0.46229292519498133,3.033722869367358e-4,0.36229920518149916,FALSE
JobInvolvement,42,0.4620837033400049,0.0019500992421870964,0.35649079975133047,FALSE
EducationField_Marketing,61,-0.46104950514983767,3.3295071039787273e-4,0.36223300246037204,FALSE
EnvironmentSatisfaction,55,0.4608840373317119,5.818408222230162e-4,0.36154523797689503,FALSE
PerformanceRating,67,-0.4604025925833908,1.9052663773384671e-4,0.3625197570378639,FALSE
EducationField_Marketing,60,-0.4596965686357846,3.6541299363170135e-4,0.36215676891571624,FALSE
EnvironmentSatisfaction,54,0.45915640062405805,6.38569584103225e-4,0.36135790900066234,FALSE
JobInvolvement,41,0.45904653683821756,0.0021402315108892825,0.3555273047101022,FALSE
JobRole_Healthcare.Representative,39,0.45878561321697375,0.002577916431839543,0.3531202433337982,FALSE
EducationField_Marketing,59,-0.4582124696408078,4.010403094059142e-4,0.36206703725293354,FALSE
EnvironmentSatisfaction,53,0.4572881228926912,7.008293302347037e-4,0.3611437684821306,FALSE
PerformanceRating,66,-0.4567984047462267,2.091027497064395e-4,0.3624872676029919,FALSE
EducationField_Marketing,58,-0.4566096756055815,4.401412444859441e-4,0.3619648237246643,FALSE
Department_Sales,59,-0.4564821833107949,4.010403094059142e-4,0.36206703725293354,FALSE
MaritalStatus_Single,11,-0.45645370222412684,0.034880440911532085,0.15481153123299363,FALSE
JobInvolvement,40,0.4555998608653392,0.0023489014410703257,0.3544208048178532,FALSE
EnvironmentSatisfaction,52,0.4553182609741148,7.691593247539126e-4,0.36089874444188386,FALSE
EducationField_Marketing,57,-0.4548574517770933,4.8305447246590105e-4,0.3618447451426575,FALSE
BusinessTravel_Non.Travel,24,0.4533822493449144,0.010407093126555881,0.3021444898547104,FALSE
EnvironmentSatisfaction,51,0.4531832671229707,8.441514093848918e-4,0.360657482061488,FALSE
EducationField_Marketing,56,-0.452952454210237,5.301516871972259e-4,0.3617050028673343,FALSE
PerformanceRating,65,-0.45283790083296854,2.2949000966402086e-4,0.36244920610102305,FALSE
JobRole_Laboratory.Technician,23,-0.45211474157356585,0.011421771858766349,0.2942639657578007,FALSE
JobInvolvement,39,0.4519248555028856,0.002577916431839543,0.3531202433337982,FALSE
EnvironmentSatisfaction,50,0.45097171537958103,9.264551296891421e-4,0.3604465777591454,FALSE
EducationField_Marketing,55,-0.450902965123087,5.818408222230162e-4,0.36154523797689503,FALSE
JobRole_Research.Scientist,67,-0.44980704427688284,1.9052663773384671e-4,0.3625197570378639,FALSE
JobRole_Healthcare.Representative,56,0.4493067208372451,5.301516871972259e-4,0.3617050028673343,FALSE
EducationField_Marketing,54,-0.4486734175940669,6.38569584103225e-4,0.36135790900066234,FALSE
EnvironmentSatisfaction,49,0.4485920828868669,0.0010167833611185427,0.36019741991167054,FALSE
PerformanceRating,64,-0.44852264174921824,2.518650022992524e-4,0.3624065585818234,FALSE
JobInvolvement,38,0.4480179677207256,0.002829260101488162,0.3516394155159863,FALSE
JobRole_Manager,38,0.4477512427319109,0.002829260101488162,0.3516394155159863,FALSE
EducationField_Marketing,53,-0.44628347112729816,7.008293302347037e-4,0.3611437684821306,FALSE
EnvironmentSatisfaction,48,0.44602023481815445,0.001115918483601481,0.35990150955566197,FALSE
JobInvolvement,37,0.4438130325444518,0.0031051094686420167,0.34997705365388615,FALSE
PerformanceRating,63,-0.4437856289497514,2.7642152909433524e-4,0.36235666718114795,FALSE
EducationField_Marketing,52,-0.4437375909118619,7.691593247539126e-4,0.36089874444188386,FALSE
EducationField_Human.Resources,24,-0.4433965082310832,0.010407093126555881,0.3021444898547104,FALSE
EnvironmentSatisfaction,47,0.4432422909344718,0.0012247191581435085,0.35955046616960523,FALSE
EducationField_Technical.Degree,27,-0.44310031888112555,0.00787258429668537,0.32048983943872644,FALSE
EducationField_Marketing,51,-0.4412702128916176,8.441514093848918e-4,0.360657482061488,FALSE
BusinessTravel_Travel_Frequently,20,-0.44098590799161536,0.015098910208494557,0.267416834480004,FALSE
JobRole_Healthcare.Representative,38,0.4407677680823014,0.002829260101488162,0.3516394155159863,FALSE
EnvironmentSatisfaction,46,0.4403021133066316,0.0013441277641381955,0.35914304206841974,FALSE
JobInvolvement,36,0.4393695564708025,0.0034078538085554125,0.34802699349455446,FALSE
EducationField_Marketing,50,-0.43886025690879993,9.264551296891421e-4,0.3604465777591454,FALSE
JobRole_Manufacturing.Director,59,0.4386627414082844,4.010403094059142e-4,0.36206703725293354,FALSE
PerformanceRating,62,-0.4386044373391552,3.033722869367358e-4,0.36229920518149916,FALSE
MaritalStatus_Single,10,-0.4378222269507095,0.03828124084025995,0.13775092749853907,FALSE
EnvironmentSatisfaction,45,0.43713639374288177,0.0014751785618066112,0.3586547794074863,FALSE
EducationField_Marketing,49,-0.4363471785022254,0.0010167833611185427,0.36019741991167054,FALSE
JobRole_Sales.Representative,12,-0.4362751392196887,0.031781758675475044,0.16936306332044584,FALSE
JobInvolvement,35,0.4346868633693205,0.003740115347870375,0.34574142870576036,FALSE
JobRole_Research.Scientist,66,-0.43404151556906895,2.091027497064395e-4,0.3624872676029919,FALSE
EnvironmentSatisfaction,44,0.4337094378578546,0.0016190066504645777,0.3580922440439754,FALSE
EducationField_Marketing,48,-0.43362138042792464,0.001115918483601481,0.35990150955566197,FALSE
PerformanceRating,61,-0.4329405938497202,3.3295071039787273e-4,0.36223300246037204,FALSE
EducationField_Marketing,47,-0.4306521081612853,0.0012247191581435085,0.35955046616960523,FALSE
EnvironmentSatisfaction,43,0.4300401274458817,0.0017768578002099217,0.3573786498837732,FALSE
OverTime_No,5,0.42989161384606805,0.06095456109769221,0.05261994693223041,FALSE
JobInvolvement,34,0.429816895978295,0.004104771977089369,0.3430603406008423,FALSE
Department_Human.Resources,56,0.42933920844102597,5.301516871972259e-4,0.3617050028673343,FALSE
Department_Sales,58,-0.4288249691437191,4.401412444859441e-4,0.3619648237246643,FALSE
EducationField_Marketing,46,-0.4277166172324963,0.0013441277641381955,0.35914304206841974,FALSE
JobRole_Manufacturing.Director,32,0.42701308290149376,0.004944212378359185,0.3380382502464125,FALSE
PerformanceRating,60,-0.42675309990545407,3.6541299363170135e-4,0.36215676891571624,FALSE
EnvironmentSatisfaction,42,0.4260614634847848,0.0019500992421870964,0.35649079975133047,FALSE
EducationField_Marketing,45,-0.4245993961963046,0.0014751785618066112,0.3586547794074863,FALSE
JobInvolvement,33,0.42416025442312705,0.004504982177486073,0.3404811824761014,FALSE
EnvironmentSatisfaction,41,0.4219606343526563,0.0021402315108892825,0.3555273047101022,FALSE
EducationField_Marketing,44,-0.4212205708117411,0.0016190066504645777,0.3580922440439754,FALSE
JobRole_Healthcare.Representative,57,0.4204879269094583,4.8305447246590105e-4,0.3618447451426575,FALSE
JobRole_Healthcare.Representative,37,0.42021782683717795,0.0031051094686420167,0.34997705365388615,FALSE
JobRole_Laboratory.Technician,22,-0.42017761781949503,0.012535380514739396,0.2855493376091368,FALSE
PerformanceRating,59,-0.4199666302154723,4.010403094059142e-4,0.36206703725293354,FALSE
JobInvolvement,32,0.41768971696440715,0.004944212378359185,0.3380382502464125,FALSE
EducationField_Marketing,43,-0.4175489587993289,0.0017768578002099217,0.3573786498837732,FALSE
EnvironmentSatisfaction,40,0.4175191063482688,0.0023489014410703257,0.3544208048178532,FALSE
JobRole_Research.Scientist,65,-0.4162561064607463,2.2949000966402086e-4,0.36244920610102305,FALSE
JobRole_Research.Director,26,0.4151152791267066,0.008640151546852212,0.31520186901440195,FALSE
EducationField_Technical.Degree,26,-0.41426829208003646,0.008640151546852212,0.31520186901440195,FALSE
EducationField_Marketing,42,-0.41329485920765135,0.0019500992421870964,0.35649079975133047,FALSE
JobRole_Manufacturing.Director,60,0.41303143548443666,3.6541299363170135e-4,0.36215676891571624,FALSE
EnvironmentSatisfaction,39,0.4127678754957307,0.002577916431839543,0.3531202433337982,FALSE
PerformanceRating,58,-0.41258246031688356,4.401412444859441e-4,0.3619648237246643,FALSE
BusinessTravel_Travel_Frequently,19,-0.41116557214406746,0.01657103531411328,0.2571489104307527,FALSE
JobInvolvement,31,0.41038880551955537,0.005426266981584693,0.3353812302958474,FALSE
EducationField_Marketing,41,-0.4088363813134994,0.0021402315108892825,0.3555273047101022,FALSE
BusinessTravel_Non.Travel,23,0.4080537846311914,0.011421771858766349,0.2942639657578007,FALSE
EnvironmentSatisfaction,38,0.4078042879148007,0.002829260101488162,0.3516394155159863,FALSE
PerformanceRating,57,-0.4044958830606655,4.8305447246590105e-4,0.3618447451426575,FALSE
EducationField_Marketing,40,-0.40279167332994764,0.0023489014410703257,0.3544208048178532,FALSE
JobInvolvement,30,0.4027742405024376,0.005955321313524932,0.33240183691285996,FALSE
EnvironmentSatisfaction,37,0.40265252452409395,0.0031051094686420167,0.34997705365388615,FALSE
JobRole_Sales.Representative,11,-0.40237282833861404,0.034880440911532085,0.15481153123299363,FALSE
JobRole_Manufacturing.Director,31,0.40171872287667604,0.005426266981584693,0.3353812302958474,FALSE
Department_Sales,57,-0.39834159464878105,4.8305447246590105e-4,0.3618447451426575,FALSE
JobRole_Research.Scientist,64,-0.39766089601859994,2.518650022992524e-4,0.3624065585818234,FALSE
JobSatisfaction,78,0.39755760781252164,6.847172340066526e-5,0.3627231816245738,FALSE
JobSatisfaction,77,0.3974160756616672,7.514763190341213e-5,0.36271390608341053,FALSE
JobSatisfaction,76,0.3972619874206923,8.247443324372141e-5,0.36270362765985353,FALSE
JobRole_Healthcare.Representative,36,0.3972107039804354,0.0034078538085554125,0.34802699349455446,FALSE
EnvironmentSatisfaction,36,0.3972026803849005,0.0034078538085554125,0.34802699349455446,FALSE
JobSatisfaction,75,0.39709325452171285,9.051558866972372e-5,0.36269178587982315,FALSE
JobSatisfaction,74,0.3969077232162641,9.934074682289904e-5,0.3626780375238114,FALSE
JobSatisfaction,73,0.39670565178437356,1.0902634700128992e-4,0.36266258741432056,FALSE
JobSatisfaction,72,0.3964835463740539,1.1965628124013325e-4,0.36264456462794475,FALSE
JobSatisfaction,71,0.3962405778860767,1.3132262094453617e-4,0.36262407026953836,FALSE
JobSatisfaction,70,0.3959760724821455,1.44126414367941e-4,0.36260080226591646,FALSE
EducationField_Marketing,39,-0.39570326069307843,0.002577916431839543,0.3531202433337982,FALSE
JobSatisfaction,69,0.39569476368013495,1.5817856184375593e-4,0.3625750312911191,FALSE
PerformanceRating,56,-0.39566786532670606,5.301516871972259e-4,0.3617050028673343,FALSE
JobSatisfaction,68,0.39532486801931055,1.7360077635098916e-4,0.36254830031139806,FALSE
JobSatisfaction,67,0.3948663581516041,1.9052663773384671e-4,0.3625197570378639,FALSE
JobInvolvement,29,0.3947781265772834,0.006535957789708099,0.32898564101346683,FALSE
MaritalStatus_Single,9,-0.39450033859739686,0.04201361456372766,0.12122984693327349,FALSE
JobSatisfaction,66,0.39436410303719815,2.091027497064395e-4,0.3624872676029919,FALSE
JobSatisfaction,65,0.39381739268488186,2.2949000966402086e-4,0.36244920610102305,FALSE
JobRole_Healthcare.Representative,58,0.3933195757722616,4.401412444859441e-4,0.3619648237246643,FALSE
JobSatisfaction,64,0.39321736816176783,2.518650022992524e-4,0.3624065585818234,FALSE
JobSatisfaction,63,0.39256364569839336,2.7642152909433524e-4,0.36235666718114795,FALSE
JobSatisfaction,62,0.3918499725998601,3.033722869367358e-4,0.36229920518149916,FALSE
EnvironmentSatisfaction,35,0.3914359194319025,0.003740115347870375,0.34574142870576036,FALSE
JobSatisfaction,61,0.3910711643174385,3.3295071039787273e-4,0.36223300246037204,FALSE
JobRole_Human.Resources,42,-0.39077056236410074,0.0019500992421870964,0.35649079975133047,FALSE
JobSatisfaction,60,0.3902200950434006,3.6541299363170135e-4,0.36215676891571624,FALSE
JobRole_Manufacturing.Director,61,0.3901018232456467,3.3295071039787273e-4,0.36223300246037204,FALSE
JobSatisfaction,59,0.3892968609225238,4.010403094059142e-4,0.36206703725293354,FALSE
EducationField_Marketing,38,-0.3884431750826577,0.002829260101488162,0.3516394155159863,FALSE
JobSatisfaction,58,0.3882864752218997,4.401412444859441e-4,0.3619648237246643,FALSE
JobSatisfaction,57,0.3871897990563619,4.8305447246590105e-4,0.3618447451426575,FALSE
JobInvolvement,28,0.38630321598764117,0.007173205605519361,0.32502019508517654,FALSE
PerformanceRating,55,-0.38608034681321624,5.818408222230162e-4,0.36154523797689503,FALSE
JobSatisfaction,56,0.38599992879213046,5.301516871972259e-4,0.3617050028673343,FALSE
EnvironmentSatisfaction,34,0.38537547492883034,0.004104771977089369,0.3430603406008423,FALSE
JobSatisfaction,55,0.3847007201947784,5.818408222230162e-4,0.36154523797689503,FALSE
JobRole_Manager,37,0.3843843006765161,0.0031051094686420167,0.34997705365388615,FALSE
JobRole_Laboratory.Technician,21,-0.3835240720535458,0.013757564639912196,0.2764829300150446,FALSE
JobSatisfaction,54,0.3832975041826983,6.38569584103225e-4,0.36135790900066234,FALSE
EducationField_Technical.Degree,25,-0.38287792787507363,0.009482555656343221,0.30912643060277756,FALSE
JobSatisfaction,53,0.3817714889335923,7.008293302347037e-4,0.3611437684821306,FALSE
EducationField_Marketing,37,-0.38108826034795307,0.0031051094686420167,0.34997705365388615,FALSE
JobSatisfaction,52,0.3801391557592225,7.691593247539126e-4,0.36089874444188386,FALSE
BusinessTravel_Travel_Frequently,18,-0.37946288634264796,0.01818669080018116,0.2461592743020809,FALSE
EnvironmentSatisfaction,33,0.3788575621747923,0.004504982177486073,0.3404811824761014,FALSE
JobSatisfaction,51,0.37823298400487243,8.441514093848918e-4,0.360657482061488,FALSE
JobInvolvement,27,0.3775229554137598,0.00787258429668537,0.32048983943872644,FALSE
JobRole_Manufacturing.Director,30,0.3771098797154473,0.005955321313524932,0.33240183691285996,FALSE
EducationField_Human.Resources,23,-0.3768577632598984,0.011421771858766349,0.2942639657578007,FALSE
JobRole_Research.Scientist,63,-0.3768294900176963,2.7642152909433524e-4,0.36235666718114795,FALSE
JobSatisfaction,50,0.37612834750375285,9.264551296891421e-4,0.3604465777591454,FALSE
PerformanceRating,54,-0.37560901642180927,6.38569584103225e-4,0.36135790900066234,FALSE
JobSatisfaction,49,0.373824964628119,0.0010167833611185427,0.36019741991167054,FALSE
EducationField_Marketing,36,-0.37319357266905634,0.0034078538085554125,0.34802699349455446,FALSE
JobRole_Healthcare.Representative,35,0.37256436412576394,0.003740115347870375,0.34574142870576036,FALSE
EnvironmentSatisfaction,32,0.3718184920725619,0.004944212378359185,0.3380382502464125,FALSE
JobSatisfaction,48,0.371329570819657,0.001115918483601481,0.35990150955566197,FALSE
JobRole_Manufacturing.Director,62,0.3687756855879331,3.033722869367358e-4,0.36229920518149916,FALSE
JobRole_Healthcare.Representative,59,0.3687443142605446,4.010403094059142e-4,0.36206703725293354,FALSE
JobSatisfaction,47,0.3686293905676971,0.0012247191581435085,0.35955046616960523,FALSE
JobInvolvement,26,0.3680869189186155,0.008640151546852212,0.31520186901440195,FALSE
Department_Sales,56,-0.36593388998100224,5.301516871972259e-4,0.3617050028673343,FALSE
JobSatisfaction,46,0.36569799518685964,0.0013441277641381955,0.35914304206841974,FALSE
JobRole_Sales.Representative,10,-0.3650061063373785,0.03828124084025995,0.13775092749853907,FALSE
EducationField_Marketing,35,-0.36472045962935645,0.003740115347870375,0.34574142870576036,FALSE
PerformanceRating,53,-0.3642595965959313,7.008293302347037e-4,0.3611437684821306,FALSE
EnvironmentSatisfaction,31,0.3640850864921783,0.005426266981584693,0.3353812302958474,FALSE
JobSatisfaction,45,0.3625026592277849,0.0014751785618066112,0.3586547794074863,FALSE
BusinessTravel_Non.Travel,22,0.36168494590801586,0.012535380514739396,0.2855493376091368,FALSE
JobSatisfaction,44,0.3590869600640791,0.0016190066504645777,0.3580922440439754,FALSE
JobInvolvement,25,0.3582069286956029,0.009482555656343221,0.30912643060277756,FALSE
EnvironmentSatisfaction,30,0.355691027272074,0.005955321313524932,0.33240183691285996,FALSE
EducationField_Marketing,34,-0.3556245512300031,0.004104771977089369,0.3430603406008423,FALSE
JobSatisfaction,43,0.35541948685426056,0.0017768578002099217,0.3573786498837732,FALSE
JobRole_Research.Scientist,62,-0.35422401040560114,3.033722869367358e-4,0.36229920518149916,FALSE
PerformanceRating,52,-0.3519821334207744,7.691593247539126e-4,0.36089874444188386,FALSE
JobSatisfaction,42,0.35161894300822716,0.0019500992421870964,0.35649079975133047,FALSE
JobRole_Manufacturing.Director,29,0.3509593886882954,0.006535957789708099,0.32898564101346683,FALSE
EducationField_Technical.Degree,24,-0.34914101130029634,0.010407093126555881,0.3021444898547104,FALSE
JobRole_Manufacturing.Director,63,0.34903008245165834,2.7642152909433524e-4,0.36235666718114795,FALSE
JobInvolvement,24,0.3477175445070895,0.010407093126555881,0.3021444898547104,FALSE
JobSatisfaction,41,0.3475371191351256,0.0021402315108892825,0.3555273047101022,FALSE
JobRole_Research.Director,25,0.34734880262863693,0.009482555656343221,0.30912643060277756,FALSE
MaritalStatus_Single,8,-0.347138746692455,0.04610989011759219,0.1034412985924886,FALSE
EnvironmentSatisfaction,29,0.3467249182670798,0.006535957789708099,0.32898564101346683,FALSE
JobRole_Laboratory.Technician,20,-0.34642847609311506,0.015098910208494557,0.267416834480004,FALSE
JobRole_Healthcare.Representative,34,0.34571683238536927,0.004104771977089369,0.3430603406008423,FALSE
EducationField_Marketing,33,-0.34535018951874447,0.004504982177486073,0.3404811824761014,FALSE
BusinessTravel_Travel_Frequently,17,-0.3450622376323302,0.019959870701602742,0.233847881404585,FALSE
JobRole_Healthcare.Representative,60,0.3448919744916043,3.6541299363170135e-4,0.36215676891571624,FALSE
JobSatisfaction,40,0.343020343063293,0.0023489014410703257,0.3544208048178532,FALSE
Department_Human.Resources,55,0.34030879454464097,5.818408222230162e-4,0.36154523797689503,FALSE
JobRole_Human.Resources,41,-0.34015520203277533,0.0021402315108892825,0.3555273047101022,FALSE
StockOptionLevel,78,0.3397331423330231,6.847172340066526e-5,0.3627231816245738,FALSE
StockOptionLevel,77,0.33968442435189505,7.514763190341213e-5,0.36271390608341053,FALSE
StockOptionLevel,76,0.3396277097215169,8.247443324372141e-5,0.36270362765985353,FALSE
StockOptionLevel,75,0.3395675125972788,9.051558866972372e-5,0.36269178587982315,FALSE
StockOptionLevel,74,0.3395043465118595,9.934074682289904e-5,0.3626780375238114,FALSE
StockOptionLevel,73,0.3394319904170563,1.0902634700128992e-4,0.36266258741432056,FALSE
StockOptionLevel,72,0.3393563246887301,1.1965628124013325e-4,0.36264456462794475,FALSE
StockOptionLevel,71,0.33927041108408246,1.3132262094453617e-4,0.36262407026953836,FALSE
PerformanceRating,51,-0.339190638484485,8.441514093848918e-4,0.360657482061488,FALSE
StockOptionLevel,70,0.3391728345107991,1.44126414367941e-4,0.36260080226591646,FALSE
StockOptionLevel,69,0.3390630096415787,1.5817856184375593e-4,0.3625750312911191,FALSE
StockOptionLevel,68,0.3389993601189664,1.7360077635098916e-4,0.36254830031139806,FALSE
StockOptionLevel,67,0.3389357083517451,1.9052663773384671e-4,0.3625197570378639,FALSE
StockOptionLevel,66,0.3388614353727439,2.091027497064395e-4,0.3624872676029919,FALSE
StockOptionLevel,65,0.3387923377939833,2.2949000966402086e-4,0.36244920610102305,FALSE
OverTime_No,4,0.33878475694456733,0.06689755555588826,0.03433078365603433,FALSE
StockOptionLevel,64,0.3386985692818191,2.518650022992524e-4,0.3624065585818234,FALSE
StockOptionLevel,63,0.33860637840450253,2.7642152909433524e-4,0.36235666718114795,FALSE
StockOptionLevel,62,0.33850317772060345,3.033722869367358e-4,0.36229920518149916,FALSE
StockOptionLevel,61,0.3383866244765214,3.3295071039787273e-4,0.36223300246037204,FALSE
StockOptionLevel,60,0.3382506802396406,3.6541299363170135e-4,0.36215676891571624,FALSE
JobSatisfaction,39,0.3381934639152224,0.002577916431839543,0.3531202433337982,FALSE
StockOptionLevel,59,0.33812110609655466,4.010403094059142e-4,0.36206703725293354,FALSE
StockOptionLevel,58,0.33795048082027,4.401412444859441e-4,0.3619648237246643,FALSE
StockOptionLevel,57,0.3377786216131153,4.8305447246590105e-4,0.3618447451426575,FALSE
StockOptionLevel,56,0.3375930389130415,5.301516871972259e-4,0.3617050028673343,FALSE
StockOptionLevel,55,0.3373511916483883,5.818408222230162e-4,0.36154523797689503,FALSE
EnvironmentSatisfaction,28,0.33728749065672425,0.007173205605519361,0.32502019508517654,FALSE
StockOptionLevel,54,0.33710583714430575,6.38569584103225e-4,0.36135790900066234,FALSE
StockOptionLevel,53,0.336795252032399,7.008293302347037e-4,0.3611437684821306,FALSE
JobInvolvement,23,0.33646815919777107,0.011421771858766349,0.2942639657578007,FALSE
StockOptionLevel,52,0.3364539668948546,7.691593247539126e-4,0.36089874444188386,FALSE
StockOptionLevel,51,0.33558010230393204,8.441514093848918e-4,0.360657482061488,FALSE
EducationField_Other,78,0.33495863524852737,6.847172340066526e-5,0.3627231816245738,FALSE
EducationField_Other,77,0.33480294036923175,7.514763190341213e-5,0.36271390608341053,FALSE
EducationField_Other,76,0.3346277495814268,8.247443324372141e-5,0.36270362765985353,FALSE
EducationField_Other,75,0.3344362987761403,9.051558866972372e-5,0.36269178587982315,FALSE
StockOptionLevel,50,0.33439780510860934,9.264551296891421e-4,0.3604465777591454,FALSE
EducationField_Other,74,0.33422983496074715,9.934074682289904e-5,0.3626780375238114,FALSE
EducationField_Other,73,0.3339987856379056,1.0902634700128992e-4,0.36266258741432056,FALSE
EducationField_Marketing,32,-0.33376996578146967,0.004944212378359185,0.3380382502464125,FALSE
EducationField_Other,72,0.33374957671885536,1.1965628124013325e-4,0.36264456462794475,FALSE
EducationField_Other,71,0.33347469704677285,1.3132262094453617e-4,0.36262407026953836,FALSE
Department_Sales,55,-0.3332301717102398,5.818408222230162e-4,0.36154523797689503,FALSE
EducationField_Other,70,0.3331688294692883,1.44126414367941e-4,0.36260080226591646,FALSE
StockOptionLevel,49,0.33314171248892116,0.0010167833611185427,0.36019741991167054,FALSE
JobSatisfaction,38,0.33312373906468146,0.002829260101488162,0.3516394155159863,FALSE
EducationField_Other,69,0.33280703008455453,1.5817856184375593e-4,0.3625750312911191,FALSE
EducationField_Other,68,0.33246033871298836,1.7360077635098916e-4,0.36254830031139806,FALSE
EducationField_Other,67,0.33210601548247487,1.9052663773384671e-4,0.3625197570378639,FALSE
StockOptionLevel,48,0.33178427314112596,0.001115918483601481,0.35990150955566197,FALSE
EducationField_Other,66,0.33171608381127393,2.091027497064395e-4,0.3624872676029919,FALSE
EducationField_Other,65,0.3312916957081369,2.2949000966402086e-4,0.36244920610102305,FALSE
EducationField_Other,64,0.3308210058740506,2.518650022992524e-4,0.3624065585818234,FALSE
JobRole_Manufacturing.Director,64,0.33081244334111426,2.518650022992524e-4,0.3624065585818234,FALSE
JobRole_Human.Resources,40,-0.3304633331478852,0.0023489014410703257,0.3544208048178532,FALSE
StockOptionLevel,47,0.33032217945566855,0.0012247191581435085,0.35955046616960523,FALSE
EducationField_Other,63,0.33030765521006716,2.7642152909433524e-4,0.36235666718114795,FALSE
JobRole_Research.Scientist,61,-0.32977104279763114,3.3295071039787273e-4,0.36223300246037204,FALSE
EducationField_Other,62,0.3297437503092085,3.033722869367358e-4,0.36229920518149916,FALSE
EducationField_Other,61,0.3291239821366776,3.3295071039787273e-4,0.36223300246037204,FALSE
StockOptionLevel,46,0.3286300820678728,0.0013441277641381955,0.35914304206841974,FALSE
EducationField_Other,60,0.3284424389351319,3.6541299363170135e-4,0.36215676891571624,FALSE
JobSatisfaction,37,0.32783977923030155,0.0031051094686420167,0.34997705365388615,FALSE
EducationField_Other,59,0.3276985434468321,4.010403094059142e-4,0.36206703725293354,FALSE
EnvironmentSatisfaction,27,0.3274420349477348,0.00787258429668537,0.32048983943872644,FALSE
EducationField_Other,58,0.3268755214893266,4.401412444859441e-4,0.3619648237246643,FALSE
StockOptionLevel,45,0.3268036236704318,0.0014751785618066112,0.3586547794074863,FALSE
PerformanceRating,50,-0.3261769428948179,9.264551296891421e-4,0.3604465777591454,FALSE
EducationField_Other,57,0.3259755608321323,4.8305447246590105e-4,0.3618447451426575,FALSE
JobInvolvement,22,0.3252969002317717,0.012535380514739396,0.2855493376091368,FALSE
Gender_Female,78,0.32509172218989035,6.847172340066526e-5,0.3627231816245738,FALSE
EducationField_Other,56,0.324986126093919,5.301516871972259e-4,0.3617050028673343,FALSE
StockOptionLevel,44,0.32489960897051906,0.0016190066504645777,0.3580922440439754,FALSE
Gender_Female,77,0.3248285967851107,7.514763190341213e-5,0.36271390608341053,FALSE
Gender_Female,76,0.3245409590825278,8.247443324372141e-5,0.36270362765985353,FALSE
Gender_Female,75,0.3242254387363444,9.051558866972372e-5,0.36269178587982315,FALSE
EducationField_Other,55,0.3238903757591718,5.818408222230162e-4,0.36154523797689503,FALSE
Gender_Female,74,0.3238788368661817,9.934074682289904e-5,0.3626780375238114,FALSE
JobRole_Healthcare.Representative,61,0.32361057571263463,3.3295071039787273e-4,0.36223300246037204,FALSE
Gender_Female,73,0.3234997289128202,1.0902634700128992e-4,0.36266258741432056,FALSE
JobRole_Manufacturing.Director,28,0.3231912307199224,0.007173205605519361,0.32502019508517654,FALSE
Gender_Female,72,0.3230832978466237,1.1965628124013325e-4,0.36264456462794475,FALSE
StockOptionLevel,43,0.32299322310525685,0.0017768578002099217,0.3573786498837732,FALSE
EducationField_Other,54,0.3226872849749201,6.38569584103225e-4,0.36135790900066234,FALSE
Gender_Female,71,0.32262695501560495,1.3132262094453617e-4,0.36262407026953836,FALSE
JobSatisfaction,36,0.32222040636713056,0.0034078538085554125,0.34802699349455446,FALSE
Gender_Female,70,0.32212731027798197,1.44126414367941e-4,0.36260080226591646,FALSE
Gender_Female,69,0.32158515376792174,1.5817856184375593e-4,0.3625750312911191,FALSE
EducationField_Other,53,0.32135157002144704,7.008293302347037e-4,0.3611437684821306,FALSE
StockOptionLevel,42,0.321266691504188,0.0019500992421870964,0.35649079975133047,FALSE
Gender_Female,68,0.3208815151267926,1.7360077635098916e-4,0.36254830031139806,FALSE
JobRole_Human.Resources,39,-0.320711927262617,0.002577916431839543,0.3531202433337982,FALSE
Gender_Female,67,0.3200472824947687,1.9052663773384671e-4,0.3625197570378639,FALSE
EducationField_Other,52,0.31988907281054496,7.691593247539126e-4,0.36089874444188386,FALSE
EducationField_Marketing,31,-0.3197749067900739,0.005426266981584693,0.3353812302958474,FALSE
Gender_Female,66,0.3191329572269403,2.091027497064395e-4,0.3624872676029919,FALSE
StockOptionLevel,41,0.3190139910607678,0.0021402315108892825,0.3555273047101022,FALSE
EducationField_Other,51,0.3182424743140878,8.441514093848918e-4,0.360657482061488,FALSE
Gender_Female,65,0.31813432864144015,2.2949000966402086e-4,0.36244920610102305,FALSE
JobRole_Sales.Representative,9,-0.31750024716646846,0.04201361456372766,0.12122984693327349,FALSE
Gender_Female,64,0.3170395066947156,2.518650022992524e-4,0.3624065585818234,FALSE
EnvironmentSatisfaction,26,0.31698988736554157,0.008640151546852212,0.31520186901440195,FALSE
StockOptionLevel,40,0.31627020126916466,0.0023489014410703257,0.3544208048178532,FALSE
JobSatisfaction,35,0.3162429521492489,0.003740115347870375,0.34574142870576036,FALSE
Gender_Female,63,0.3158428468848373,2.7642152909433524e-4,0.36235666718114795,FALSE
EducationField_Other,50,0.3155818757638795,9.264551296891421e-4,0.3604465777591454,FALSE
JobRole_Manager,36,0.3154487633820896,0.0034078538085554125,0.34802699349455446,FALSE
BusinessTravel_Non.Travel,21,0.3146712201026096,0.013757564639912196,0.2764829300150446,FALSE
JobRole_Manufacturing.Director,65,0.31456406894224953,2.2949000966402086e-4,0.36244920610102305,FALSE
Gender_Female,62,0.3145340268471058,3.033722869367358e-4,0.36229920518149916,FALSE
StockOptionLevel,39,0.31329247562532203,0.002577916431839543,0.3531202433337982,FALSE
JobInvolvement,21,0.31319522293263646,0.013757564639912196,0.2764829300150446,FALSE
JobRole_Healthcare.Representative,33,0.3131577142182528,0.004504982177486073,0.3404811824761014,FALSE
Gender_Female,61,0.3131030065575989,3.3295071039787273e-4,0.36223300246037204,FALSE
EducationField_Technical.Degree,23,-0.31280459737945343,0.011421771858766349,0.2942639657578007,FALSE
EducationField_Other,49,0.3125943315782886,0.0010167833611185427,0.36019741991167054,FALSE
PerformanceRating,49,-0.31200260750441827,0.0010167833611185427,0.36019741991167054,FALSE
Gender_Female,60,0.3115372479116439,3.6541299363170135e-4,0.36215676891571624,FALSE
JobSatisfaction,34,0.3099167910145409,0.004104771977089369,0.3430603406008423,FALSE
Gender_Female,59,0.3098287145868733,4.010403094059142e-4,0.36206703725293354,FALSE
JobRole_Human.Resources,38,-0.3098022073166235,0.002829260101488162,0.3516394155159863,FALSE
StockOptionLevel,38,0.3097938543780982,0.002829260101488162,0.3516394155159863,FALSE
BusinessTravel_Travel_Frequently,16,-0.3095133674637373,0.02190593345441003,0.22107063158727136,FALSE
EducationField_Other,48,0.30935513663591435,0.001115918483601481,0.35990150955566197,FALSE
Gender_Female,58,0.30795870596893504,4.401412444859441e-4,0.3619648237246643,FALSE
WorkLifeBalance,78,0.3074084324000364,6.847172340066526e-5,0.3627231816245738,FALSE
WorkLifeBalance,77,0.3072769548423565,7.514763190341213e-5,0.36271390608341053,FALSE
WorkLifeBalance,76,0.30713273058686985,8.247443324372141e-5,0.36270362765985353,FALSE
WorkLifeBalance,75,0.3069750001265077,9.051558866972372e-5,0.36269178587982315,FALSE
WorkLifeBalance,74,0.30680268683494577,9.934074682289904e-5,0.3626780375238114,FALSE
WorkLifeBalance,73,0.30661395522461965,1.0902634700128992e-4,0.36266258741432056,FALSE
WorkLifeBalance,72,0.306407750097405,1.1965628124013325e-4,0.36264456462794475,FALSE
WorkLifeBalance,71,0.30618218197603564,1.3132262094453617e-4,0.36262407026953836,FALSE
EnvironmentSatisfaction,25,0.3059445241439574,0.009482555656343221,0.30912643060277756,FALSE
WorkLifeBalance,70,0.305936021609093,1.44126414367941e-4,0.36260080226591646,FALSE
Gender_Female,57,0.3059169640336154,4.8305447246590105e-4,0.3618447451426575,FALSE
EducationField_Other,47,0.3058505763457917,0.0012247191581435085,0.35955046616960523,FALSE
WorkLifeBalance,69,0.305664765646785,1.5817856184375593e-4,0.3625750312911191,FALSE
StockOptionLevel,37,0.30563064943178636,0.0031051094686420167,0.34997705365388615,FALSE
WorkLifeBalance,68,0.30531630863338605,1.7360077635098916e-4,0.36254830031139806,FALSE
WorkLifeBalance,67,0.3048789142225937,1.9052663773384671e-4,0.3625197570378639,FALSE
JobRole_Laboratory.Technician,19,-0.30478875939629824,0.01657103531411328,0.2571489104307527,FALSE
WorkLifeBalance,66,0.30440063185972716,2.091027497064395e-4,0.3624872676029919,FALSE
WorkLifeBalance,65,0.30387937399648274,2.2949000966402086e-4,0.36244920610102305,FALSE
JobRole_Healthcare.Representative,62,0.30380880958971246,3.033722869367358e-4,0.36229920518149916,FALSE
JobSatisfaction,33,0.30377086261396,0.004504982177486073,0.3404811824761014,FALSE
Gender_Female,56,0.3036873245541386,5.301516871972259e-4,0.3617050028673343,FALSE
JobRole_Research.Scientist,60,-0.3034532778088538,3.6541299363170135e-4,0.36215676891571624,FALSE
WorkLifeBalance,64,0.30330873736853675,2.518650022992524e-4,0.3624065585818234,FALSE
EducationField_Marketing,30,-0.303246597232095,0.005955321313524932,0.33240183691285996,FALSE
EducationField_Human.Resources,22,-0.30321865299687967,0.012535380514739396,0.2855493376091368,FALSE
WorkLifeBalance,63,0.3026870931370484,2.7642152909433524e-4,0.36235666718114795,FALSE
RelationshipSatisfaction,78,0.30264592177574523,6.847172340066526e-5,0.3627231816245738,FALSE
RelationshipSatisfaction,77,0.3025277262527245,7.514763190341213e-5,0.36271390608341053,FALSE
RelationshipSatisfaction,76,0.30239784967456795,8.247443324372141e-5,0.36270362765985353,FALSE
RelationshipSatisfaction,75,0.3022560987321759,9.051558866972372e-5,0.36269178587982315,FALSE
RelationshipSatisfaction,74,0.3021009254324914,9.934074682289904e-5,0.3626780375238114,FALSE
WorkLifeBalance,62,0.30200899068567844,3.033722869367358e-4,0.36229920518149916,FALSE
RelationshipSatisfaction,73,0.3019305981986245,1.0902634700128992e-4,0.36266258741432056,FALSE
RelationshipSatisfaction,72,0.30174432315943084,1.1965628124013325e-4,0.36264456462794475,FALSE
RelationshipSatisfaction,71,0.3015390142161647,1.3132262094453617e-4,0.36262407026953836,FALSE
EducationField_Other,46,0.30138598295750785,0.0013441277641381955,0.35914304206841974,FALSE
RelationshipSatisfaction,70,0.3013129742326455,1.44126414367941e-4,0.36260080226591646,FALSE
WorkLifeBalance,61,0.3012696286938058,3.3295071039787273e-4,0.36223300246037204,FALSE
Gender_Female,55,0.30124693637586447,5.818408222230162e-4,0.36154523797689503,FALSE
StockOptionLevel,36,0.30117252231250974,0.0034078538085554125,0.34802699349455446,FALSE
RelationshipSatisfaction,69,0.30107159045690685,1.5817856184375593e-4,0.3625750312911191,FALSE
RelationshipSatisfaction,68,0.30080151785908094,1.7360077635098916e-4,0.36254830031139806,FALSE
RelationshipSatisfaction,67,0.30050215771330024,1.9052663773384671e-4,0.3625197570378639,FALSE
WorkLifeBalance,60,0.30046345131725216,3.6541299363170135e-4,0.36215676891571624,FALSE
RelationshipSatisfaction,66,0.3001719331271617,2.091027497064395e-4,0.3624872676029919,FALSE
RelationshipSatisfaction,65,0.29981577625098554,2.2949000966402086e-4,0.36244920610102305,FALSE
WorkLifeBalance,59,0.29958809548323395,4.010403094059142e-4,0.36206703725293354,FALSE
JobInvolvement,20,0.2994328089121797,0.015098910208494557,0.267416834480004,FALSE
RelationshipSatisfaction,64,0.2994178494093959,2.518650022992524e-4,0.3624065585818234,FALSE
JobRole_Manufacturing.Director,66,0.2989875064244021,2.091027497064395e-4,0.3624872676029919,FALSE
RelationshipSatisfaction,63,0.2989864951579185,2.7642152909433524e-4,0.36235666718114795,FALSE
Department_Sales,54,-0.2987168584133435,6.38569584103225e-4,0.36135790900066234,FALSE
WorkLifeBalance,58,0.29863285152746305,4.401412444859441e-4,0.3619648237246643,FALSE
Gender_Female,54,0.29858256512074605,6.38569584103225e-4,0.36135790900066234,FALSE
RelationshipSatisfaction,62,0.29851325850690913,3.033722869367358e-4,0.36229920518149916,FALSE
RelationshipSatisfaction,61,0.297993781974123,3.3295071039787273e-4,0.36223300246037204,FALSE
JobSatisfaction,32,0.2977471537117566,0.004944212378359185,0.3380382502464125,FALSE
WorkLifeBalance,57,0.29759627622995477,4.8305447246590105e-4,0.3618447451426575,FALSE
RelationshipSatisfaction,60,0.29742124814229554,3.6541299363170135e-4,0.36215676891571624,FALSE
RelationshipSatisfaction,59,0.29680291483907634,4.010403094059142e-4,0.36206703725293354,FALSE
JobRole_Human.Resources,37,-0.2966415633856103,0.0031051094686420167,0.34997705365388615,FALSE
PerformanceRating,48,-0.2965830263278356,0.001115918483601481,0.35990150955566197,FALSE
EducationField_Other,45,0.29652857973175545,0.0014751785618066112,0.3586547794074863,FALSE
WorkLifeBalance,56,0.29647063730226814,5.301516871972259e-4,0.3617050028673343,FALSE
StockOptionLevel,35,0.2964425756568486,0.003740115347870375,0.34574142870576036,FALSE
RelationshipSatisfaction,58,0.2961135434347818,4.401412444859441e-4,0.3619648237246643,FALSE
Gender_Female,53,0.2956654374371657,7.008293302347037e-4,0.3611437684821306,FALSE
RelationshipSatisfaction,57,0.2953648800606867,4.8305447246590105e-4,0.3618447451426575,FALSE
WorkLifeBalance,55,0.29524429155984794,5.818408222230162e-4,0.36154523797689503,FALSE
RelationshipSatisfaction,56,0.2945457641933121,5.301516871972259e-4,0.3617050028673343,FALSE
EnvironmentSatisfaction,24,0.2943399358432245,0.010407093126555881,0.3021444898547104,FALSE
JobRole_Manufacturing.Director,27,0.29394015746673513,0.00787258429668537,0.32048983943872644,FALSE
WorkLifeBalance,54,0.29391599715060845,6.38569584103225e-4,0.36135790900066234,FALSE
RelationshipSatisfaction,55,0.2936307904537891,5.818408222230162e-4,0.36154523797689503,FALSE
RelationshipSatisfaction,54,0.29263463512932836,6.38569584103225e-4,0.36135790900066234,FALSE
Gender_Female,52,0.29252876186808896,7.691593247539126e-4,0.36089874444188386,FALSE
WorkLifeBalance,53,0.29247035599747784,7.008293302347037e-4,0.3611437684821306,FALSE
RelationshipSatisfaction,53,0.29152072002244983,7.008293302347037e-4,0.3611437684821306,FALSE
StockOptionLevel,34,0.29146976984078565,0.004104771977089369,0.3430603406008423,FALSE
MaritalStatus_Single,7,-0.29104820437147827,0.050605547481077894,0.0882469778598371,FALSE
EducationField_Other,44,0.29098523056699993,0.0016190066504645777,0.3580922440439754,FALSE
WorkLifeBalance,52,0.29089280368417963,7.691593247539126e-4,0.36089874444188386,FALSE
JobSatisfaction,31,0.2908087344938501,0.005426266981584693,0.3353812302958474,FALSE
RelationshipSatisfaction,52,0.2903199174431736,7.691593247539126e-4,0.36089874444188386,FALSE
Gender_Female,51,0.2892295603361645,8.441514093848918e-4,0.360657482061488,FALSE
WorkLifeBalance,51,0.2890590959098414,8.441514093848918e-4,0.360657482061488,FALSE
RelationshipSatisfaction,51,0.28887004474475253,8.441514093848918e-4,0.360657482061488,FALSE
RelationshipSatisfaction,50,0.28714475094938396,9.264551296891421e-4,0.3604465777591454,FALSE
WorkLifeBalance,50,0.28689905428929313,9.264551296891421e-4,0.3604465777591454,FALSE
StockOptionLevel,33,0.2862410168607649,0.004504982177486073,0.3404811824761014,FALSE
Gender_Female,50,0.2857493881572901,9.264551296891421e-4,0.3604465777591454,FALSE
EducationField_Other,43,0.2855220808132401,0.0017768578002099217,0.3573786498837732,FALSE
JobRole_Healthcare.Representative,63,0.28547147120432,2.7642152909433524e-4,0.36235666718114795,FALSE
RelationshipSatisfaction,49,0.2852348691032988,0.0010167833611185427,0.36019741991167054,FALSE
JobRole_Manufacturing.Director,67,0.2851823015957857,1.9052663773384671e-4,0.3625197570378639,FALSE
EducationField_Marketing,29,-0.28497936349048564,0.006535957789708099,0.32898564101346683,FALSE
WorkLifeBalance,49,0.28451160565704864,0.0010167833611185427,0.36019741991167054,FALSE
JobInvolvement,19,0.28450905005914573,0.01657103531411328,0.2571489104307527,FALSE
JobSatisfaction,30,0.28349846369935655,0.005955321313524932,0.33240183691285996,FALSE
RelationshipSatisfaction,48,0.28315785155444273,0.001115918483601481,0.35990150955566197,FALSE
EnvironmentSatisfaction,23,0.28230257243156315,0.011421771858766349,0.2942639657578007,FALSE
Gender_Female,49,0.2820011089680525,0.0010167833611185427,0.36019741991167054,FALSE
WorkLifeBalance,48,0.28192984245671326,0.001115918483601481,0.35990150955566197,FALSE
JobRole_Human.Resources,36,-0.2815483921582419,0.0034078538085554125,0.34802699349455446,FALSE
RelationshipSatisfaction,47,0.28089935714474396,0.0012247191581435085,0.35955046616960523,FALSE
StockOptionLevel,32,0.2808625497660404,0.004944212378359185,0.3380382502464125,FALSE
JobRole_Research.Director,24,0.2799890622852417,0.010407093126555881,0.3021444898547104,FALSE
EducationField_Other,42,0.2799379549810331,0.0019500992421870964,0.35649079975133047,FALSE
PerformanceRating,47,-0.27979598469496075,0.0012247191581435085,0.35955046616960523,FALSE
WorkLifeBalance,47,0.27914198480310876,0.0012247191581435085,0.35955046616960523,FALSE
RelationshipSatisfaction,46,0.27843818309270024,0.0013441277641381955,0.35914304206841974,FALSE
Gender_Female,48,0.27793227586000924,0.001115918483601481,0.35990150955566197,FALSE
JobRole_Healthcare.Representative,32,0.27650663977325013,0.004944212378359185,0.3380382502464125,FALSE
WorkLifeBalance,46,0.2761982090869568,0.0013441277641381955,0.35914304206841974,FALSE
JobSatisfaction,29,0.2758299564979391,0.006535957789708099,0.32898564101346683,FALSE
RelationshipSatisfaction,45,0.27576345622775045,0.0014751785618066112,0.3586547794074863,FALSE
StockOptionLevel,31,0.2752366367642939,0.005426266981584693,0.3353812302958474,FALSE
JobRole_Research.Scientist,59,-0.2740264418667261,4.010403094059142e-4,0.36206703725293354,FALSE
EducationField_Other,41,0.27368711630869647,0.0021402315108892825,0.3555273047101022,FALSE
Gender_Female,47,0.2735144080097768,0.0012247191581435085,0.35955046616960523,FALSE
WorkLifeBalance,45,0.27301245867366697,0.0014751785618066112,0.3586547794074863,FALSE
RelationshipSatisfaction,44,0.2728262912540877,0.0016190066504645777,0.3580922440439754,FALSE
JobRole_Manufacturing.Director,68,0.272418822562856,1.7360077635098916e-4,0.36254830031139806,FALSE
EducationField_Technical.Degree,22,-0.2723308885358731,0.012535380514739396,0.2855493376091368,FALSE
BusinessTravel_Travel_Frequently,15,-0.27203927165748676,0.024041734923188045,0.2070706336595344,FALSE
RelationshipSatisfaction,43,0.2696900428596611,0.0017768578002099217,0.3573786498837732,FALSE
WorkLifeBalance,44,0.2696183421108827,0.0016190066504645777,0.3580922440439754,FALSE
EnvironmentSatisfaction,22,0.26957297572662114,0.012535380514739396,0.2855493376091368,FALSE
Gender_Female,46,0.2688259188387772,0.0013441277641381955,0.35914304206841974,FALSE
JobRole_Healthcare.Representative,64,0.2685533006197418,2.518650022992524e-4,0.3624065585818234,FALSE
StockOptionLevel,30,0.2683101558541057,0.005955321313524932,0.33240183691285996,FALSE
JobSatisfaction,28,0.26770515198288997,0.007173205605519361,0.32502019508517654,FALSE
JobInvolvement,18,0.2676615973291888,0.01818669080018116,0.2461592743020809,FALSE
BusinessTravel_Non.Travel,20,0.26759564387643253,0.015098910208494557,0.267416834480004,FALSE
EducationField_Other,40,0.266648825142274,0.0023489014410703257,0.3544208048178532,FALSE
RelationshipSatisfaction,42,0.2663430659623716,0.0019500992421870964,0.35649079975133047,FALSE
WorkLifeBalance,43,0.2660096992160095,0.0017768578002099217,0.3573786498837732,FALSE
Department_Sales,53,-0.265698393079502,7.008293302347037e-4,0.3611437684821306,FALSE
EducationField_Marketing,28,-0.2653848226005758,0.007173205605519361,0.32502019508517654,FALSE
JobRole_Human.Resources,35,-0.26526138332059035,0.003740115347870375,0.34574142870576036,FALSE
Gender_Female,45,0.2637806257953319,0.0014751785618066112,0.3586547794074863,FALSE
RelationshipSatisfaction,41,0.2627932989018658,0.0021402315108892825,0.3555273047101022,FALSE
JobRole_Manufacturing.Director,26,0.26256066241042997,0.008640151546852212,0.31520186901440195,FALSE
WorkLifeBalance,42,0.26226619087876407,0.0019500992421870964,0.35649079975133047,FALSE
PerformanceRating,46,-0.2621192470437877,0.0013441277641381955,0.35914304206841974,FALSE
JobRole_Manufacturing.Director,69,0.2614005474555337,1.5817856184375593e-4,0.3625750312911191,FALSE
JobRole_Sales.Representative,8,-0.2608821143323872,0.04610989011759219,0.1034412985924886,FALSE
StockOptionLevel,29,0.26019847963858744,0.006535957789708099,0.32898564101346683,FALSE
Department_Research...Development,25,0.2601207994106673,0.009482555656343221,0.30912643060277756,FALSE
Department_Research...Development,26,0.25984771623507913,0.008640151546852212,0.31520186901440195,FALSE
JobRole_Laboratory.Technician,18,-0.2597315018273636,0.01818669080018116,0.2461592743020809,FALSE
JobSatisfaction,27,0.25936293146828165,0.00787258429668537,0.32048983943872644,FALSE
EducationField_Other,39,0.25900033479871964,0.002577916431839543,0.3531202433337982,FALSE
RelationshipSatisfaction,40,0.25887338488331185,0.0023489014410703257,0.3544208048178532,FALSE
Gender_Female,44,0.25820964969700283,0.0016190066504645777,0.3580922440439754,FALSE
Department_Research...Development,24,0.2581418905077645,0.010407093126555881,0.3021444898547104,FALSE
WorkLifeBalance,41,0.25814145344268635,0.0021402315108892825,0.3555273047101022,FALSE
EnvironmentSatisfaction,21,0.2569702240653737,0.013757564639912196,0.2764829300150446,FALSE
Department_Research...Development,23,0.2561275816130974,0.011421771858766349,0.2942639657578007,FALSE
Department_Research...Development,27,0.25484123949212756,0.00787258429668537,0.32048983943872644,FALSE
RelationshipSatisfaction,39,0.2546286113381365,0.002577916431839543,0.3531202433337982,FALSE
WorkLifeBalance,40,0.2536048519509018,0.0023489014410703257,0.3544208048178532,FALSE
JobRole_Healthcare.Representative,65,0.25350155579599426,2.2949000966402086e-4,0.36244920610102305,FALSE
Gender_Female,43,0.2522109247771447,0.0017768578002099217,0.3573786498837732,FALSE
JobRole_Manufacturing.Director,70,0.25209102541488143,1.44126414367941e-4,0.36260080226591646,FALSE
StockOptionLevel,28,0.25166291298998306,0.007173205605519361,0.32502019508517654,FALSE
JobRole_Healthcare.Representative,31,0.25055355625519016,0.005426266981584693,0.3353812302958474,FALSE
Department_Research...Development,28,0.25048612588469915,0.007173205605519361,0.32502019508517654,FALSE
JobSatisfaction,26,0.25045627994179853,0.008640151546852212,0.31520186901440195,FALSE
EducationField_Other,38,0.25023898810340206,0.002829260101488162,0.3516394155159863,FALSE
RelationshipSatisfaction,38,0.2500803488235687,0.002829260101488162,0.3516394155159863,FALSE
JobInvolvement,17,0.24941643593405122,0.019959870701602742,0.233847881404585,FALSE
WorkLifeBalance,39,0.24875877459111503,0.002577916431839543,0.3531202433337982,FALSE
Department_Research...Development,22,0.24856045378449204,0.012535380514739396,0.2855493376091368,FALSE
JobRole_Human.Resources,34,-0.2472279316226931,0.004104771977089369,0.3430603406008423,FALSE
Department_Research...Development,29,0.24633652003044457,0.006535957789708099,0.32898564101346683,FALSE
Department_Human.Resources,54,0.24617947970998186,6.38569584103225e-4,0.36135790900066234,FALSE
Gender_Female,42,0.2454823830544122,0.0019500992421870964,0.35649079975133047,FALSE
RelationshipSatisfaction,37,0.24524369149024033,0.0031051094686420167,0.34997705365388615,FALSE
EnvironmentSatisfaction,20,0.24480185569048418,0.015098910208494557,0.267416834480004,FALSE
WorkLifeBalance,38,0.24362137879959253,0.002829260101488162,0.3516394155159863,FALSE
JobRole_Research.Scientist,58,-0.2434830130889751,4.401412444859441e-4,0.3619648237246643,FALSE
JobRole_Manufacturing.Director,71,0.24311153700698715,1.3132262094453617e-4,0.36262407026953836,FALSE
PerformanceRating,45,-0.24290062579287364,0.0014751785618066112,0.3586547794074863,FALSE
Department_Research...Development,30,0.24270124808752655,0.005955321313524932,0.33240183691285996,FALSE
StockOptionLevel,27,0.2425427410794845,0.00787258429668537,0.32048983943872644,FALSE
JobRole_Manager,35,0.24224346343816056,0.003740115347870375,0.34574142870576036,FALSE
EducationField_Marketing,27,-0.24187836695327308,0.00787258429668537,0.32048983943872644,FALSE
JobSatisfaction,25,0.24104525709412994,0.009482555656343221,0.30912643060277756,FALSE
EducationField_Other,37,0.2400973022554484,0.0031051094686420167,0.34997705365388615,FALSE
RelationshipSatisfaction,36,0.24006803124379572,0.0034078538085554125,0.34802699349455446,FALSE
Department_Research...Development,31,0.2393074445605694,0.005426266981584693,0.3353812302958474,FALSE
JobRole_Healthcare.Representative,66,0.23902873608456177,2.091027497064395e-4,0.3624872676029919,FALSE
Gender_Female,41,0.23857886850327367,0.0021402315108892825,0.3555273047101022,FALSE
OverTime_No,3,0.23841798012856744,0.07341998463709051,0.019785171154912424,FALSE
WorkLifeBalance,37,0.2382243279329143,0.0031051094686420167,0.34997705365388615,FALSE
Department_Sales,52,-0.23560291575060646,7.691593247539126e-4,0.36089874444188386,FALSE
Department_Research...Development,21,0.23542743379978334,0.013757564639912196,0.2764829300150446,FALSE
Department_Research...Development,32,0.2352141194206404,0.004944212378359185,0.3380382502464125,FALSE
JobRole_Manufacturing.Director,72,0.23457713463418686,1.1965628124013325e-4,0.36264456462794475,FALSE
RelationshipSatisfaction,35,0.23452130817906064,0.003740115347870375,0.34574142870576036,FALSE
StockOptionLevel,26,0.23286227381463617,0.008640151546852212,0.31520186901440195,FALSE
WorkLifeBalance,36,0.2324556861622657,0.0034078538085554125,0.34802699349455446,FALSE
EnvironmentSatisfaction,19,0.2323571670169103,0.01657103531411328,0.2571489104307527,FALSE
JobRole_Manufacturing.Director,25,0.23149832180266425,0.009482555656343221,0.30912643060277756,FALSE
Gender_Female,40,0.23128885374970906,0.0023489014410703257,0.3544208048178532,FALSE
JobSatisfaction,24,0.2311554430227594,0.010407093126555881,0.3021444898547104,FALSE
BusinessTravel_Travel_Frequently,14,-0.2300289196277318,0.026385774398510174,0.1952692822849756,FALSE
JobInvolvement,16,0.22999484013298482,0.02190593345441003,0.22107063158727136,FALSE
EducationField_Other,36,0.22923257891929422,0.0034078538085554125,0.34802699349455446,FALSE
RelationshipSatisfaction,34,0.22860374166124361,0.004104771977089369,0.3430603406008423,FALSE
EducationField_Technical.Degree,21,-0.22797557610769323,0.013757564639912196,0.2764829300150446,FALSE
MaritalStatus_Single,6,-0.2266427938079023,0.05553952588758322,0.07211847485982993,FALSE
JobRole_Manufacturing.Director,73,0.2265515250745532,1.0902634700128992e-4,0.36266258741432056,FALSE
JobRole_Healthcare.Representative,30,0.22634379483779724,0.005955321313524932,0.33240183691285996,FALSE
WorkLifeBalance,35,0.22630736323654257,0.003740115347870375,0.34574142870576036,FALSE
JobRole_Healthcare.Representative,67,0.22623715146655288,1.9052663773384671e-4,0.3625197570378639,FALSE
MaritalStatus_Divorced,78,0.22560097740722682,6.847172340066526e-5,0.3627231816245738,FALSE
EducationField_Human.Resources,21,-0.22547714769679303,0.013757564639912196,0.2764829300150446,FALSE
MaritalStatus_Divorced,77,0.2252300767692374,7.514763190341213e-5,0.36271390608341053,FALSE
MaritalStatus_Divorced,76,0.22482755949705735,8.247443324372141e-5,0.36270362765985353,FALSE
MaritalStatus_Divorced,75,0.22438586968174448,9.051558866972372e-5,0.36269178587982315,FALSE
MaritalStatus_Divorced,74,0.22389802199495493,9.934074682289904e-5,0.3626780375238114,FALSE
Gender_Female,39,0.22345151033787272,0.002577916431839543,0.3531202433337982,FALSE
MaritalStatus_Divorced,73,0.2233675922608374,1.0902634700128992e-4,0.36266258741432056,FALSE
Department_Research...Development,20,0.22327252349017,0.015098910208494557,0.267416834480004,FALSE
JobRole_Human.Resources,33,-0.22322786467078445,0.004504982177486073,0.3404811824761014,FALSE
Department_Research...Development,33,0.22295193973286878,0.004504982177486073,0.3404811824761014,FALSE
MaritalStatus_Divorced,72,0.22278166541596356,1.1965628124013325e-4,0.36264456462794475,FALSE
StockOptionLevel,25,0.22259848489815948,0.009482555656343221,0.30912643060277756,FALSE
RelationshipSatisfaction,33,0.22225490534061662,0.004504982177486073,0.3404811824761014,FALSE
MaritalStatus_Divorced,71,0.22213968985433,1.3132262094453617e-4,0.36262407026953836,FALSE
PerformanceRating,44,-0.2220279361151863,0.0016190066504645777,0.3580922440439754,FALSE
MaritalStatus_Divorced,70,0.22143999208897927,1.44126414367941e-4,0.36260080226591646,FALSE
JobSatisfaction,23,0.2209493387297837,0.011421771858766349,0.2942639657578007,FALSE
MaritalStatus_Divorced,69,0.22070407776217282,1.5817856184375593e-4,0.3625750312911191,FALSE
BusinessTravel_Non.Travel,19,0.2203001941789759,0.01657103531411328,0.2571489104307527,FALSE
MaritalStatus_Divorced,68,0.2198372962664171,1.7360077635098916e-4,0.36254830031139806,FALSE
WorkLifeBalance,34,0.21978173114275426,0.004104771977089369,0.3430603406008423,FALSE
EnvironmentSatisfaction,18,0.21973719999590788,0.01818669080018116,0.2461592743020809,FALSE
JobRole_Manufacturing.Director,74,0.219368310333894,9.934074682289904e-5,0.3626780375238114,FALSE
Department_Sales,51,-0.21932801587933307,8.441514093848918e-4,0.360657482061488,FALSE
MaritalStatus_Divorced,67,0.2188536760464066,1.9052663773384671e-4,0.3625197570378639,FALSE
MaritalStatus_Divorced,66,0.21777916526104885,2.091027497064395e-4,0.3624872676029919,FALSE
EducationField_Other,35,0.21758626572872464,0.003740115347870375,0.34574142870576036,FALSE
MaritalStatus_Divorced,65,0.21660209064889635,2.2949000966402086e-4,0.36244920610102305,FALSE
EducationField_Marketing,26,-0.2163152284828434,0.008640151546852212,0.31520186901440195,FALSE
RelationshipSatisfaction,32,0.2154303993742449,0.004944212378359185,0.3380382502464125,FALSE
MaritalStatus_Divorced,64,0.21531833671983708,2.518650022992524e-4,0.3624065585818234,FALSE
Gender_Female,38,0.21531516848664028,0.002829260101488162,0.3516394155159863,FALSE
Department_Sales,50,-0.21470947268991838,9.264551296891421e-4,0.3604465777591454,FALSE
JobRole_Healthcare.Representative,68,0.21440610890101275,1.7360077635098916e-4,0.36254830031139806,FALSE
MaritalStatus_Divorced,63,0.21391451510720452,2.7642152909433524e-4,0.36235666718114795,FALSE
Department_Research...Development,34,0.2131464932169468,0.004104771977089369,0.3430603406008423,FALSE
Department_Sales,49,-0.21291948535816513,0.0010167833611185427,0.36019741991167054,FALSE
WorkLifeBalance,33,0.21280393422506988,0.004504982177486073,0.3404811824761014,FALSE
JobRole_Manufacturing.Director,75,0.21260622004086677,9.051558866972372e-5,0.36269178587982315,FALSE
MaritalStatus_Divorced,62,0.21238142925861003,3.033722869367358e-4,0.36229920518149916,FALSE
JobRole_Research.Director,23,0.21227699342622017,0.011421771858766349,0.2942639657578007,FALSE
StockOptionLevel,24,0.21184209547911537,0.010407093126555881,0.3021444898547104,FALSE
JobRole_Laboratory.Technician,17,-0.21118771751008875,0.019959870701602742,0.233847881404585,FALSE
Department_Sales,48,-0.21097969270532657,0.001115918483601481,0.35990150955566197,FALSE
MaritalStatus_Divorced,61,0.2107078821736625,3.3295071039787273e-4,0.36223300246037204,FALSE
JobSatisfaction,22,0.2104609121323409,0.012535380514739396,0.2855493376091368,FALSE
JobRole_Research.Scientist,57,-0.20975911911153,4.8305447246590105e-4,0.3618447451426575,FALSE
JobInvolvement,15,0.2093127715028926,0.024041734923188045,0.2070706336595344,FALSE
MaritalStatus_Divorced,60,0.20888228136823447,3.6541299363170135e-4,0.36215676891571624,FALSE
Department_Sales,47,-0.20881609195453715,0.0012247191581435085,0.35955046616960523,FALSE
RelationshipSatisfaction,31,0.20797008449171614,0.005426266981584693,0.3353812302958474,FALSE
Department_Research...Development,35,0.20789929880062824,0.003740115347870375,0.34574142870576036,FALSE
Gender_Female,37,0.20696862273917754,0.0031051094686420167,0.34997705365388615,FALSE
MaritalStatus_Divorced,59,0.20688981932002923,4.010403094059142e-4,0.36206703725293354,FALSE
JobRole_Manufacturing.Director,76,0.20656227191586482,8.247443324372141e-5,0.36270362765985353,FALSE
EnvironmentSatisfaction,17,0.20650409739303607,0.019959870701602742,0.233847881404585,FALSE
Department_Sales,46,-0.20590489388301778,0.0013441277641381955,0.35914304206841974,FALSE
WorkLifeBalance,32,0.20534713034891686,0.004944212378359185,0.3380382502464125,FALSE
EducationField_Other,34,0.20518193224114137,0.004104771977089369,0.3430603406008423,FALSE
MaritalStatus_Divorced,58,0.20471818525754298,4.401412444859441e-4,0.3619648237246643,FALSE
JobRole_Healthcare.Representative,69,0.20419248603500118,1.5817856184375593e-4,0.3625750312911191,FALSE
Department_Research...Development,36,0.203694423149703,0.0034078538085554125,0.34802699349455446,FALSE
Department_Sales,45,-0.20273632967047286,0.0014751785618066112,0.3586547794074863,FALSE
Department_Research...Development,19,0.20270858610951384,0.01657103531411328,0.2571489104307527,FALSE
MaritalStatus_Divorced,57,0.20235056209074184,4.8305447246590105e-4,0.3618447451426575,FALSE
JobRole_Healthcare.Representative,29,0.20117435228427089,0.006535957789708099,0.32898564101346683,FALSE
JobRole_Manufacturing.Director,77,0.20112640442178203,7.514763190341213e-5,0.36271390608341053,FALSE
StockOptionLevel,23,0.20085871816819179,0.011421771858766349,0.2942639657578007,FALSE
RelationshipSatisfaction,30,0.1999351562565044,0.005955321313524932,0.33240183691285996,FALSE
Department_Research...Development,37,0.19992333750589905,0.0031051094686420167,0.34997705365388615,FALSE
JobRole_Manufacturing.Director,24,0.19978645003023338,0.010407093126555881,0.3021444898547104,FALSE
MaritalStatus_Divorced,56,0.1997691167386842,5.301516871972259e-4,0.3617050028673343,FALSE
JobSatisfaction,21,0.1995641388429794,0.013757564639912196,0.2764829300150446,FALSE
PerformanceRating,43,-0.19908963237097735,0.0017768578002099217,0.3573786498837732,FALSE
Gender_Female,36,0.19802929623683602,0.0034078538085554125,0.34802699349455446,FALSE
Department_Research...Development,38,0.19750111154500513,0.002829260101488162,0.3516394155159863,FALSE
WorkLifeBalance,31,0.19714919960074617,0.005426266981584693,0.3353812302958474,FALSE
MaritalStatus_Divorced,55,0.1969560332104681,5.818408222230162e-4,0.36154523797689503,FALSE
Department_Sales,44,-0.1962259336414587,0.0016190066504645777,0.3580922440439754,FALSE
JobRole_Manufacturing.Director,78,0.19596969492302482,6.847172340066526e-5,0.3627231816245738,FALSE
JobRole_Healthcare.Representative,70,0.19554613054304612,1.44126414367941e-4,0.36260080226591646,FALSE
Department_Research...Development,39,0.19544383950965172,0.002577916431839543,0.3531202433337982,FALSE
JobRole_Human.Resources,32,-0.19497675869379605,0.004944212378359185,0.3380382502464125,FALSE
MaritalStatus_Divorced,54,0.19388847176486332,6.38569584103225e-4,0.36135790900066234,FALSE
Department_Research...Development,40,0.19309390631324572,0.0023489014410703257,0.3544208048178532,FALSE
EnvironmentSatisfaction,16,0.1920415021310202,0.02190593345441003,0.22107063158727136,FALSE
JobRole_Sales.Representative,7,-0.19170107683113619,0.050605547481077894,0.0882469778598371,FALSE
RelationshipSatisfaction,29,0.19132087866247985,0.006535957789708099,0.32898564101346683,FALSE
EducationField_Marketing,25,-0.19114227174478454,0.009482555656343221,0.30912643060277756,FALSE
MaritalStatus_Divorced,53,0.19054348870870014,7.008293302347037e-4,0.3611437684821306,FALSE
EducationField_Other,33,0.19050165645033942,0.004504982177486073,0.3404811824761014,FALSE
Department_Research...Development,41,0.19035233222036832,0.0021402315108892825,0.3555273047101022,FALSE
StockOptionLevel,22,0.1903503055661826,0.012535380514739396,0.2855493376091368,FALSE
WorkLifeBalance,30,0.18876732574655417,0.005955321313524932,0.33240183691285996,FALSE
Gender_Female,35,0.18842217066447173,0.003740115347870375,0.34574142870576036,FALSE
JobSatisfaction,20,0.18809033258168878,0.015098910208494557,0.267416834480004,FALSE
JobInvolvement,14,0.187225726378318,0.026385774398510174,0.1952692822849756,FALSE
JobRole_Healthcare.Representative,71,0.18720545703718872,1.3132262094453617e-4,0.36262407026953836,FALSE
MaritalStatus_Divorced,52,0.18681546481855033,7.691593247539126e-4,0.36089874444188386,FALSE
NumCompaniesWorked,78,-0.18561940924893766,6.847172340066526e-5,0.3627231816245738,FALSE
NumCompaniesWorked,77,-0.18551533581582758,7.514763190341213e-5,0.36271390608341053,FALSE
NumCompaniesWorked,76,-0.18540275973848802,8.247443324372141e-5,0.36270362765985353,FALSE
NumCompaniesWorked,75,-0.1852792569743738,9.051558866972372e-5,0.36269178587982315,FALSE
NumCompaniesWorked,74,-0.1851426662222405,9.934074682289904e-5,0.3626780375238114,FALSE
NumCompaniesWorked,73,-0.18499460216486466,1.0902634700128992e-4,0.36266258741432056,FALSE
NumCompaniesWorked,72,-0.1848308901259556,1.1965628124013325e-4,0.36264456462794475,FALSE
NumCompaniesWorked,71,-0.1846518363801841,1.3132262094453617e-4,0.36262407026953836,FALSE
NumCompaniesWorked,70,-0.18445730617273157,1.44126414367941e-4,0.36260080226591646,FALSE
NumCompaniesWorked,69,-0.1842552376117837,1.5817856184375593e-4,0.3625750312911191,FALSE
NumCompaniesWorked,68,-0.18399475106396995,1.7360077635098916e-4,0.36254830031139806,FALSE
NumCompaniesWorked,67,-0.18367965353344082,1.9052663773384671e-4,0.3625197570378639,FALSE
NumCompaniesWorked,66,-0.18333464683512019,2.091027497064395e-4,0.3624872676029919,FALSE
BusinessTravel_Travel_Frequently,13,-0.18298150158465276,0.0289583548289432,0.18266092804591583,FALSE
NumCompaniesWorked,65,-0.18295778928926243,2.2949000966402086e-4,0.36244920610102305,FALSE
NumCompaniesWorked,64,-0.18254525154770726,2.518650022992524e-4,0.3624065585818234,FALSE
MaritalStatus_Divorced,51,0.1825171884762985,8.441514093848918e-4,0.360657482061488,FALSE
RelationshipSatisfaction,28,0.18215122220256447,0.007173205605519361,0.32502019508517654,FALSE
NumCompaniesWorked,63,-0.18209456529415957,2.7642152909433524e-4,0.36235666718114795,FALSE
JobLevel,19,0.1818524544883712,0.01657103531411328,0.2571489104307527,FALSE
JobLevel,20,0.1818003510128675,0.015098910208494557,0.267416834480004,FALSE
NumCompaniesWorked,62,-0.1816021885795056,3.033722869367358e-4,0.36229920518149916,FALSE
NumCompaniesWorked,61,-0.18106451128597267,3.3295071039787273e-4,0.36223300246037204,FALSE
NumCompaniesWorked,60,-0.18047693638114432,3.6541299363170135e-4,0.36215676891571624,FALSE
WorkLifeBalance,29,0.1800378666859277,0.006535957789708099,0.32898564101346683,FALSE
NumCompaniesWorked,59,-0.1798370969346195,4.010403094059142e-4,0.36206703725293354,FALSE
JobLevel,18,0.17969829310725233,0.01818669080018116,0.2461592743020809,FALSE
EducationField_Technical.Degree,20,-0.17949119015606335,0.015098910208494557,0.267416834480004,FALSE
StockOptionLevel,21,0.17938767475900952,0.013757564639912196,0.2764829300150446,FALSE
JobRole_Healthcare.Representative,72,0.1792596841161954,1.1965628124013325e-4,0.36264456462794475,FALSE
NumCompaniesWorked,58,-0.17913812479897095,4.401412444859441e-4,0.3619648237246643,FALSE
NumCompaniesWorked,57,-0.17837703619503587,4.8305447246590105e-4,0.3618447451426575,FALSE
MaritalStatus_Divorced,50,0.1781994640773264,9.264551296891421e-4,0.3604465777591454,FALSE
Gender_Female,34,0.178121715289756,0.004104771977089369,0.3430603406008423,FALSE
NumCompaniesWorked,56,-0.17754929826792692,5.301516871972259e-4,0.3617050028673343,FALSE
NumCompaniesWorked,55,-0.1766468608272106,5.818408222230162e-4,0.36154523797689503,FALSE
JobLevel,17,0.17661091222385333,0.019959870701602742,0.233847881404585,FALSE
EnvironmentSatisfaction,15,0.17648180749969028,0.024041734923188045,0.2070706336595344,FALSE
JobLevel,21,0.1762506966560461,0.013757564639912196,0.2764829300150446,FALSE
JobSatisfaction,19,0.17579066249838174,0.01657103531411328,0.2571489104307527,FALSE
NumCompaniesWorked,54,-0.17566793565582367,6.38569584103225e-4,0.36135790900066234,FALSE
TrainingTimesLastYear,78,0.1754775671494558,6.847172340066526e-5,0.3627231816245738,FALSE
TrainingTimesLastYear,77,0.17535277432567808,7.514763190341213e-5,0.36271390608341053,FALSE
TrainingTimesLastYear,76,0.17521736590820403,8.247443324372141e-5,0.36270362765985353,FALSE
TrainingTimesLastYear,75,0.17506864200952674,9.051558866972372e-5,0.36269178587982315,FALSE
TrainingTimesLastYear,74,0.17490440511931526,9.934074682289904e-5,0.3626780375238114,FALSE
TrainingTimesLastYear,73,0.17472578242061168,1.0902634700128992e-4,0.36266258741432056,FALSE
NumCompaniesWorked,53,-0.17460395626344352,7.008293302347037e-4,0.3611437684821306,FALSE
TrainingTimesLastYear,72,0.17452856960051327,1.1965628124013325e-4,0.36264456462794475,FALSE
TrainingTimesLastYear,71,0.17431271162827172,1.3132262094453617e-4,0.36262407026953836,FALSE
JobRole_Healthcare.Representative,28,0.1742642938296668,0.007173205605519361,0.32502019508517654,FALSE
TrainingTimesLastYear,70,0.1740771708318798,1.44126414367941e-4,0.36260080226591646,FALSE
TrainingTimesLastYear,69,0.1738284392166226,1.5817856184375593e-4,0.3625750312911191,FALSE
JobRole_Research.Scientist,56,-0.17377558287579328,5.301516871972259e-4,0.3617050028673343,FALSE
PerformanceRating,42,-0.17358956058778377,0.0019500992421870964,0.35649079975133047,FALSE
TrainingTimesLastYear,68,0.17356352179455906,1.7360077635098916e-4,0.36254830031139806,FALSE
EducationField_Other,32,0.1735441492196342,0.004944212378359185,0.3380382502464125,FALSE
NumCompaniesWorked,52,-0.17345373157586377,7.691593247539126e-4,0.36089874444188386,FALSE
MaritalStatus_Divorced,49,0.1733476230383421,0.0010167833611185427,0.36019741991167054,FALSE
JobLevel,22,0.17334192141360452,0.012535380514739396,0.2855493376091368,FALSE
TrainingTimesLastYear,67,0.17327841580011585,1.9052663773384671e-4,0.3625197570378639,FALSE
TrainingTimesLastYear,66,0.17296651855725037,2.091027497064395e-4,0.3624872676029919,FALSE
TrainingTimesLastYear,65,0.17262588702463474,2.2949000966402086e-4,0.36244920610102305,FALSE
RelationshipSatisfaction,27,0.17241328352103114,0.00787258429668537,0.32048983943872644,FALSE
TrainingTimesLastYear,64,0.1722539529502638,2.518650022992524e-4,0.3624065585818234,FALSE
NumCompaniesWorked,51,-0.17211918891659458,8.441514093848918e-4,0.360657482061488,FALSE
TrainingTimesLastYear,63,0.17184764814357403,2.7642152909433524e-4,0.36235666718114795,FALSE
JobRole_Healthcare.Representative,73,0.17177283531305287,1.0902634700128992e-4,0.36266258741432056,FALSE
TrainingTimesLastYear,62,0.17140431569306544,3.033722869367358e-4,0.36229920518149916,FALSE
TrainingTimesLastYear,61,0.17092091948662053,3.3295071039787273e-4,0.36223300246037204,FALSE
WorkLifeBalance,28,0.17072308928719074,0.007173205605519361,0.32502019508517654,FALSE
NumCompaniesWorked,50,-0.1706911234173934,9.264551296891421e-4,0.3604465777591454,FALSE
JobLevel,16,0.17068596577018416,0.02190593345441003,0.22107063158727136,FALSE
BusinessTravel_Non.Travel,18,0.1704071703066358,0.01818669080018116,0.2461592743020809,FALSE
TrainingTimesLastYear,60,0.17039343593086723,3.6541299363170135e-4,0.36215676891571624,FALSE
TrainingTimesLastYear,59,0.16981892666574464,4.010403094059142e-4,0.36206703725293354,FALSE
YearsWithCurrManager,78,0.16935519733344082,6.847172340066526e-5,0.3627231816245738,FALSE
TrainingTimesLastYear,58,0.16919279723805603,4.401412444859441e-4,0.3619648237246643,FALSE
YearsWithCurrManager,77,0.1691811264295144,7.514763190341213e-5,0.36271390608341053,FALSE
JobRole_Human.Resources,31,-0.1691524595027825,0.005426266981584693,0.3353812302958474,FALSE
NumCompaniesWorked,49,-0.16911484405500454,0.0010167833611185427,0.36019741991167054,FALSE
YearsWithCurrManager,76,0.16899473772276083,8.247443324372141e-5,0.36270362765985353,FALSE
YearsWithCurrManager,75,0.16878964611034872,9.051558866972372e-5,0.36269178587982315,FALSE
YearsWithCurrManager,74,0.16856101145459387,9.934074682289904e-5,0.3626780375238114,FALSE
TrainingTimesLastYear,57,0.16851070418433314,4.8305447246590105e-4,0.3618447451426575,FALSE
YearsWithCurrManager,73,0.1683150436352381,1.0902634700128992e-4,0.36266258741432056,FALSE
MaritalStatus_Divorced,48,0.1680816515535121,0.001115918483601481,0.35990150955566197,FALSE
YearsWithCurrManager,72,0.16804081606223104,1.1965628124013325e-4,0.36264456462794475,FALSE
TrainingTimesLastYear,56,0.16776845521238964,5.301516871972259e-4,0.3617050028673343,FALSE
YearsWithCurrManager,71,0.1677414893818656,1.3132262094453617e-4,0.36262407026953836,FALSE
YearsWithCurrManager,70,0.16741842387385106,1.44126414367941e-4,0.36260080226591646,FALSE
NumCompaniesWorked,48,-0.1674062052090395,0.001115918483601481,0.35990150955566197,FALSE
JobLevel,23,0.1673184010469351,0.011421771858766349,0.2942639657578007,FALSE
YearsWithCurrManager,69,0.16709419478581836,1.5817856184375593e-4,0.3625750312911191,FALSE
StockOptionLevel,20,0.16709307985744595,0.015098910208494557,0.267416834480004,FALSE
TrainingTimesLastYear,55,0.16695946735488082,5.818408222230162e-4,0.36154523797689503,FALSE
Gender_Female,33,0.16689798423824637,0.004504982177486073,0.3404811824761014,FALSE
YearsWithCurrManager,68,0.16667600818044423,1.7360077635098916e-4,0.36254830031139806,FALSE
JobRole_Manufacturing.Director,23,0.1661947153916372,0.011421771858766349,0.2942639657578007,FALSE
YearsWithCurrManager,67,0.16615426479846035,1.9052663773384671e-4,0.3625197570378639,FALSE
TrainingTimesLastYear,54,0.1660788297739561,6.38569584103225e-4,0.36135790900066234,FALSE
YearsWithCurrManager,66,0.1655832600324655,2.091027497064395e-4,0.3624872676029919,FALSE
NumCompaniesWorked,47,-0.16555657706088747,0.0012247191581435085,0.35955046616960523,FALSE
Department_Research...Development,18,0.16542520865706195,0.01818669080018116,0.2461592743020809,FALSE
EducationField_Marketing,24,-0.16540112922159983,0.010407093126555881,0.3021444898547104,FALSE
TrainingTimesLastYear,53,0.1651185074170318,7.008293302347037e-4,0.3611437684821306,FALSE
JobRole_Healthcare.Representative,74,0.16507720261425565,9.934074682289904e-5,0.3626780375238114,FALSE
YearsWithCurrManager,65,0.16495902833977066,2.2949000966402086e-4,0.36244920610102305,FALSE
YearsWithCurrManager,64,0.16427762832665205,2.518650022992524e-4,0.3624065585818234,FALSE
TrainingTimesLastYear,52,0.1640918512585014,7.691593247539126e-4,0.36089874444188386,FALSE
NumCompaniesWorked,46,-0.1635782348747228,0.0013441277641381955,0.35914304206841974,FALSE
YearsWithCurrManager,63,0.16353242228185275,2.7642152909433524e-4,0.36235666718114795,FALSE
JobRole_Manager,34,0.1634483837856646,0.004104771977089369,0.3430603406008423,FALSE
TrainingTimesLastYear,51,0.16301611167483196,8.441514093848918e-4,0.360657482061488,FALSE
JobInvolvement,13,0.16297205887255603,0.0289583548289432,0.18266092804591583,FALSE
YearsWithCurrManager,62,0.16271912756821486,3.033722869367358e-4,0.36229920518149916,FALSE
MaritalStatus_Divorced,47,0.16237851758917488,0.0012247191581435085,0.35955046616960523,FALSE
RelationshipSatisfaction,26,0.16198663720682113,0.008640151546852212,0.31520186901440195,FALSE
JobLevel,15,0.16191959707116488,0.024041734923188045,0.2070706336595344,FALSE
TrainingTimesLastYear,50,0.16189517772160897,9.264551296891421e-4,0.3604465777591454,FALSE
JobSatisfaction,18,0.16188519231388593,0.01818669080018116,0.2461592743020809,FALSE
YearsWithCurrManager,61,0.16183221429751565,3.3295071039787273e-4,0.36223300246037204,FALSE
NumCompaniesWorked,45,-0.16141006664973725,0.0014751785618066112,0.3586547794074863,FALSE
YearsWithCurrManager,60,0.1608632632031797,3.6541299363170135e-4,0.36215676891571624,FALSE
WorkLifeBalance,27,0.16078204236423585,0.00787258429668537,0.32048983943872644,FALSE
TrainingTimesLastYear,49,0.16065541140613127,0.0010167833611185427,0.36019741991167054,FALSE
YearsInCurrentRole,78,0.1603842119785423,6.847172340066526e-5,0.3627231816245738,FALSE
JobRole_Laboratory.Technician,16,-0.16019350604935248,0.02190593345441003,0.22107063158727136,FALSE
YearsInCurrentRole,77,0.16017421007906074,7.514763190341213e-5,0.36271390608341053,FALSE
YearsInCurrentRole,76,0.1599469286494957,8.247443324372141e-5,0.36270362765985353,FALSE
YearsWithCurrManager,59,0.1598089888250831,4.010403094059142e-4,0.36206703725293354,FALSE
YearsInCurrentRole,75,0.15969715629576198,9.051558866972372e-5,0.36269178587982315,FALSE
YearsInCurrentRole,74,0.15942066021293305,9.934074682289904e-5,0.3626780375238114,FALSE
TrainingTimesLastYear,48,0.15930845705238467,0.001115918483601481,0.35990150955566197,FALSE
NumCompaniesWorked,44,-0.15913571311294844,0.0016190066504645777,0.3580922440439754,FALSE
YearsInCurrentRole,73,0.15912051863830298,1.0902634700128992e-4,0.36266258741432056,FALSE
YearsInCurrentRole,72,0.15878839968214148,1.1965628124013325e-4,0.36264456462794475,FALSE
JobRole_Healthcare.Representative,75,0.15876547758821563,9.051558866972372e-5,0.36269178587982315,FALSE
YearsWithCurrManager,58,0.158659611460124,4.401412444859441e-4,0.3619648237246643,FALSE
YearsInCurrentRole,71,0.15842488983467415,1.3132262094453617e-4,0.36262407026953836,FALSE
EnvironmentSatisfaction,14,0.15824602290148676,0.026385774398510174,0.1952692822849756,FALSE
YearsInCurrentRole,70,0.15802853100119654,1.44126414367941e-4,0.36260080226591646,FALSE
JobLevel,14,0.15786107911848407,0.026385774398510174,0.1952692822849756,FALSE
TrainingTimesLastYear,47,0.1578453772542833,0.0012247191581435085,0.35955046616960523,FALSE
Department_Sales,43,-0.1577561826104043,0.0017768578002099217,0.3573786498837732,FALSE
YearsInCurrentRole,69,0.15761487628989343,1.5817856184375593e-4,0.3625750312911191,FALSE
YearsWithCurrManager,57,0.1574084247901922,4.8305447246590105e-4,0.3618447451426575,FALSE
YearsInCurrentRole,68,0.15716095859909557,1.7360077635098916e-4,0.36254830031139806,FALSE
JobLevel,24,0.1569381198719873,0.010407093126555881,0.3021444898547104,FALSE
YearsInCurrentRole,67,0.156675654040892,1.9052663773384671e-4,0.3625197570378639,FALSE
NumCompaniesWorked,43,-0.15661985251442018,0.0017768578002099217,0.3573786498837732,FALSE
MaritalStatus_Divorced,46,0.15646695732274632,0.0013441277641381955,0.35914304206841974,FALSE
TrainingTimesLastYear,46,0.15623856278957668,0.0013441277641381955,0.35914304206841974,FALSE
YearsInCurrentRole,66,0.1561445130295183,2.091027497064395e-4,0.3624872676029919,FALSE
YearsWithCurrManager,56,0.1560520620093624,5.301516871972259e-4,0.3617050028673343,FALSE
EducationField_Other,31,0.15576040901451918,0.005426266981584693,0.3353812302958474,FALSE
YearsInCurrentRole,65,0.15556378836002763,2.2949000966402086e-4,0.36244920610102305,FALSE
MaritalStatus_Single,5,-0.15544866715724254,0.06095456109769221,0.05261994693223041,FALSE
YearsInCurrentRole,64,0.1549297017477898,2.518650022992524e-4,0.3624065585818234,FALSE
Gender_Female,32,0.15466872397908946,0.004944212378359185,0.3380382502464125,FALSE
YearsWithCurrManager,55,0.15457721550667541,5.818408222230162e-4,0.36154523797689503,FALSE
TrainingTimesLastYear,45,0.15448291076182524,0.0014751785618066112,0.3586547794074863,FALSE
StockOptionLevel,19,0.1543477085048123,0.01657103531411328,0.2571489104307527,FALSE
YearsInCurrentRole,63,0.15423617034964107,2.7642152909433524e-4,0.36235666718114795,FALSE
NumCompaniesWorked,42,-0.15399543806123014,0.0019500992421870964,0.35649079975133047,FALSE
JobLevel,13,0.15395189594272166,0.0289583548289432,0.18266092804591583,FALSE
YearsInCurrentRole,62,0.1534788839450542,3.033722869367358e-4,0.36229920518149916,FALSE
JobRole_Healthcare.Representative,76,0.15312895876624222,8.247443324372141e-5,0.36270362765985353,FALSE
YearsWithCurrManager,54,0.15298356265633242,6.38569584103225e-4,0.36135790900066234,FALSE
YearsInCurrentRole,61,0.15265252314725383,3.3295071039787273e-4,0.36223300246037204,FALSE
TrainingTimesLastYear,44,0.15256808637305516,0.0016190066504645777,0.3580922440439754,FALSE
YearsInCurrentRole,60,0.1517500783656896,3.6541299363170135e-4,0.36215676891571624,FALSE
YearsWithCurrManager,53,0.15126115322087583,7.008293302347037e-4,0.3611437684821306,FALSE
NumCompaniesWorked,41,-0.15117657304575904,0.0021402315108892825,0.3555273047101022,FALSE
Department_Human.Resources,53,0.15103514744950505,7.008293302347037e-4,0.3611437684821306,FALSE
RelationshipSatisfaction,25,0.15100061343790466,0.009482555656343221,0.30912643060277756,FALSE
YearsInCurrentRole,59,0.15076554678309212,4.010403094059142e-4,0.36206703725293354,FALSE
TrainingTimesLastYear,43,0.15045717856762714,0.0017768578002099217,0.3573786498837732,FALSE
WorkLifeBalance,26,0.15014629905459856,0.008640151546852212,0.31520186901440195,FALSE
MaritalStatus_Divorced,45,0.14998012735028737,0.0014751785618066112,0.3586547794074863,FALSE
YearsInCurrentRole,58,0.1496924417419547,4.401412444859441e-4,0.3619648237246643,FALSE
YearsWithCurrManager,52,0.14941949686672318,7.691593247539126e-4,0.36089874444188386,FALSE
JobRole_Research.Director,22,0.14891652373150732,0.012535380514739396,0.2855493376091368,FALSE
YearsInCurrentRole,57,0.14852156040470701,4.8305447246590105e-4,0.3618447451426575,FALSE
TrainingTimesLastYear,42,0.1481181354026322,0.0019500992421870964,0.35649079975133047,FALSE
JobRole_Healthcare.Representative,77,0.14806472029110027,7.514763190341213e-5,0.36271390608341053,FALSE
NumCompaniesWorked,40,-0.1480141946432593,0.0023489014410703257,0.3544208048178532,FALSE
YearsSinceLastPromotion,78,-0.14789408784750668,6.847172340066526e-5,0.3627231816245738,FALSE
YearsSinceLastPromotion,77,-0.14782260321892596,7.514763190341213e-5,0.36271390608341053,FALSE
JobLevel,25,0.14777485576401445,0.009482555656343221,0.30912643060277756,FALSE
YearsSinceLastPromotion,76,-0.14774469205442162,8.247443324372141e-5,0.36270362765985353,FALSE
YearsSinceLastPromotion,75,-0.14765924513723114,9.051558866972372e-5,0.36269178587982315,FALSE
JobLevel,12,0.1475991604433298,0.031781758675475044,0.16936306332044584,FALSE
YearsSinceLastPromotion,74,-0.14756590370188846,9.934074682289904e-5,0.3626780375238114,FALSE
YearsSinceLastPromotion,73,-0.1474641874261928,1.0902634700128992e-4,0.36266258741432056,FALSE
YearsSinceLastPromotion,72,-0.14735323431665023,1.1965628124013325e-4,0.36264456462794475,FALSE
YearsWithCurrManager,51,0.1472660530742355,8.441514093848918e-4,0.360657482061488,FALSE
YearsInCurrentRole,56,0.1472465734620846,5.301516871972259e-4,0.3617050028673343,FALSE
YearsSinceLastPromotion,71,-0.14723312180825507,1.3132262094453617e-4,0.36262407026953836,FALSE
YearsSinceLastPromotion,70,-0.14710295989560357,1.44126414367941e-4,0.36260080226591646,FALSE
YearsSinceLastPromotion,69,-0.14695836028166512,1.5817856184375593e-4,0.3625750312911191,FALSE
PerformanceRating,41,-0.14692603409480667,0.0021402315108892825,0.3555273047101022,FALSE
JobSatisfaction,17,0.14691084117628153,0.019959870701602742,0.233847881404585,FALSE
YearsSinceLastPromotion,68,-0.14676415719228383,1.7360077635098916e-4,0.36254830031139806,FALSE
YearsSinceLastPromotion,67,-0.14653301766373814,1.9052663773384671e-4,0.3625197570378639,FALSE
YearsSinceLastPromotion,66,-0.14628095531712268,2.091027497064395e-4,0.3624872676029919,FALSE
YearsSinceLastPromotion,65,-0.14600485560040535,2.2949000966402086e-4,0.36244920610102305,FALSE
YearsInCurrentRole,55,0.14585781476622006,5.818408222230162e-4,0.36154523797689503,FALSE
TrainingTimesLastYear,41,0.14575916062111954,0.0021402315108892825,0.3555273047101022,FALSE
YearsSinceLastPromotion,64,-0.14570586326279847,2.518650022992524e-4,0.3624065585818234,FALSE
JobRole_Healthcare.Representative,27,0.1455029362041098,0.00787258429668537,0.32048983943872644,FALSE
YearsSinceLastPromotion,63,-0.1453787297926176,2.7642152909433524e-4,0.36235666718114795,FALSE
YearsWithCurrManager,50,0.14533643608206545,9.264551296891421e-4,0.3604465777591454,FALSE
YearsSinceLastPromotion,62,-0.1450229610122361,3.033722869367358e-4,0.36229920518149916,FALSE
YearsSinceLastPromotion,61,-0.14463653121860512,3.3295071039787273e-4,0.36223300246037204,FALSE
NumCompaniesWorked,39,-0.14462812080219523,0.002577916431839543,0.3531202433337982,FALSE
YearsInCurrentRole,54,0.14434545584737504,6.38569584103225e-4,0.36135790900066234,FALSE
YearsSinceLastPromotion,60,-0.14421719435844038,3.6541299363170135e-4,0.36215676891571624,FALSE
Department_Research...Development,42,0.14382957674413313,0.0019500992421870964,0.35649079975133047,FALSE
YearsSinceLastPromotion,59,-0.14375983186208943,4.010403094059142e-4,0.36206703725293354,FALSE
MaritalStatus_Divorced,44,0.1433729230133487,0.0016190066504645777,0.3580922440439754,FALSE
YearsSinceLastPromotion,58,-0.14326751672387103,4.401412444859441e-4,0.3619648237246643,FALSE
JobRole_Healthcare.Representative,78,0.14325196804572193,6.847172340066526e-5,0.3627231816245738,FALSE
TrainingTimesLastYear,40,0.14323549272323377,0.0023489014410703257,0.3544208048178532,FALSE
YearsWithCurrManager,49,0.14315715326238967,0.0010167833611185427,0.36019741991167054,FALSE
EducationField_Human.Resources,20,-0.142782282944901,0.015098910208494557,0.267416834480004,FALSE
YearsSinceLastPromotion,57,-0.1427324306538295,4.8305447246590105e-4,0.3618447451426575,FALSE
YearsInCurrentRole,53,0.14269963500897584,7.008293302347037e-4,0.3611437684821306,FALSE
YearsSinceLastPromotion,56,-0.14215518261129953,5.301516871972259e-4,0.3617050028673343,FALSE
JobRole_Human.Resources,30,-0.1418368782601613,0.005955321313524932,0.33240183691285996,FALSE
YearsSinceLastPromotion,55,-0.14153792767593548,5.818408222230162e-4,0.36154523797689503,FALSE
StockOptionLevel,18,0.14153758578418904,0.01818669080018116,0.2461592743020809,FALSE
NumCompaniesWorked,38,-0.1410174451616294,0.002829260101488162,0.3516394155159863,FALSE
YearsInCurrentRole,52,0.14094762394647858,7.691593247539126e-4,0.36089874444188386,FALSE
YearsSinceLastPromotion,54,-0.14087372740525939,6.38569584103225e-4,0.36135790900066234,FALSE
YearsWithCurrManager,48,0.14078950999982762,0.001115918483601481,0.35990150955566197,FALSE
Gender_Female,31,0.14062277525278105,0.005426266981584693,0.3353812302958474,FALSE
TrainingTimesLastYear,39,0.14050670730521705,0.002577916431839543,0.3531202433337982,FALSE
YearsSinceLastPromotion,53,-0.14016926254039022,7.008293302347037e-4,0.3611437684821306,FALSE
YearsSinceLastPromotion,52,-0.13944499479742525,7.691593247539126e-4,0.36089874444188386,FALSE
RelationshipSatisfaction,24,0.1394069363597058,0.010407093126555881,0.3021444898547104,FALSE
WorkLifeBalance,25,0.13919259377142215,0.009482555656343221,0.30912643060277756,FALSE
YearsInCurrentRole,51,0.1391158145955663,8.441514093848918e-4,0.360657482061488,FALSE
YearsSinceLastPromotion,51,-0.13877197959763807,8.441514093848918e-4,0.360657482061488,FALSE
EnvironmentSatisfaction,13,0.1383294967913902,0.0289583548289432,0.18266092804591583,FALSE
YearsWithCurrManager,47,0.1382220598287045,0.0012247191581435085,0.35955046616960523,FALSE
EducationField_Other,30,0.13801831545688173,0.005955321313524932,0.33240183691285996,FALSE
YearsSinceLastPromotion,50,-0.13793895117197608,9.264551296891421e-4,0.3604465777591454,FALSE
JobLevel,26,0.13790040515568344,0.008640151546852212,0.31520186901440195,FALSE
TrainingTimesLastYear,38,0.13758863740323193,0.002829260101488162,0.3516394155159863,FALSE
EducationField_Marketing,23,-0.13751656837381884,0.011421771858766349,0.2942639657578007,FALSE
JobRole_Research.Scientist,55,-0.13738991557716554,5.818408222230162e-4,0.36154523797689503,FALSE
YearsInCurrentRole,50,0.13722494456098575,9.264551296891421e-4,0.3604465777591454,FALSE
NumCompaniesWorked,37,-0.13714205787732317,0.0031051094686420167,0.34997705365388615,FALSE
YearsSinceLastPromotion,49,-0.13707430276329122,0.0010167833611185427,0.36019741991167054,FALSE
JobLevel,11,0.13704322451463125,0.034880440911532085,0.15481153123299363,FALSE
JobRole_Manufacturing.Director,22,0.13644858195468623,0.012535380514739396,0.2855493376091368,FALSE
JobInvolvement,12,0.13619462004718727,0.031781758675475044,0.16936306332044584,FALSE
YearsSinceLastPromotion,48,-0.13614143737462323,0.001115918483601481,0.35990150955566197,FALSE
MaritalStatus_Divorced,43,0.1357296381536296,0.0017768578002099217,0.3573786498837732,FALSE
YearsWithCurrManager,46,0.13546984423131228,0.0013441277641381955,0.35914304206841974,FALSE
YearsInCurrentRole,49,0.13515780291523607,0.0010167833611185427,0.36019741991167054,FALSE
YearsSinceLastPromotion,47,-0.13513573496566456,0.0012247191581435085,0.35955046616960523,FALSE
TrainingTimesLastYear,37,0.1344945870408867,0.0031051094686420167,0.34997705365388615,FALSE
YearsSinceLastPromotion,46,-0.13399407916203898,0.0013441277641381955,0.35914304206841974,FALSE
NumCompaniesWorked,36,-0.1329954206121777,0.0034078538085554125,0.34802699349455446,FALSE
YearsInCurrentRole,48,0.13291625330125278,0.001115918483601481,0.35990150955566197,FALSE
YearsSinceLastPromotion,45,-0.132797785849907,0.0014751785618066112,0.3586547794074863,FALSE
YearsWithCurrManager,45,0.132367177711404,0.0014751785618066112,0.3586547794074863,FALSE
BusinessTravel_Travel_Frequently,12,-0.13228181265367445,0.031781758675475044,0.16936306332044584,FALSE
JobSatisfaction,16,0.13140273168562688,0.02190593345441003,0.22107063158727136,FALSE
YearsSinceLastPromotion,44,-0.13139822750084937,0.0016190066504645777,0.3580922440439754,FALSE
TrainingTimesLastYear,36,0.13117036580660368,0.0034078538085554125,0.34802699349455446,FALSE
YearsInCurrentRole,47,0.13048422373031734,0.0012247191581435085,0.35955046616960523,FALSE
YearsSinceLastPromotion,43,-0.13007366446525712,0.0017768578002099217,0.3573786498837732,FALSE
YearsWithCurrManager,44,0.12926899022323596,0.0016190066504645777,0.3580922440439754,FALSE
YearsSinceLastPromotion,42,-0.1285973843422629,0.0019500992421870964,0.35649079975133047,FALSE
NumCompaniesWorked,35,-0.128568914311407,0.003740115347870375,0.34574142870576036,FALSE
YearsInCurrentRole,46,0.1278714408705914,0.0013441277641381955,0.35914304206841974,FALSE
WorkLifeBalance,24,0.12775761836597413,0.010407093126555881,0.3021444898547104,FALSE
JobLevel,27,0.12762708513068632,0.00787258429668537,0.32048983943872644,FALSE
StockOptionLevel,17,0.12759752204777203,0.019959870701602742,0.233847881404585,FALSE
TrainingTimesLastYear,35,0.1275912764184717,0.003740115347870375,0.34574142870576036,FALSE
MaritalStatus_Divorced,42,0.12755179827779495,0.0019500992421870964,0.35649079975133047,FALSE
RelationshipSatisfaction,23,0.1272988774081579,0.011421771858766349,0.2942639657578007,FALSE
EducationField_Technical.Degree,19,-0.12726643515888644,0.01657103531411328,0.2571489104307527,FALSE
YearsSinceLastPromotion,41,-0.12702752760495975,0.0021402315108892825,0.3555273047101022,FALSE
OverTime_No,2,0.12655491371352412,0.08057834250172598,0.010959272441944048,FALSE
JobLevel,10,0.1260682664390404,0.03828124084025995,0.13775092749853907,FALSE
Gender_Female,30,0.12587436049884168,0.005955321313524932,0.33240183691285996,FALSE
YearsWithCurrManager,43,0.12548000657719255,0.0017768578002099217,0.3573786498837732,FALSE
YearsSinceLastPromotion,40,-0.12533493333330728,0.0023489014410703257,0.3544208048178532,FALSE
YearsInCurrentRole,45,0.12503027208893303,0.0014751785618066112,0.3586547794074863,FALSE
NumCompaniesWorked,34,-0.12383841443528626,0.004104771977089369,0.3430603406008423,FALSE
TrainingTimesLastYear,34,0.12375272083305194,0.004104771977089369,0.3430603406008423,FALSE
YearsSinceLastPromotion,39,-0.12351812155180758,0.002577916431839543,0.3531202433337982,FALSE
YearsInCurrentRole,44,0.12191969580877898,0.0016190066504645777,0.3580922440439754,FALSE
YearsSinceLastPromotion,38,-0.12160424266000264,0.002829260101488162,0.3516394155159863,FALSE
YearsWithCurrManager,42,0.12151362541553219,0.0019500992421870964,0.35649079975133047,FALSE
TrainingTimesLastYear,33,0.1198060627752979,0.004504982177486073,0.3404811824761014,FALSE
EducationField_Other,29,0.11961501335544457,0.006535957789708099,0.32898564101346683,FALSE
NumCompaniesWorked,33,-0.11960120900840523,0.004504982177486073,0.3404811824761014,FALSE
YearsSinceLastPromotion,37,-0.11955958199272279,0.0031051094686420167,0.34997705365388615,FALSE
BusinessTravel_Non.Travel,17,0.11921284190360203,0.019959870701602742,0.233847881404585,FALSE
MaritalStatus_Divorced,41,0.11868497759316454,0.0021402315108892825,0.3555273047101022,FALSE
YearsInCurrentRole,43,0.11848619222968103,0.0017768578002099217,0.3573786498837732,FALSE
JobLevel,28,0.11844156256649686,0.007173205605519361,0.32502019508517654,FALSE
PerformanceRating,40,-0.11836425540814376,0.0023489014410703257,0.3544208048178532,FALSE
YearsWithCurrManager,41,0.11742935522326511,0.0021402315108892825,0.3555273047101022,FALSE
YearsSinceLastPromotion,36,-0.11738798363879437,0.0034078538085554125,0.34802699349455446,FALSE
Department_Research...Development,17,0.11717566534702045,0.019959870701602742,0.233847881404585,FALSE
YearsAtCompany,78,-0.11671227637797717,6.847172340066526e-5,0.3627231816245738,FALSE
EnvironmentSatisfaction,12,0.11655096041438223,0.031781758675475044,0.16936306332044584,FALSE
YearsAtCompany,77,-0.1164772560394145,7.514763190341213e-5,0.36271390608341053,FALSE
YearsAtCompany,76,-0.11622536333409667,8.247443324372141e-5,0.36270362765985353,FALSE
YearsAtCompany,75,-0.11594825898479631,9.051558866972372e-5,0.36269178587982315,FALSE
NumCompaniesWorked,32,-0.11591222588828223,0.004944212378359185,0.3380382502464125,FALSE
TrainingTimesLastYear,32,0.11572551878036443,0.004944212378359185,0.3380382502464125,FALSE
YearsAtCompany,74,-0.11563901542745302,9.934074682289904e-5,0.3626780375238114,FALSE
JobSatisfaction,15,0.11544889411012203,0.024041734923188045,0.2070706336595344,FALSE
WorkLifeBalance,23,0.11541980825162577,0.011421771858766349,0.2942639657578007,FALSE
YearsAtCompany,73,-0.11530590334174569,1.0902634700128992e-4,0.36266258741432056,FALSE
YearsSinceLastPromotion,35,-0.11507032831653169,0.003740115347870375,0.34574142870576036,FALSE
YearsAtCompany,72,-0.11493421341579843,1.1965628124013325e-4,0.36264456462794475,FALSE
YearsInCurrentRole,42,0.11470338356529913,0.0019500992421870964,0.35649079975133047,FALSE
RelationshipSatisfaction,22,0.11462288308865033,0.012535380514739396,0.2855493376091368,FALSE
JobRole_Healthcare.Representative,26,0.11458150072873624,0.008640151546852212,0.31520186901440195,FALSE
YearsAtCompany,71,-0.1145272186537478,1.3132262094453617e-4,0.36262407026953836,FALSE
YearsAtCompany,70,-0.11408590744869454,1.44126414367941e-4,0.36260080226591646,FALSE
YearsAtCompany,69,-0.1136462314521006,1.5817856184375593e-4,0.3625750312911191,FALSE
JobLevel,9,0.11329252312145642,0.04201361456372766,0.12122984693327349,FALSE
YearsAtCompany,68,-0.11312028235742298,1.7360077635098916e-4,0.36254830031139806,FALSE
YearsWithCurrManager,40,0.11301780395892692,0.0023489014410703257,0.3544208048178532,FALSE
JobRole_Human.Resources,29,-0.11300277527922535,0.006535957789708099,0.32898564101346683,FALSE
YearsSinceLastPromotion,34,-0.11262119233324795,0.004104771977089369,0.3430603406008423,FALSE
YearsAtCompany,67,-0.11250634797645158,1.9052663773384671e-4,0.3625197570378639,FALSE
YearsAtCompany,66,-0.11183338744355488,2.091027497064395e-4,0.3624872676029919,FALSE
NumCompaniesWorked,31,-0.11179998783315039,0.005426266981584693,0.3353812302958474,FALSE
TrainingTimesLastYear,31,0.11123159177233868,0.005426266981584693,0.3353812302958474,FALSE
YearsAtCompany,65,-0.1110991738249313,2.2949000966402086e-4,0.36244920610102305,FALSE
StockOptionLevel,16,0.11109378447010333,0.02190593345441003,0.22107063158727136,FALSE
YearsInCurrentRole,41,0.11090235969517932,0.0021402315108892825,0.3555273047101022,FALSE
Gender_Female,29,0.11037231229614428,0.006535957789708099,0.32898564101346683,FALSE
YearsAtCompany,64,-0.11029474450883643,2.518650022992524e-4,0.3624065585818234,FALSE
JobLevel,29,0.10955512079383417,0.006535957789708099,0.32898564101346683,FALSE
YearsAtCompany,63,-0.10941585612873912,2.7642152909433524e-4,0.36235666718114795,FALSE
MaritalStatus_Divorced,40,0.10924292518433483,0.0023489014410703257,0.3544208048178532,FALSE
YearsAtCompany,62,-0.10845562286133918,3.033722869367358e-4,0.36229920518149916,FALSE
YearsWithCurrManager,39,0.10827530081864631,0.002577916431839543,0.3531202433337982,FALSE
YearsSinceLastPromotion,33,-0.1082395753165937,0.004504982177486073,0.3404811824761014,FALSE
JobRole_Manufacturing.Director,21,0.10794789259924276,0.013757564639912196,0.2764829300150446,FALSE
YearsAtCompany,61,-0.10740713852665061,3.3295071039787273e-4,0.36223300246037204,FALSE
NumCompaniesWorked,30,-0.10725764311184119,0.005955321313524932,0.33240183691285996,FALSE
JobRole_Sales.Representative,6,-0.10707668627822661,0.05553952588758322,0.07211847485982993,FALSE
YearsInCurrentRole,40,0.10679842721382161,0.0023489014410703257,0.3544208048178532,FALSE
JobInvolvement,11,0.10645150954935241,0.034880440911532085,0.15481153123299363,FALSE
TrainingTimesLastYear,30,0.1064327192858899,0.005955321313524932,0.33240183691285996,FALSE
YearsAtCompany,60,-0.1062595039593811,3.6541299363170135e-4,0.36215676891571624,FALSE
JobRole_Laboratory.Technician,15,-0.1060347815431772,0.024041734923188045,0.2070706336595344,FALSE
EducationField_Marketing,22,-0.10566700616025958,0.012535380514739396,0.2855493376091368,FALSE
YearsAtCompany,59,-0.10501152574934712,4.010403094059142e-4,0.36206703725293354,FALSE
YearsAtCompany,58,-0.1036454161192995,4.401412444859441e-4,0.3619648237246643,FALSE
YearsWithCurrManager,38,0.10314928795537329,0.002829260101488162,0.3516394155159863,FALSE
NumCompaniesWorked,29,-0.10238919147792641,0.006535957789708099,0.32898564101346683,FALSE
YearsInCurrentRole,39,0.1023583757105987,0.002577916431839543,0.3531202433337982,FALSE
YearsAtCompany,57,-0.10215727863931844,4.8305447246590105e-4,0.3618447451426575,FALSE
WorkLifeBalance,22,0.10201879974600227,0.012535380514739396,0.2855493376091368,FALSE
YearsSinceLastPromotion,32,-0.10189657636579158,0.004944212378359185,0.3380382502464125,FALSE
JobLevel,30,0.10172090591889799,0.005955321313524932,0.33240183691285996,FALSE
RelationshipSatisfaction,21,0.10148744678629508,0.013757564639912196,0.2764829300150446,FALSE
TrainingTimesLastYear,29,0.1013108718587151,0.006535957789708099,0.32898564101346683,FALSE
YearsAtCompany,56,-0.10053961521197427,5.301516871972259e-4,0.3617050028673343,FALSE
EducationField_Other,28,0.10006167062940777,0.007173205605519361,0.32502019508517654,FALSE
MaritalStatus_Divorced,39,0.09918338409479567,0.002577916431839543,0.3531202433337982,FALSE
YearsAtCompany,55,-0.09877054149379098,5.818408222230162e-4,0.36154523797689503,FALSE
JobRole_Research.Scientist,54,-0.09873381921269091,6.38569584103225e-4,0.36135790900066234,FALSE
JobSatisfaction,14,0.09768144103140913,0.026385774398510174,0.1952692822849756,FALSE
YearsWithCurrManager,37,0.09763900138129913,0.0031051094686420167,0.34997705365388615,FALSE
YearsInCurrentRole,38,0.09758920213704632,0.002829260101488162,0.3516394155159863,FALSE
NumCompaniesWorked,28,-0.09720375196027635,0.007173205605519361,0.32502019508517654,FALSE
YearsAtCompany,54,-0.09685214472009378,6.38569584103225e-4,0.36135790900066234,FALSE
JobLevel,8,0.09683962950322085,0.04610989011759219,0.1034412985924886,FALSE
TrainingTimesLastYear,28,0.09584127778457502,0.007173205605519361,0.32502019508517654,FALSE
YearsSinceLastPromotion,31,-0.09509404012576264,0.005426266981584693,0.3353812302958474,FALSE
YearsAtCompany,53,-0.09476166082764946,7.008293302347037e-4,0.3611437684821306,FALSE
Gender_Female,28,0.09387869963710474,0.007173205605519361,0.32502019508517654,FALSE
JobLevel,31,0.09382217793216581,0.005426266981584693,0.3353812302958474,FALSE
StockOptionLevel,15,0.09299222578825318,0.024041734923188045,0.2070706336595344,FALSE
EnvironmentSatisfaction,11,0.09285227793816836,0.034880440911532085,0.15481153123299363,FALSE
YearsAtCompany,52,-0.09252957037542661,7.691593247539126e-4,0.36089874444188386,FALSE
YearsInCurrentRole,37,0.09246888349912095,0.0031051094686420167,0.34997705365388615,FALSE
NumCompaniesWorked,27,-0.09176009524749265,0.00787258429668537,0.32048983943872644,FALSE
YearsWithCurrManager,36,0.09170462243820011,0.0034078538085554125,0.34802699349455446,FALSE
TrainingTimesLastYear,27,0.08994725321580606,0.00787258429668537,0.32048983943872644,FALSE
YearsAtCompany,51,-0.08993508277276314,8.441514093848918e-4,0.360657482061488,FALSE
MaritalStatus_Divorced,38,0.08873770018565952,0.002829260101488162,0.3516394155159863,FALSE
RelationshipSatisfaction,20,0.08804712615922175,0.015098910208494557,0.267416834480004,FALSE
YearsSinceLastPromotion,30,-0.08769414901007906,0.005955321313524932,0.33240183691285996,FALSE
PerformanceRating,39,-0.08756370839222968,0.002577916431839543,0.3531202433337982,FALSE
YearsAtCompany,50,-0.08753200576014167,9.264551296891421e-4,0.3604465777591454,FALSE
JobRole_Research.Director,21,0.08739989243473595,0.013757564639912196,0.2764829300150446,FALSE
WorkLifeBalance,21,0.0871929438700631,0.013757564639912196,0.2764829300150446,FALSE
YearsInCurrentRole,36,0.08696829194319294,0.0034078538085554125,0.34802699349455446,FALSE
NumCompaniesWorked,26,-0.0859356467924655,0.008640151546852212,0.31520186901440195,FALSE
JobRole_Manager,33,0.08578880313042749,0.004504982177486073,0.3404811824761014,FALSE
YearsWithCurrManager,35,0.08530346784771718,0.003740115347870375,0.34574142870576036,FALSE
YearsAtCompany,49,-0.08482640409916337,0.0010167833611185427,0.36019741991167054,FALSE
JobLevel,32,0.08420778717555011,0.004944212378359185,0.3380382502464125,FALSE
TrainingTimesLastYear,26,0.08361330314362962,0.008640151546852212,0.31520186901440195,FALSE
JobRole_Healthcare.Representative,25,0.08360184334513729,0.009482555656343221,0.30912643060277756,FALSE
EducationField_Medical,68,0.08331201920814835,1.7360077635098916e-4,0.36254830031139806,FALSE
EducationField_Medical,67,0.08330687898725492,1.9052663773384671e-4,0.3625197570378639,FALSE
EducationField_Medical,69,0.08330002115762301,1.5817856184375593e-4,0.3625750312911191,FALSE
EducationField_Medical,66,0.08329691154153827,2.091027497064395e-4,0.3624872676029919,FALSE
EducationField_Medical,65,0.08329339337839248,2.2949000966402086e-4,0.36244920610102305,FALSE
EducationField_Medical,64,0.08327528510758958,2.518650022992524e-4,0.3624065585818234,FALSE
EducationField_Medical,63,0.08326097883528553,2.7642152909433524e-4,0.36235666718114795,FALSE
EducationField_Medical,70,0.08324208290816135,1.44126414367941e-4,0.36260080226591646,FALSE
EducationField_Medical,62,0.08324143595737571,3.033722869367358e-4,0.36229920518149916,FALSE
EducationField_Medical,61,0.08321483472165911,3.3295071039787273e-4,0.36223300246037204,FALSE
EducationField_Medical,71,0.08318907872607213,1.3132262094453617e-4,0.36262407026953836,FALSE
EducationField_Medical,60,0.08317688438686772,3.6541299363170135e-4,0.36215676891571624,FALSE
EducationField_Medical,59,0.08314405254679885,4.010403094059142e-4,0.36206703725293354,FALSE
EducationField_Medical,72,0.08313752738239245,1.1965628124013325e-4,0.36264456462794475,FALSE
EducationField_Medical,73,0.0830881665624028,1.0902634700128992e-4,0.36266258741432056,FALSE
EducationField_Medical,58,0.08308349994729854,4.401412444859441e-4,0.3619648237246643,FALSE
EducationField_Medical,74,0.08304504595003574,9.934074682289904e-5,0.3626780375238114,FALSE
EducationField_Medical,57,0.08302093394700749,4.8305447246590105e-4,0.3618447451426575,FALSE
EducationField_Medical,75,0.08300384583575514,9.051558866972372e-5,0.36269178587982315,FALSE
EducationField_Medical,76,0.08296769279468835,8.247443324372141e-5,0.36270362765985353,FALSE
EducationField_Medical,56,0.08294452636057092,5.301516871972259e-4,0.3617050028673343,FALSE
EducationField_Medical,77,0.08293592770321007,7.514763190341213e-5,0.36271390608341053,FALSE
EducationField_Medical,78,0.08290502833299408,6.847172340066526e-5,0.3627231816245738,FALSE
EducationField_Medical,55,0.08282376955636027,5.818408222230162e-4,0.36154523797689503,FALSE
EducationField_Medical,54,0.0826881939390926,6.38569584103225e-4,0.36135790900066234,FALSE
EducationField_Medical,53,0.08248954485456117,7.008293302347037e-4,0.3611437684821306,FALSE
EducationField_Medical,52,0.08226478818457106,7.691593247539126e-4,0.36089874444188386,FALSE
EducationField_Other,27,0.0821967853433933,0.00787258429668537,0.32048983943872644,FALSE
YearsAtCompany,48,-0.0818887952008372,0.001115918483601481,0.35990150955566197,FALSE
JobRole_Human.Resources,28,-0.0818868112318681,0.007173205605519361,0.32502019508517654,FALSE
EducationField_Medical,51,0.08172457812564361,8.441514093848918e-4,0.360657482061488,FALSE
YearsInCurrentRole,35,0.08103214049526068,0.003740115347870375,0.34574142870576036,FALSE
EducationField_Medical,50,0.08062883588134559,9.264551296891421e-4,0.3604465777591454,FALSE
JobLevel,7,0.08018967309633816,0.050605547481077894,0.0882469778598371,FALSE
NumCompaniesWorked,25,-0.07992323240997985,0.009482555656343221,0.30912643060277756,FALSE
YearsSinceLastPromotion,29,-0.07973495623876821,0.006535957789708099,0.32898564101346683,FALSE
EducationField_Medical,49,0.07935919910958075,0.0010167833611185427,0.36019741991167054,FALSE
JobLevel,33,0.07923668801256034,0.004504982177486073,0.3404811824761014,FALSE
YearsAtCompany,47,-0.07870145332330934,0.0012247191581435085,0.35955046616960523,FALSE
JobSatisfaction,13,0.07852780446416162,0.0289583548289432,0.18266092804591583,FALSE
YearsWithCurrManager,34,0.07834915496249246,0.004104771977089369,0.3430603406008423,FALSE
EducationField_Medical,48,0.07797404904237318,0.001115918483601481,0.35990150955566197,FALSE
MaritalStatus_Divorced,37,0.07794190253874245,0.0031051094686420167,0.34997705365388615,FALSE
BusinessTravel_Travel_Frequently,11,-0.07690437746434044,0.034880440911532085,0.15481153123299363,FALSE
EducationField_Technical.Degree,18,-0.07683538677173325,0.01818669080018116,0.2461592743020809,FALSE
TrainingTimesLastYear,25,0.0767694749342518,0.009482555656343221,0.30912643060277756,FALSE
EducationField_Medical,47,0.07646648010213296,0.0012247191581435085,0.35955046616960523,FALSE
Gender_Female,27,0.07632016946581908,0.00787258429668537,0.32048983943872644,FALSE
JobLevel,34,0.0759412568909894,0.004104771977089369,0.3430603406008423,FALSE
YearsAtCompany,46,-0.07533208931621353,0.0013441277641381955,0.35914304206841974,FALSE
StockOptionLevel,14,0.07528199921590056,0.026385774398510174,0.1952692822849756,FALSE
JobLevel,35,0.07524106642428778,0.003740115347870375,0.34574142870576036,FALSE
EducationField_Medical,46,0.0746722725046588,0.0013441277641381955,0.35914304206841974,FALSE
YearsInCurrentRole,34,0.07461364291571118,0.004104771977089369,0.3430603406008423,FALSE
JobLevel,36,0.07459220888924992,0.0034078538085554125,0.34802699349455446,FALSE
JobInvolvement,10,0.0742093612614646,0.03828124084025995,0.13775092749853907,FALSE
JobLevel,37,0.07391072548464901,0.0031051094686420167,0.34997705365388615,FALSE
YearsWithCurrManager,33,0.07384802982479262,0.004504982177486073,0.3404811824761014,FALSE
RelationshipSatisfaction,19,0.07380907203685569,0.01657103531411328,0.2571489104307527,FALSE
JobLevel,38,0.07378720445332682,0.002829260101488162,0.3516394155159863,FALSE
NumCompaniesWorked,24,-0.07360018193760569,0.010407093126555881,0.3021444898547104,FALSE
EducationField_Marketing,21,-0.07356540183609801,0.013757564639912196,0.2764829300150446,FALSE
EducationField_Medical,45,0.07269547672552105,0.0014751785618066112,0.3586547794074863,FALSE
YearsWithCurrManager,32,0.07183806243998404,0.004944212378359185,0.3380382502464125,FALSE
JobRole_Manufacturing.Director,20,0.0716596563764099,0.015098910208494557,0.267416834480004,FALSE
JobLevel,39,0.07156880192659373,0.002577916431839543,0.3531202433337982,FALSE
YearsAtCompany,45,-0.07155728358751771,0.0014751785618066112,0.3586547794074863,FALSE
YearsSinceLastPromotion,28,-0.07126316213605922,0.007173205605519361,0.32502019508517654,FALSE
WorkLifeBalance,20,0.0705202702271106,0.015098910208494557,0.267416834480004,FALSE
EducationField_Medical,44,0.07043311278987363,0.0016190066504645777,0.3580922440439754,FALSE
MaritalStatus_Single,4,-0.07031903078987446,0.06689755555588826,0.03433078365603433,FALSE
YearsInCurrentRole,33,0.07012029923285615,0.004504982177486073,0.3404811824761014,FALSE
BusinessTravel_Non.Travel,16,0.06997935715695094,0.02190593345441003,0.22107063158727136,FALSE
YearsWithCurrManager,31,0.06979938175028827,0.005426266981584693,0.3353812302958474,FALSE
TrainingTimesLastYear,24,0.06941729959656302,0.010407093126555881,0.3021444898547104,FALSE
EducationField_Medical,43,0.06818353652580339,0.0017768578002099217,0.3573786498837732,FALSE
JobLevel,40,0.06805232531581025,0.0023489014410703257,0.3544208048178532,FALSE
YearsAtCompany,44,-0.06770753634357989,0.0016190066504645777,0.3580922440439754,FALSE
YearsWithCurrManager,30,0.06768476795681838,0.005955321313524932,0.33240183691285996,FALSE
YearsInCurrentRole,32,0.06758659955016515,0.004944212378359185,0.3380382502464125,FALSE
EnvironmentSatisfaction,10,0.06735647449576534,0.03828124084025995,0.13775092749853907,FALSE
Education,78,-0.06723776261769965,6.847172340066526e-5,0.3627231816245738,FALSE
Education,77,-0.06715278126162902,7.514763190341213e-5,0.36271390608341053,FALSE
Education,76,-0.06705929083489728,8.247443324372141e-5,0.36270362765985353,FALSE
Education,75,-0.06695672975622584,9.051558866972372e-5,0.36269178587982315,FALSE
NumCompaniesWorked,23,-0.06691648790415848,0.011421771858766349,0.2942639657578007,FALSE
Education,74,-0.06684447948864744,9.934074682289904e-5,0.3626780375238114,FALSE
Education,73,-0.06672112008311709,1.0902634700128992e-4,0.36266258741432056,FALSE
Education,72,-0.06658601554408403,1.1965628124013325e-4,0.36264456462794475,FALSE
Education,71,-0.06643794505432214,1.3132262094453617e-4,0.36262407026953836,FALSE
JobRole_Laboratory.Technician,14,-0.06636303941607731,0.026385774398510174,0.1952692822849756,FALSE
MaritalStatus_Divorced,36,0.06632680536624452,0.0034078538085554125,0.34802699349455446,FALSE
Education,70,-0.06627584146091565,1.44126414367941e-4,0.36260080226591646,FALSE
Education,69,-0.0660948668463221,1.5817856184375593e-4,0.3625750312911191,FALSE
EducationField_Medical,42,0.06601693429621219,0.0019500992421870964,0.35649079975133047,FALSE
Education,68,-0.06587189748474313,1.7360077635098916e-4,0.36254830031139806,FALSE
Education,67,-0.06559901345101836,1.9052663773384671e-4,0.3625197570378639,FALSE
YearsWithCurrManager,29,0.06545149195864604,0.006535957789708099,0.32898564101346683,FALSE
Education,66,-0.0653001912001209,2.091027497064395e-4,0.3624872676029919,FALSE
YearsInCurrentRole,31,0.06505514817636894,0.005426266981584693,0.3353812302958474,FALSE
Education,65,-0.06497255853814468,2.2949000966402086e-4,0.36244920610102305,FALSE
Education,64,-0.06461409060885627,2.518650022992524e-4,0.3624065585818234,FALSE
JobLevel,41,0.06445782819981004,0.0021402315108892825,0.3555273047101022,FALSE
PerformanceRating,38,-0.06442879161831958,0.002829260101488162,0.3516394155159863,FALSE
Education,63,-0.06422137534847176,2.7642152909433524e-4,0.36235666718114795,FALSE
JobLevel,6,0.06408691168085451,0.05553952588758322,0.07211847485982993,FALSE
Education,62,-0.06379146988828219,3.033722869367358e-4,0.36229920518149916,FALSE
EducationField_Other,26,0.06363181462153053,0.008640151546852212,0.31520186901440195,FALSE
EducationField_Medical,41,0.06360537466246097,0.0021402315108892825,0.3555273047101022,FALSE
Education,61,-0.0633209590724278,3.3295071039787273e-4,0.36223300246037204,FALSE
YearsWithCurrManager,28,0.06310016375290718,0.007173205605519361,0.32502019508517654,FALSE
YearsAtCompany,43,-0.06306410916804883,0.0017768578002099217,0.3573786498837732,FALSE
Education,60,-0.06280622685335278,3.6541299363170135e-4,0.36215676891571624,FALSE
Department_Research...Development,16,0.06248452700351282,0.02190593345441003,0.22107063158727136,FALSE
YearsInCurrentRole,30,0.062470674145712383,0.005955321313524932,0.33240183691285996,FALSE
YearsSinceLastPromotion,27,-0.0623464518803374,0.00787258429668537,0.32048983943872644,FALSE
Education,59,-0.06224288436712294,4.010403094059142e-4,0.36206703725293354,FALSE
Education,58,-0.06162719807316736,4.401412444859441e-4,0.3619648237246643,FALSE
JobRole_Research.Scientist,53,-0.06144679366334564,7.008293302347037e-4,0.3611437684821306,FALSE
TrainingTimesLastYear,23,0.0613148751410289,0.011421771858766349,0.2942639657578007,FALSE
Education,57,-0.060953956336309095,4.8305447246590105e-4,0.3618447451426575,FALSE
JobLevel,42,0.06087237109922535,0.0019500992421870964,0.35649079975133047,FALSE
EducationField_Medical,40,0.060661930187945794,0.0023489014410703257,0.3544208048178532,FALSE
YearsWithCurrManager,27,0.06060372711186216,0.00787258429668537,0.32048983943872644,FALSE
JobLevel,45,0.0605581263586212,0.0014751785618066112,0.3586547794074863,FALSE
Education,56,-0.060218346074028914,5.301516871972259e-4,0.3617050028673343,FALSE
JobLevel,46,0.06001273088837791,0.0013441277641381955,0.35914304206841974,FALSE
NumCompaniesWorked,22,-0.060002699772388035,0.012535380514739396,0.2855493376091368,FALSE
YearsInCurrentRole,29,0.059786958132849975,0.006535957789708099,0.32898564101346683,FALSE
JobLevel,47,0.059649836063901264,0.0012247191581435085,0.35955046616960523,FALSE
Education,55,-0.059415509575790164,5.818408222230162e-4,0.36154523797689503,FALSE
JobLevel,43,0.05932735600437154,0.0017768578002099217,0.3573786498837732,FALSE
RelationshipSatisfaction,18,0.05912792046008384,0.01818669080018116,0.2461592743020809,FALSE
JobLevel,48,0.05911227858759159,0.001115918483601481,0.35990150955566197,FALSE
JobLevel,44,0.05892562350731308,0.0016190066504645777,0.3580922440439754,FALSE
JobLevel,49,0.05857076064431518,0.0010167833611185427,0.36019741991167054,FALSE
Education,54,-0.05853917092667356,6.38569584103225e-4,0.36135790900066234,FALSE
YearsAtCompany,42,-0.058165613447959966,0.0019500992421870964,0.35649079975133047,FALSE
JobLevel,50,0.05808103903105708,9.264551296891421e-4,0.3604465777591454,FALSE
YearsWithCurrManager,26,0.0579618126123885,0.008640151546852212,0.31520186901440195,FALSE
JobSatisfaction,12,0.05789006320213404,0.031781758675475044,0.16936306332044584,FALSE
Gender_Female,26,0.05760029341131191,0.008640151546852212,0.31520186901440195,FALSE
Education,53,-0.057584320869548934,7.008293302347037e-4,0.3611437684821306,FALSE
JobLevel,51,0.0574416112220859,8.441514093848918e-4,0.360657482061488,FALSE
EducationField_Medical,39,0.057425146157423786,0.002577916431839543,0.3531202433337982,FALSE
YearsInCurrentRole,28,0.056973063584365234,0.007173205605519361,0.32502019508517654,FALSE
StockOptionLevel,13,0.05670705783212008,0.0289583548289432,0.18266092804591583,FALSE
Education,52,-0.056535834715974266,7.691593247539126e-4,0.36089874444188386,FALSE
Education,51,-0.055377692542272164,8.441514093848918e-4,0.360657482061488,FALSE
YearsWithCurrManager,25,0.05505397242249383,0.009482555656343221,0.30912643060277756,FALSE
PerformanceRating,37,-0.05494603760340927,0.0031051094686420167,0.34997705365388615,FALSE
Education,50,-0.054185363728181946,9.264551296891421e-4,0.3604465777591454,FALSE
JobLevel,52,0.054123864786747515,7.691593247539126e-4,0.36089874444188386,FALSE
YearsInCurrentRole,27,0.054117666562657436,0.00787258429668537,0.32048983943872644,FALSE
MaritalStatus_Divorced,35,0.053895414101257554,0.003740115347870375,0.34574142870576036,FALSE
EducationField_Medical,38,0.053588444441266196,0.002829260101488162,0.3516394155159863,FALSE
YearsAtCompany,41,-0.05323319626947197,0.0021402315108892825,0.3555273047101022,FALSE
EducationField_Human.Resources,19,-0.052982695317107385,0.01657103531411328,0.2571489104307527,FALSE
Education,49,-0.052885783530489,0.0010167833611185427,0.36019741991167054,FALSE
NumCompaniesWorked,21,-0.05287922669701058,0.013757564639912196,0.2764829300150446,FALSE
YearsSinceLastPromotion,26,-0.05280543655190314,0.008640151546852212,0.31520186901440195,FALSE
TotalWorkingYears,78,0.05273899668015604,6.847172340066526e-5,0.3627231816245738,FALSE
TotalWorkingYears,77,0.052638422003611546,7.514763190341213e-5,0.36271390608341053,FALSE
TotalWorkingYears,76,0.05253004809712885,8.247443324372141e-5,0.36270362765985353,FALSE
TotalWorkingYears,75,0.05241088679247149,9.051558866972372e-5,0.36269178587982315,FALSE
WorkLifeBalance,19,0.05237787632210043,0.01657103531411328,0.2571489104307527,FALSE
TotalWorkingYears,74,0.052278676631389145,9.934074682289904e-5,0.3626780375238114,FALSE
TrainingTimesLastYear,22,0.05224830706664589,0.012535380514739396,0.2855493376091368,FALSE
TotalWorkingYears,73,0.05213573117141146,1.0902634700128992e-4,0.36266258741432056,FALSE
Department_Human.Resources,52,0.05205999552970269,7.691593247539126e-4,0.36089874444188386,FALSE
YearsWithCurrManager,24,0.051988705675528664,0.010407093126555881,0.3021444898547104,FALSE
TotalWorkingYears,72,0.05197716399875166,1.1965628124013325e-4,0.36264456462794475,FALSE
TotalWorkingYears,71,0.051804049360607576,1.3132262094453617e-4,0.36262407026953836,FALSE
TotalWorkingYears,70,0.05161641503689647,1.44126414367941e-4,0.36260080226591646,FALSE
JobRole_Healthcare.Representative,24,0.05151713982361415,0.010407093126555881,0.3021444898547104,FALSE
Education,48,-0.05147124643581774,0.001115918483601481,0.35990150955566197,FALSE
JobLevel,78,0.05143659391897409,6.847172340066526e-5,0.3627231816245738,FALSE
TotalWorkingYears,69,0.05142302893405036,1.5817856184375593e-4,0.3625750312911191,FALSE
TotalWorkingYears,68,0.05124236056281062,1.7360077635098916e-4,0.36254830031139806,FALSE
YearsInCurrentRole,26,0.05108783198097157,0.008640151546852212,0.31520186901440195,FALSE
TotalWorkingYears,67,0.05104319124656458,1.9052663773384671e-4,0.3625197570378639,FALSE
JobLevel,53,0.05086590454420897,7.008293302347037e-4,0.3611437684821306,FALSE
TotalWorkingYears,66,0.0508249868178219,2.091027497064395e-4,0.3624872676029919,FALSE
TotalWorkingYears,65,0.05058683187879124,2.2949000966402086e-4,0.36244920610102305,FALSE
TotalWorkingYears,64,0.050326682974016594,2.518650022992524e-4,0.3624065585818234,FALSE
TotalWorkingYears,63,0.05004227689748099,2.7642152909433524e-4,0.36235666718114795,FALSE
Education,47,-0.04993169268096505,0.0012247191581435085,0.35955046616960523,FALSE
JobLevel,77,0.04983809663003328,7.514763190341213e-5,0.36271390608341053,FALSE
TotalWorkingYears,62,0.04973203526181309,3.033722869367358e-4,0.36229920518149916,FALSE
TotalWorkingYears,61,0.04939394794352002,3.3295071039787273e-4,0.36223300246037204,FALSE
TotalWorkingYears,60,0.04902464747446627,3.6541299363170135e-4,0.36215676891571624,FALSE
JobRole_Human.Resources,27,-0.04895809521887261,0.00787258429668537,0.32048983943872644,FALSE
EducationField_Medical,37,0.04892098195067129,0.0031051094686420167,0.34997705365388615,FALSE
YearsWithCurrManager,23,0.04876716373042454,0.011421771858766349,0.2942639657578007,FALSE
TotalWorkingYears,59,0.04862310361800162,4.010403094059142e-4,0.36206703725293354,FALSE
JobLevel,54,0.048520432193047976,6.38569584103225e-4,0.36135790900066234,FALSE
Education,46,-0.048339459541870404,0.0013441277641381955,0.35914304206841974,FALSE
TotalWorkingYears,58,0.048185945334380295,4.401412444859441e-4,0.3619648237246643,FALSE
JobLevel,76,0.04811055674611087,8.247443324372141e-5,0.36270362765985353,FALSE
YearsInCurrentRole,25,0.04794888518437604,0.009482555656343221,0.30912643060277756,FALSE
YearsAtCompany,40,-0.04781015627000339,0.0023489014410703257,0.3544208048178532,FALSE
TotalWorkingYears,57,0.04771036678802723,4.8305447246590105e-4,0.3618447451426575,FALSE
JobLevel,5,0.04762498851935379,0.06095456109769221,0.05261994693223041,FALSE
TotalWorkingYears,56,0.047195944080118936,5.301516871972259e-4,0.3617050028673343,FALSE
Department_Sales,42,-0.04673331852302747,0.0019500992421870964,0.35649079975133047,FALSE
TotalWorkingYears,55,0.046638337224829816,5.818408222230162e-4,0.36154523797689503,FALSE
Education,45,-0.04661238209129651,0.0014751785618066112,0.3586547794074863,FALSE
JobLevel,55,0.04622007263425635,5.818408222230162e-4,0.36154523797689503,FALSE
JobLevel,75,0.04621776700934088,9.051558866972372e-5,0.36269178587982315,FALSE
TotalWorkingYears,54,0.04603770800984358,6.38569584103225e-4,0.36135790900066234,FALSE
NumCompaniesWorked,20,-0.04561261028552418,0.015098910208494557,0.267416834480004,FALSE
YearsWithCurrManager,22,0.045397882033034825,0.012535380514739396,0.2855493376091368,FALSE
TotalWorkingYears,53,0.04539209980170717,7.008293302347037e-4,0.3611437684821306,FALSE
Education,44,-0.04476481817861655,0.0016190066504645777,0.3580922440439754,FALSE
TotalWorkingYears,52,0.044725436484560385,7.691593247539126e-4,0.36089874444188386,FALSE
PerformanceRating,36,-0.04469585450251548,0.0034078538085554125,0.34802699349455446,FALSE
YearsInCurrentRole,24,0.04466249687644464,0.010407093126555881,0.3021444898547104,FALSE
EducationField_Other,25,0.04424840182680948,0.009482555656343221,0.30912643060277756,FALSE
JobLevel,56,0.04420012567589273,5.301516871972259e-4,0.3617050028673343,FALSE
JobLevel,74,0.04411512292012861,9.934074682289904e-5,0.3626780375238114,FALSE
TotalWorkingYears,51,0.04398714316230373,8.441514093848918e-4,0.360657482061488,FALSE
EducationField_Medical,36,0.04394842729937998,0.0034078538085554125,0.34802699349455446,FALSE
RelationshipSatisfaction,17,0.043829873228608714,0.019959870701602742,0.233847881404585,FALSE
TotalWorkingYears,50,0.04329319731993591,9.264551296891421e-4,0.3604465777591454,FALSE
YearsWithCurrManager,21,0.0430717213189695,0.013757564639912196,0.2764829300150446,FALSE
EducationField_Marketing,20,-0.04290157131069051,0.015098910208494557,0.267416834480004,FALSE
TrainingTimesLastYear,21,0.0428213537387767,0.013757564639912196,0.2764829300150446,FALSE
Education,43,-0.04272000040417734,0.0017768578002099217,0.3573786498837732,FALSE
YearsSinceLastPromotion,25,-0.04265845644978058,0.009482555656343221,0.30912643060277756,FALSE
JobRole_Manufacturing.Director,19,0.042610641766725646,0.01657103531411328,0.2571489104307527,FALSE
TotalWorkingYears,49,0.04254567661461325,0.0010167833611185427,0.36019741991167054,FALSE
YearsWithCurrManager,20,0.04241095776903334,0.015098910208494557,0.267416834480004,FALSE
JobLevel,57,0.04221271562469614,4.8305447246590105e-4,0.3618447451426575,FALSE
YearsAtCompany,39,-0.04195598152750715,0.002577916431839543,0.3531202433337982,FALSE
JobLevel,73,0.04183311723358453,1.0902634700128992e-4,0.36266258741432056,FALSE
TotalWorkingYears,48,0.04173858099128509,0.001115918483601481,0.35990150955566197,FALSE
YearsWithCurrManager,19,0.04160092051921617,0.01657103531411328,0.2571489104307527,FALSE
YearsInCurrentRole,23,0.041205366576493575,0.011421771858766349,0.2942639657578007,FALSE
TotalWorkingYears,47,0.040868091462738856,0.0012247191581435085,0.35955046616960523,FALSE
YearsWithCurrManager,18,0.04085265635163835,0.01818669080018116,0.2461592743020809,FALSE
DistanceFromHome,78,-0.040650145965849045,6.847172340066526e-5,0.3627231816245738,FALSE
DistanceFromHome,77,-0.040621266127640235,7.514763190341213e-5,0.36271390608341053,FALSE
PercentSalaryHike,78,0.04061163087535239,6.847172340066526e-5,0.3627231816245738,FALSE
DistanceFromHome,76,-0.0405899096666693,8.247443324372141e-5,0.36270362765985353,FALSE
DistanceFromHome,75,-0.040555515213217534,9.051558866972372e-5,0.36269178587982315,FALSE
MaritalStatus_Divorced,34,0.040551241790394224,0.004104771977089369,0.3430603406008423,FALSE
DistanceFromHome,74,-0.04051756467021398,9.934074682289904e-5,0.3626780375238114,FALSE
Education,42,-0.04048001136392946,0.0019500992421870964,0.35649079975133047,FALSE
DistanceFromHome,73,-0.04047628152823116,1.0902634700128992e-4,0.36266258741432056,FALSE
PercentSalaryHike,77,0.040461715970605314,7.514763190341213e-5,0.36271390608341053,FALSE
DistanceFromHome,72,-0.04043078969379448,1.1965628124013325e-4,0.36264456462794475,FALSE
JobLevel,58,0.04042089774973609,4.401412444859441e-4,0.3619648237246643,FALSE
DistanceFromHome,71,-0.040380999293347764,1.3132262094453617e-4,0.36262407026953836,FALSE
DistanceFromHome,70,-0.04032663925500332,1.44126414367941e-4,0.36260080226591646,FALSE
PercentSalaryHike,76,0.04029876304104334,8.247443324372141e-5,0.36270362765985353,FALSE
DistanceFromHome,69,-0.04026969959037517,1.5817856184375593e-4,0.3625750312911191,FALSE
DistanceFromHome,68,-0.04021309083092923,1.7360077635098916e-4,0.36254830031139806,FALSE
DistanceFromHome,67,-0.0401580404205294,1.9052663773384671e-4,0.3625197570378639,FALSE
PercentSalaryHike,75,0.04011965716663182,9.051558866972372e-5,0.36269178587982315,FALSE
DistanceFromHome,66,-0.04009769455249384,2.091027497064395e-4,0.3624872676029919,FALSE
DistanceFromHome,65,-0.04003191969692348,2.2949000966402086e-4,0.36244920610102305,FALSE
YearsWithCurrManager,17,0.039997162125157644,0.019959870701602742,0.233847881404585,FALSE
DistanceFromHome,64,-0.03995979374672892,2.518650022992524e-4,0.3624065585818234,FALSE
TotalWorkingYears,46,0.03993653803585638,0.0013441277641381955,0.35914304206841974,FALSE
PercentSalaryHike,74,0.039922116838765016,9.934074682289904e-5,0.3626780375238114,FALSE
DistanceFromHome,63,-0.03988106746411027,2.7642152909433524e-4,0.36235666718114795,FALSE
DistanceFromHome,62,-0.03979508506375024,3.033722869367358e-4,0.36229920518149916,FALSE
JobInvolvement,9,0.03974678051832749,0.04201361456372766,0.12122984693327349,FALSE
PercentSalaryHike,73,0.0397069893192058,1.0902634700128992e-4,0.36266258741432056,FALSE
DistanceFromHome,61,-0.03970122898556273,3.3295071039787273e-4,0.36223300246037204,FALSE
DistanceFromHome,60,-0.03959862969819713,3.6541299363170135e-4,0.36215676891571624,FALSE
EnvironmentSatisfaction,9,0.03954651850559439,0.04201361456372766,0.12122984693327349,FALSE
DistanceFromHome,59,-0.03948706673585349,4.010403094059142e-4,0.36206703725293354,FALSE
PercentSalaryHike,72,0.039469808575835034,1.1965628124013325e-4,0.36264456462794475,FALSE
DistanceFromHome,58,-0.039365198936523585,4.401412444859441e-4,0.3619648237246643,FALSE
JobLevel,72,0.039307142389523625,1.1965628124013325e-4,0.36264456462794475,FALSE
DistanceFromHome,57,-0.03923265127897776,4.8305447246590105e-4,0.3618447451426575,FALSE
PercentSalaryHike,71,0.03921062891596879,1.3132262094453617e-4,0.36262407026953836,FALSE
DistanceFromHome,56,-0.03908885863359666,5.301516871972259e-4,0.3617050028673343,FALSE
YearsWithCurrManager,16,0.03897565561514277,0.02190593345441003,0.22107063158727136,FALSE
DistanceFromHome,55,-0.0389323598189268,5.818408222230162e-4,0.36154523797689503,FALSE
PercentSalaryHike,70,0.038927953966369944,1.44126414367941e-4,0.36260080226591646,FALSE
TotalWorkingYears,45,0.038914101700323674,0.0014751785618066112,0.3586547794074863,FALSE
JobLevel,59,0.038838342684067155,4.010403094059142e-4,0.36206703725293354,FALSE
DistanceFromHome,54,-0.03876331910874874,6.38569584103225e-4,0.36135790900066234,FALSE
PercentSalaryHike,69,0.03862510738786268,1.5817856184375593e-4,0.3625750312911191,FALSE
EducationField_Medical,35,0.038620185059763196,0.003740115347870375,0.34574142870576036,FALSE
DistanceFromHome,53,-0.03858041595829752,7.008293302347037e-4,0.3611437684821306,FALSE
DistanceFromHome,52,-0.03838908611426865,7.691593247539126e-4,0.36089874444188386,FALSE
PercentSalaryHike,68,0.038304847310752135,1.7360077635098916e-4,0.36254830031139806,FALSE
DistanceFromHome,51,-0.03818271751722116,8.441514093848918e-4,0.360657482061488,FALSE
Education,41,-0.03805981677152261,0.0021402315108892825,0.3555273047101022,FALSE
NumCompaniesWorked,19,-0.037971418058703535,0.01657103531411328,0.2571489104307527,FALSE
PercentSalaryHike,67,0.03796819688826781,1.9052663773384671e-4,0.3625197570378639,FALSE
DistanceFromHome,50,-0.03795417443057522,9.264551296891421e-4,0.3604465777591454,FALSE
TotalWorkingYears,44,0.03783757290219881,0.0016190066504645777,0.3580922440439754,FALSE
DistanceFromHome,49,-0.037709575439206805,0.0010167833611185427,0.36019741991167054,FALSE
YearsWithCurrManager,15,0.03765324892107724,0.024041734923188045,0.2070706336595344,FALSE
PercentSalaryHike,66,0.037600340238758335,2.091027497064395e-4,0.3624872676029919,FALSE
StockOptionLevel,12,0.0375888562413573,0.031781758675475044,0.16936306332044584,FALSE
Gender_Female,25,0.03747480103295887,0.009482555656343221,0.30912643060277756,FALSE
YearsInCurrentRole,22,0.037452256130422794,0.012535380514739396,0.2855493376091368,FALSE
DistanceFromHome,48,-0.037445046303094226,0.001115918483601481,0.35990150955566197,FALSE
JobLevel,60,0.03729059639955041,3.6541299363170135e-4,0.36215676891571624,FALSE
PercentSalaryHike,65,0.03719570402944568,2.2949000966402086e-4,0.36244920610102305,FALSE
DistanceFromHome,47,-0.03715903858723499,0.0012247191581435085,0.35955046616960523,FALSE
DistanceFromHome,46,-0.0368406555879645,0.0013441277641381955,0.35914304206841974,FALSE
PercentSalaryHike,64,0.03675615063750876,2.518650022992524e-4,0.3624065585818234,FALSE
TotalWorkingYears,43,0.036624130594772215,0.0017768578002099217,0.3573786498837732,FALSE
JobLevel,71,0.03652274365499556,1.3132262094453617e-4,0.36262407026953836,FALSE
DistanceFromHome,45,-0.03649700169074721,0.0014751785618066112,0.3586547794074863,FALSE
PercentSalaryHike,63,0.036273423527927465,2.7642152909433524e-4,0.36235666718114795,FALSE
DistanceFromHome,44,-0.03611502204566945,0.0016190066504645777,0.3580922440439754,FALSE
JobLevel,61,0.03595636678788722,3.3295071039787273e-4,0.36223300246037204,FALSE
PercentSalaryHike,62,0.035746027476767944,3.033722869367358e-4,0.36229920518149916,FALSE
DistanceFromHome,43,-0.03571902160711008,0.0017768578002099217,0.3573786498837732,FALSE
YearsAtCompany,38,-0.035597894521875104,0.002829260101488162,0.3516394155159863,FALSE
JobSatisfaction,11,0.035584680681695735,0.034880440911532085,0.15481153123299363,FALSE
Education,40,-0.035486150649578094,0.0023489014410703257,0.3544208048178532,FALSE
TotalWorkingYears,42,0.03534679496111022,0.0019500992421870964,0.35649079975133047,FALSE
DistanceFromHome,42,-0.03529254930823887,0.0019500992421870964,0.35649079975133047,FALSE
PercentSalaryHike,61,0.035170251395300764,3.3295071039787273e-4,0.36223300246037204,FALSE
YearsWithCurrManager,14,0.035051428031147476,0.026385774398510174,0.1952692822849756,FALSE
DistanceFromHome,41,-0.03485077231335929,0.0021402315108892825,0.3555273047101022,FALSE
YearsInCurrentRole,21,0.03473796090926992,0.013757564639912196,0.2764829300150446,FALSE
JobLevel,62,0.034704316407512543,3.033722869367358e-4,0.36229920518149916,FALSE
PercentSalaryHike,60,0.03454237064669936,3.6541299363170135e-4,0.36215676891571624,FALSE
Department_Research...Development,43,0.034366022891815035,0.0017768578002099217,0.3573786498837732,FALSE
DistanceFromHome,40,-0.034365753299543174,0.0023489014410703257,0.3544208048178532,FALSE
TotalWorkingYears,41,0.034091420527339905,0.0021402315108892825,0.3555273047101022,FALSE
PercentSalaryHike,59,0.03385340254972399,4.010403094059142e-4,0.36206703725293354,FALSE
DistanceFromHome,39,-0.03384500154741642,0.002577916431839543,0.3531202433337982,FALSE
YearsInCurrentRole,20,0.03378067401893629,0.015098910208494557,0.267416834480004,FALSE
WorkLifeBalance,18,0.03370091808260832,0.01818669080018116,0.2461592743020809,FALSE
PerformanceRating,35,-0.03362534086796686,0.003740115347870375,0.34574142870576036,FALSE
JobLevel,63,0.03355456102310199,2.7642152909433524e-4,0.36235666718114795,FALSE
JobLevel,70,0.033454330044155725,1.44126414367941e-4,0.36260080226591646,FALSE
DistanceFromHome,38,-0.03330046826136363,0.002829260101488162,0.3516394155159863,FALSE
TrainingTimesLastYear,20,0.03317927048806646,0.015098910208494557,0.267416834480004,FALSE
PercentSalaryHike,58,0.033106378632258994,4.401412444859441e-4,0.3619648237246643,FALSE
EducationField_Medical,34,0.03292162078433457,0.004104771977089369,0.3430603406008423,FALSE
YearsInCurrentRole,19,0.03287808609341543,0.01657103531411328,0.2571489104307527,FALSE
DistanceFromHome,37,-0.03273426653465261,0.0031051094686420167,0.34997705365388615,FALSE
Education,39,-0.03270992335105696,0.002577916431839543,0.3531202433337982,FALSE
TotalWorkingYears,40,0.03258114963071258,0.0023489014410703257,0.3544208048178532,FALSE
JobLevel,64,0.03250093656602459,2.518650022992524e-4,0.3624065585818234,FALSE
PercentSalaryHike,57,0.03228862674264383,4.8305447246590105e-4,0.3618447451426575,FALSE
DistanceFromHome,36,-0.032135851500200374,0.0034078538085554125,0.34802699349455446,FALSE
YearsWithCurrManager,13,0.032036117501380114,0.0289583548289432,0.18266092804591583,FALSE
YearsSinceLastPromotion,24,-0.03186431474218391,0.010407093126555881,0.3021444898547104,FALSE
YearsInCurrentRole,18,0.03172557216946032,0.01818669080018116,0.2461592743020809,FALSE
JobLevel,65,0.031579289056733205,2.2949000966402086e-4,0.36244920610102305,FALSE
DistanceFromHome,35,-0.03150172405395921,0.003740115347870375,0.34574142870576036,FALSE
PercentSalaryHike,56,0.031397323812604294,5.301516871972259e-4,0.3617050028673343,FALSE
TotalWorkingYears,39,0.03093962428040452,0.002577916431839543,0.3531202433337982,FALSE
DistanceFromHome,34,-0.03083565026951174,0.004104771977089369,0.3430603406008423,FALSE
JobLevel,66,0.030669542877924966,2.091027497064395e-4,0.3624872676029919,FALSE
PercentSalaryHike,55,0.03043342507278772,5.818408222230162e-4,0.36154523797689503,FALSE
JobLevel,69,0.030433320084703317,1.5817856184375593e-4,0.3625750312911191,FALSE
YearsInCurrentRole,17,0.030400953291265263,0.019959870701602742,0.233847881404585,FALSE
DistanceFromHome,33,-0.030130196817494154,0.004504982177486073,0.3404811824761014,FALSE
JobLevel,67,0.029894420424569638,1.9052663773384671e-4,0.3625197570378639,FALSE
Education,38,-0.029776983057775593,0.002829260101488162,0.3516394155159863,FALSE
NumCompaniesWorked,18,-0.029731522989751975,0.01818669080018116,0.2461592743020809,FALSE
Age,78,0.02943652420245918,6.847172340066526e-5,0.3627231816245738,FALSE
Age,77,0.029430371945747495,7.514763190341213e-5,0.36271390608341053,FALSE
Age,76,0.029423483546240553,8.247443324372141e-5,0.36270362765985353,FALSE
Age,75,0.029415915726138536,9.051558866972372e-5,0.36269178587982315,FALSE
Age,74,0.02940779683253816,9.934074682289904e-5,0.3626780375238114,FALSE
Age,73,0.02939877295903584,1.0902634700128992e-4,0.36266258741432056,FALSE
Age,72,0.02938904547623748,1.1965628124013325e-4,0.36264456462794475,FALSE
PercentSalaryHike,54,0.029382009376677027,6.38569584103225e-4,0.36135790900066234,FALSE
DistanceFromHome,32,-0.029379924275977378,0.004944212378359185,0.3380382502464125,FALSE
Age,71,0.029378532285657087,1.3132262094453617e-4,0.36262407026953836,FALSE
Age,70,0.029367114109234357,1.44126414367941e-4,0.36260080226591646,FALSE
Age,69,0.029352108895117315,1.5817856184375593e-4,0.3625750312911191,FALSE
Age,68,0.02933885238487871,1.7360077635098916e-4,0.36254830031139806,FALSE
Age,67,0.029324575621447614,1.9052663773384671e-4,0.3625197570378639,FALSE
Age,66,0.029309639315410953,2.091027497064395e-4,0.3624872676029919,FALSE
Age,65,0.0292918793083449,2.2949000966402086e-4,0.36244920610102305,FALSE
Age,64,0.029274210145319442,2.518650022992524e-4,0.3624065585818234,FALSE
Age,63,0.029254006865468463,2.7642152909433524e-4,0.36235666718114795,FALSE
Age,62,0.0292320435086046,3.033722869367358e-4,0.36229920518149916,FALSE
Age,61,0.029208199938431437,3.3295071039787273e-4,0.36223300246037204,FALSE
Age,60,0.02918323028616707,3.6541299363170135e-4,0.36215676891571624,FALSE
TotalWorkingYears,38,0.029169000277917495,0.002829260101488162,0.3516394155159863,FALSE
JobLevel,68,0.029164842483383923,1.7360077635098916e-4,0.36254830031139806,FALSE
Age,59,0.02915391612365463,4.010403094059142e-4,0.36206703725293354,FALSE
Age,58,0.029124558298134054,4.401412444859441e-4,0.3619648237246643,FALSE
Age,57,0.02909133968046229,4.8305447246590105e-4,0.3618447451426575,FALSE
Age,56,0.029054125646569114,5.301516871972259e-4,0.3617050028673343,FALSE
Age,55,0.029017023355634605,5.818408222230162e-4,0.36154523797689503,FALSE
Age,54,0.02897389638423416,6.38569584103225e-4,0.36135790900066234,FALSE
Age,53,0.028929886914946273,7.008293302347037e-4,0.3611437684821306,FALSE
YearsInCurrentRole,16,0.02886410551506706,0.02190593345441003,0.22107063158727136,FALSE
Age,52,0.028859499571852604,7.691593247539126e-4,0.36089874444188386,FALSE
Age,51,0.028787166511263066,8.441514093848918e-4,0.360657482061488,FALSE
Age,50,0.028725477267535323,9.264551296891421e-4,0.3604465777591454,FALSE
YearsAtCompany,37,-0.02869580474308689,0.0031051094686420167,0.34997705365388615,FALSE
Age,49,0.02864962803767566,0.0010167833611185427,0.36019741991167054,FALSE
YearsWithCurrManager,12,0.02862166078377419,0.031781758675475044,0.16936306332044584,FALSE
Age,48,0.028567538056828264,0.001115918483601481,0.35990150955566197,FALSE
DistanceFromHome,31,-0.028552457874378413,0.005426266981584693,0.3353812302958474,FALSE
Age,47,0.028480055924038166,0.0012247191581435085,0.35955046616960523,FALSE
Age,46,0.028386050439845285,0.0013441277641381955,0.35914304206841974,FALSE
Age,45,0.028281060507211516,0.0014751785618066112,0.3586547794074863,FALSE
PercentSalaryHike,53,0.028247820414987784,7.008293302347037e-4,0.3611437684821306,FALSE
EducationField_Medical,33,0.028240334347677504,0.004504982177486073,0.3404811824761014,FALSE
Age,44,0.028211348758696377,0.0016190066504645777,0.3580922440439754,FALSE
MaritalStatus_Divorced,33,0.028160771845981276,0.004504982177486073,0.3404811824761014,FALSE
Age,43,0.028107262784492576,0.0017768578002099217,0.3573786498837732,FALSE
Age,42,0.027992410669600107,0.0019500992421870964,0.35649079975133047,FALSE
Age,41,0.0277993911711711,0.0021402315108892825,0.3555273047101022,FALSE
Age,40,0.027643921432538684,0.0023489014410703257,0.3544208048178532,FALSE
DistanceFromHome,30,-0.027636308614673477,0.005955321313524932,0.33240183691285996,FALSE
Age,39,0.02749145376317703,0.002577916431839543,0.3531202433337982,FALSE
TotalWorkingYears,37,0.027307411313218104,0.0031051094686420167,0.34997705365388615,FALSE
Age,38,0.027302445486193386,0.002829260101488162,0.3516394155159863,FALSE
RelationshipSatisfaction,16,0.02724091232126976,0.02190593345441003,0.22107063158727136,FALSE
YearsInCurrentRole,15,0.027141766391226927,0.024041734923188045,0.2070706336595344,FALSE
Age,37,0.027053841140434267,0.0031051094686420167,0.34997705365388615,FALSE
PercentSalaryHike,52,0.027025934191557327,7.691593247539126e-4,0.36089874444188386,FALSE
Age,36,0.026777965685991795,0.0034078538085554125,0.34802699349455446,FALSE
Education,37,-0.0267346369098964,0.0031051094686420167,0.34997705365388615,FALSE
DistanceFromHome,29,-0.026656106750155666,0.006535957789708099,0.32898564101346683,FALSE
Age,35,0.02648372618097224,0.003740115347870375,0.34574142870576036,FALSE
Age,34,0.02615624607622579,0.004104771977089369,0.3430603406008423,FALSE
JobRole_Research.Scientist,52,-0.025866126447015924,7.691593247539126e-4,0.36089874444188386,FALSE
PercentSalaryHike,51,0.025786737786965996,8.441514093848918e-4,0.360657482061488,FALSE
Age,33,0.025723134362939794,0.004504982177486073,0.3404811824761014,FALSE
DistanceFromHome,28,-0.025623371435851288,0.007173205605519361,0.32502019508517654,FALSE
TotalWorkingYears,36,0.02532342356349447,0.0034078538085554125,0.34802699349455446,FALSE
JobRole_Laboratory.Technician,13,-0.02524911121641374,0.0289583548289432,0.18266092804591583,FALSE
Age,32,0.025164481985270628,0.004944212378359185,0.3380382502464125,FALSE
YearsWithCurrManager,11,0.02494056570289578,0.034880440911532085,0.15481153123299363,FALSE
YearsInCurrentRole,14,0.02491353598536905,0.026385774398510174,0.1952692822849756,FALSE
Age,31,0.024612518921844573,0.005426266981584693,0.3353812302958474,FALSE
DistanceFromHome,27,-0.024558567706444188,0.00787258429668537,0.32048983943872644,FALSE
EducationField_Technical.Degree,17,-0.024550302400301947,0.019959870701602742,0.233847881404585,FALSE
PercentSalaryHike,50,0.024546512440986656,9.264551296891421e-4,0.3604465777591454,FALSE
EducationField_Medical,32,0.0245077311751741,0.004944212378359185,0.3380382502464125,FALSE
Age,30,0.024102739005843896,0.005955321313524932,0.33240183691285996,FALSE
EducationField_Other,24,0.02400296510045143,0.010407093126555881,0.3021444898547104,FALSE
Age,29,0.023602977311242536,0.006535957789708099,0.32898564101346683,FALSE
Education,36,-0.023447857890010054,0.0034078538085554125,0.34802699349455446,FALSE
DistanceFromHome,26,-0.023428299440717514,0.008640151546852212,0.31520186901440195,FALSE
TotalWorkingYears,35,0.023221812350360617,0.003740115347870375,0.34574142870576036,FALSE
PercentSalaryHike,49,0.023207686928231917,0.0010167833611185427,0.36019741991167054,FALSE
Age,28,0.023066279015115616,0.007173205605519361,0.32502019508517654,FALSE
TrainingTimesLastYear,19,0.022948229239598033,0.01657103531411328,0.2571489104307527,FALSE
YearsInCurrentRole,13,0.022751725048132738,0.0289583548289432,0.18266092804591583,FALSE
Age,27,0.022510168705920118,0.00787258429668537,0.32048983943872644,FALSE
DistanceFromHome,25,-0.02225700624208702,0.009482555656343221,0.30912643060277756,FALSE
Age,26,0.021911451909527885,0.008640151546852212,0.31520186901440195,FALSE
PercentSalaryHike,48,0.021751350093158945,0.001115918483601481,0.35990150955566197,FALSE
PerformanceRating,34,-0.021656745588605378,0.004104771977089369,0.3430603406008423,FALSE
Age,25,0.021286099681644608,0.009482555656343221,0.30912643060277756,FALSE
YearsAtCompany,36,-0.02125612313103077,0.0034078538085554125,0.34802699349455446,FALSE
YearsWithCurrManager,10,0.021040909212520786,0.03828124084025995,0.13775092749853907,FALSE
DistanceFromHome,24,-0.021028206070051632,0.010407093126555881,0.3021444898547104,FALSE
TotalWorkingYears,34,0.021001630945627427,0.004104771977089369,0.3430603406008423,FALSE
NumCompaniesWorked,17,-0.020781063066154546,0.019959870701602742,0.233847881404585,FALSE
Age,24,0.020619677187407575,0.010407093126555881,0.3021444898547104,FALSE
YearsInCurrentRole,12,0.020546175640915324,0.031781758675475044,0.16936306332044584,FALSE
YearsSinceLastPromotion,23,-0.02028257413903378,0.011421771858766349,0.2942639657578007,FALSE
PercentSalaryHike,47,0.020164901279218855,0.0012247191581435085,0.35955046616960523,FALSE
Education,35,-0.01990072849391715,0.003740115347870375,0.34574142870576036,FALSE
Age,23,0.019872556170780202,0.011421771858766349,0.2942639657578007,FALSE
EducationField_Medical,31,0.01981001290366038,0.005426266981584693,0.3353812302958474,FALSE
DistanceFromHome,23,-0.019732216694979647,0.011421771858766349,0.2942639657578007,FALSE
TotalWorkingYears,33,0.019329153561405868,0.004504982177486073,0.3404811824761014,FALSE
Age,22,0.019089160881480223,0.012535380514739396,0.2855493376091368,FALSE
BusinessTravel_Non.Travel,15,0.01893807152823122,0.024041734923188045,0.2070706336595344,FALSE
PercentSalaryHike,46,0.01848487213454764,0.0013441277641381955,0.35914304206841974,FALSE
DistanceFromHome,22,-0.018368950365102624,0.012535380514739396,0.2855493376091368,FALSE
TotalWorkingYears,32,0.01832970214371412,0.004944212378359185,0.3380382502464125,FALSE
JobRole_Research.Director,20,0.01831670339793828,0.015098910208494557,0.267416834480004,FALSE
YearsInCurrentRole,11,0.018242379031083316,0.034880440911532085,0.15481153123299363,FALSE
Age,21,0.018203567095366333,0.013757564639912196,0.2764829300150446,FALSE
JobRole_Manufacturing.Director,18,0.018002350672514895,0.01818669080018116,0.2461592743020809,FALSE
JobRole_Healthcare.Representative,23,0.01795079557015015,0.011421771858766349,0.2942639657578007,FALSE
StockOptionLevel,11,0.017627183498966914,0.034880440911532085,0.15481153123299363,FALSE
TotalWorkingYears,31,0.017356851926147485,0.005426266981584693,0.3353812302958474,FALSE
Age,20,0.017217155507345733,0.015098910208494557,0.267416834480004,FALSE
YearsWithCurrManager,9,0.017199167079925682,0.04201361456372766,0.12122984693327349,FALSE
DistanceFromHome,21,-0.016919694215121527,0.013757564639912196,0.2764829300150446,FALSE
MaritalStatus_Divorced,32,0.016865374429085773,0.004944212378359185,0.3380382502464125,FALSE
PercentSalaryHike,45,0.016661583780140623,0.0014751785618066112,0.3586547794074863,FALSE
BusinessTravel_Travel_Frequently,10,-0.016461399292983393,0.03828124084025995,0.13775092749853907,FALSE
TotalWorkingYears,30,0.016296617707455496,0.005955321313524932,0.33240183691285996,FALSE
Age,19,0.016169924238218506,0.01657103531411328,0.2571489104307527,FALSE
Education,34,-0.016084341953863504,0.004104771977089369,0.3430603406008423,FALSE
Gender_Female,24,0.015896801978000356,0.010407093126555881,0.3021444898547104,FALSE
YearsInCurrentRole,10,0.015849090318657177,0.03828124084025995,0.13775092749853907,FALSE
DistanceFromHome,20,-0.015375186681201955,0.015098910208494557,0.267416834480004,FALSE
TotalWorkingYears,29,0.015140903796584866,0.006535957789708099,0.32898564101346683,FALSE
Age,18,0.015018004962969386,0.01818669080018116,0.2461592743020809,FALSE
PercentSalaryHike,44,0.014669302473298519,0.0016190066504645777,0.3580922440439754,FALSE
EducationField_Medical,30,0.014017921080351388,0.005955321313524932,0.33240183691285996,FALSE
TotalWorkingYears,28,0.013908221043763134,0.007173205605519361,0.32502019508517654,FALSE
Age,17,0.013738591432119704,0.019959870701602742,0.233847881404585,FALSE
DistanceFromHome,19,-0.013734937073879584,0.01657103531411328,0.2571489104307527,FALSE
WorkLifeBalance,17,0.013675017207075289,0.019959870701602742,0.233847881404585,FALSE
YearsInCurrentRole,9,0.013228463582338078,0.04201361456372766,0.12122984693327349,FALSE
JobRole_Human.Resources,26,-0.01321781711419752,0.008640151546852212,0.31520186901440195,FALSE
YearsAtCompany,35,-0.013211970962127338,0.003740115347870375,0.34574142870576036,FALSE
YearsWithCurrManager,8,0.013176593369018637,0.04610989011759219,0.1034412985924886,FALSE
JobLevel,4,0.012670032967776567,0.06689755555588826,0.03433078365603433,FALSE
TotalWorkingYears,27,0.01257360184014036,0.00787258429668537,0.32048983943872644,FALSE
PercentSalaryHike,43,0.012496210771653065,0.0017768578002099217,0.3573786498837732,FALSE
JobRole_Manager,32,0.01236495373517326,0.004944212378359185,0.3380382502464125,FALSE
Age,16,0.01227248666404906,0.02190593345441003,0.22107063158727136,FALSE
DistanceFromHome,18,-0.011945355552472711,0.01818669080018116,0.2461592743020809,FALSE
Education,33,-0.011833470317776854,0.004504982177486073,0.3404811824761014,FALSE
TrainingTimesLastYear,18,0.011673008857398273,0.01818669080018116,0.2461592743020809,FALSE
JobSatisfaction,10,0.011301459151438072,0.03828124084025995,0.13775092749853907,FALSE
TotalWorkingYears,26,0.011154672819946105,0.008640151546852212,0.31520186901440195,FALSE
NumCompaniesWorked,16,-0.011087738931317944,0.02190593345441003,0.22107063158727136,FALSE
Age,15,0.010599361208573627,0.024041734923188045,0.2070706336595344,FALSE
YearsInCurrentRole,8,0.010277109546980974,0.04610989011759219,0.1034412985924886,FALSE
PercentSalaryHike,42,0.010046890126051066,0.0019500992421870964,0.35649079975133047,FALSE
DistanceFromHome,17,-0.010036201779414436,0.019959870701602742,0.233847881404585,FALSE
PerformanceRating,33,-0.009869685372282848,0.004504982177486073,0.3404811824761014,FALSE
TotalWorkingYears,25,0.009785714342333754,0.009482555656343221,0.30912643060277756,FALSE
Age,14,0.009550177770429132,0.026385774398510174,0.1952692822849756,FALSE
EnvironmentSatisfaction,8,0.009162499180085854,0.04610989011759219,0.1034412985924886,FALSE
RelationshipSatisfaction,15,0.009090998543989164,0.024041734923188045,0.2070706336595344,FALSE
YearsWithCurrManager,7,0.008868619952678982,0.050605547481077894,0.0882469778598371,FALSE
EducationField_Marketing,19,-0.008802928939602859,0.01657103531411328,0.2571489104307527,FALSE
Age,13,0.008472534861014862,0.0289583548289432,0.18266092804591583,FALSE
TotalWorkingYears,24,0.008383431587630469,0.010407093126555881,0.3021444898547104,FALSE
DistanceFromHome,16,-0.007938692504754133,0.02190593345441003,0.22107063158727136,FALSE
YearsSinceLastPromotion,22,-0.007862222113552938,0.012535380514739396,0.2855493376091368,FALSE
EducationField_Medical,29,0.0075644708267230435,0.006535957789708099,0.32898564101346683,FALSE
PercentSalaryHike,41,0.007500907528865779,0.0021402315108892825,0.3555273047101022,FALSE
Age,12,0.007324315712241283,0.031781758675475044,0.16936306332044584,FALSE
Education,32,-0.0070854645190620595,0.004944212378359185,0.3380382502464125,FALSE
YearsInCurrentRole,7,0.0069904297329521185,0.050605547481077894,0.0882469778598371,FALSE
TotalWorkingYears,23,0.006889167365353926,0.011421771858766349,0.2942639657578007,FALSE
Age,11,0.0061348660738271945,0.034880440911532085,0.15481153123299363,FALSE
DistanceFromHome,15,-0.005671525588168717,0.024041734923188045,0.2070706336595344,FALSE
TotalWorkingYears,22,0.005381814653021325,0.012535380514739396,0.2855493376091368,FALSE
MaritalStatus_Divorced,31,0.0053193915868318216,0.005426266981584693,0.3353812302958474,FALSE
Age,10,0.004865311644307379,0.03828124084025995,0.13775092749853907,FALSE
YearsWithCurrManager,6,0.004822629526946074,0.05553952588758322,0.07211847485982993,FALSE
PercentSalaryHike,40,0.00478010155924178,0.0023489014410703257,0.3544208048178532,FALSE
YearsAtCompany,34,-0.00443934254697731,0.004104771977089369,0.3430603406008423,FALSE
JobRole_Research.Scientist,51,-0.0043861307056634056,8.441514093848918e-4,0.360657482061488,FALSE
Department_Research...Development,15,0.004308337826416634,0.024041734923188045,0.2070706336595344,FALSE
TotalWorkingYears,21,0.004086099704652218,0.013757564639912196,0.2764829300150446,FALSE
EducationField_Other,23,0.004011898006535297,0.011421771858766349,0.2942639657578007,FALSE
YearsInCurrentRole,6,0.0036360589067197303,0.05553952588758322,0.07211847485982993,FALSE
JobRole_Sales.Representative,5,-0.003634817231137611,0.06095456109769221,0.05261994693223041,FALSE
Age,9,0.003358643659069988,0.04201361456372766,0.12122984693327349,FALSE
DistanceFromHome,14,-0.003317069490203519,0.026385774398510174,0.1952692822849756,FALSE
TotalWorkingYears,20,0.0030777655141705964,0.015098910208494557,0.267416834480004,FALSE
HourlyRate,78,0.0029115829112390905,6.847172340066526e-5,0.3627231816245738,FALSE
HourlyRate,77,0.002911091094760892,7.514763190341213e-5,0.36271390608341053,FALSE
HourlyRate,76,0.002910506308369163,8.247443324372141e-5,0.36270362765985353,FALSE
HourlyRate,75,0.0029098601811020975,9.051558866972372e-5,0.36269178587982315,FALSE
HourlyRate,74,0.0029091602119253623,9.934074682289904e-5,0.3626780375238114,FALSE
HourlyRate,73,0.0029083397215834235,1.0902634700128992e-4,0.36266258741432056,FALSE
HourlyRate,72,0.002907445169297595,1.1965628124013325e-4,0.36264456462794475,FALSE
HourlyRate,71,0.0029064175924267497,1.3132262094453617e-4,0.36262407026953836,FALSE
HourlyRate,70,0.0029052215911270635,1.44126414367941e-4,0.36260080226591646,FALSE
HourlyRate,69,0.0029037081388264474,1.5817856184375593e-4,0.3625750312911191,FALSE
HourlyRate,68,0.0029014888857998486,1.7360077635098916e-4,0.36254830031139806,FALSE
HourlyRate,67,0.0028985644437852284,1.9052663773384671e-4,0.3625197570378639,FALSE
HourlyRate,66,0.0028952679807501902,2.091027497064395e-4,0.3624872676029919,FALSE
HourlyRate,65,0.002891609526102225,2.2949000966402086e-4,0.36244920610102305,FALSE
HourlyRate,64,0.0028874312449852224,2.518650022992524e-4,0.3624065585818234,FALSE
HourlyRate,63,0.002882764107651232,2.7642152909433524e-4,0.36235666718114795,FALSE
HourlyRate,62,0.002877493244061163,3.033722869367358e-4,0.36229920518149916,FALSE
HourlyRate,61,0.002871531243615753,3.3295071039787273e-4,0.36223300246037204,FALSE
HourlyRate,60,0.002864774475815857,3.6541299363170135e-4,0.36215676891571624,FALSE
HourlyRate,59,0.0028571713939981778,4.010403094059142e-4,0.36206703725293354,FALSE
HourlyRate,58,0.0028484888413284133,4.401412444859441e-4,0.3619648237246643,FALSE
HourlyRate,57,0.0028386740655654574,4.8305447246590105e-4,0.3618447451426575,FALSE
HourlyRate,56,0.002827514611715469,5.301516871972259e-4,0.3617050028673343,FALSE
HourlyRate,55,0.002814761049770814,5.818408222230162e-4,0.36154523797689503,FALSE
HourlyRate,54,0.0028002614818969295,6.38569584103225e-4,0.36135790900066234,FALSE
HourlyRate,53,0.002783671048922103,7.008293302347037e-4,0.3611437684821306,FALSE
HourlyRate,52,0.002765022229025851,7.691593247539126e-4,0.36089874444188386,FALSE
HourlyRate,51,0.0027448975735741782,8.441514093848918e-4,0.360657482061488,FALSE
HourlyRate,50,0.002723614907398903,9.264551296891421e-4,0.3604465777591454,FALSE
HourlyRate,49,0.002700229505054495,0.0010167833611185427,0.36019741991167054,FALSE
HourlyRate,48,0.00267426257467713,0.001115918483601481,0.35990150955566197,FALSE
HourlyRate,47,0.002645423060285122,0.0012247191581435085,0.35955046616960523,FALSE
HourlyRate,46,0.00261305484298379,0.0013441277641381955,0.35914304206841974,FALSE
HourlyRate,45,0.0025772271855747557,0.0014751785618066112,0.3586547794074863,FALSE
HourlyRate,44,0.002536701284631659,0.0016190066504645777,0.3580922440439754,FALSE
HourlyRate,43,0.00249089104730716,0.0017768578002099217,0.3573786498837732,FALSE
HourlyRate,42,0.0024372576467499353,0.0019500992421870964,0.35649079975133047,FALSE
HourlyRate,41,0.0023817343865785976,0.0021402315108892825,0.3555273047101022,FALSE
HourlyRate,40,0.002321726993178801,0.0023489014410703257,0.3544208048178532,FALSE
HourlyRate,39,0.0022550446639239196,0.002577916431839543,0.3531202433337982,FALSE
TotalWorkingYears,19,0.0022023875075094456,0.01657103531411328,0.2571489104307527,FALSE
HourlyRate,38,0.0021796838168414595,0.002829260101488162,0.3516394155159863,FALSE
TotalWorkingYears,7,0.002167309476796583,0.050605547481077894,0.0882469778598371,FALSE
HourlyRate,37,0.002094157535828908,0.0031051094686420167,0.34997705365388615,FALSE
HourlyRate,36,0.0020000658198773605,0.0034078538085554125,0.34802699349455446,FALSE
JobInvolvement,8,0.0019052063629544078,0.04610989011759219,0.1034412985924886,FALSE
HourlyRate,35,0.0018963826593895229,0.003740115347870375,0.34574142870576036,FALSE
PercentSalaryHike,39,0.0018492950408667485,0.002577916431839543,0.3531202433337982,FALSE
HourlyRate,34,0.0017824178387304253,0.004104771977089369,0.3430603406008423,FALSE
Education,31,-0.0017552573979112015,0.005426266981584693,0.3353812302958474,FALSE
HourlyRate,33,0.0016710303838258515,0.004504982177486073,0.3404811824761014,FALSE
HourlyRate,32,0.0015596694839706197,0.004944212378359185,0.3380382502464125,FALSE
Age,8,0.001481668748251811,0.04610989011759219,0.1034412985924886,FALSE
TotalWorkingYears,8,0.0014486118137492802,0.04610989011759219,0.1034412985924886,FALSE
HourlyRate,31,0.0014162102521463557,0.005426266981584693,0.3353812302958474,FALSE
TotalWorkingYears,6,0.0013469959073621242,0.05553952588758322,0.07211847485982993,FALSE
TotalWorkingYears,18,0.0013381793946289015,0.01818669080018116,0.2461592743020809,FALSE
HourlyRate,30,0.0012566797585173031,0.005955321313524932,0.33240183691285996,FALSE
HourlyRate,29,0.0010846289703228037,0.006535957789708099,0.32898564101346683,FALSE
Department_Sales,41,-0.0010169973481290657,0.0021402315108892825,0.3555273047101022,FALSE
HourlyRate,28,8.952711946341968e-4,0.007173205605519361,0.32502019508517654,FALSE
NumCompaniesWorked,15,-7.964819356928441e-4,0.024041734923188045,0.2070706336595344,FALSE
DistanceFromHome,13,-7.84475754727387e-4,0.0289583548289432,0.18266092804591583,FALSE
HourlyRate,27,6.92404566294363e-4,0.00787258429668537,0.32048983943872644,FALSE
EducationField_Medical,28,6.213148046703782e-4,0.007173205605519361,0.32502019508517654,FALSE
YearsWithCurrManager,5,5.839556869565365e-4,0.06095456109769221,0.05261994693223041,FALSE
TotalWorkingYears,17,5.17687345823356e-4,0.019959870701602742,0.233847881404585,FALSE
HourlyRate,26,4.704492718109016e-4,0.008640151546852212,0.31520186901440195,FALSE
TotalWorkingYears,5,4.2146705395571877e-4,0.06095456109769221,0.05261994693223041,FALSE
TotalWorkingYears,9,3.467359835160547e-4,0.04201361456372766,0.12122984693327349,FALSE
DailyRate,78,2.941068615590464e-4,6.847172340066526e-5,0.3627231816245738,FALSE
DailyRate,77,2.9405750180108475e-4,7.514763190341213e-5,0.36271390608341053,FALSE
DailyRate,76,2.940015548210006e-4,8.247443324372141e-5,0.36270362765985353,FALSE
DailyRate,75,2.9394061107360526e-4,9.051558866972372e-5,0.36269178587982315,FALSE
DailyRate,74,2.9387530047975596e-4,9.934074682289904e-5,0.3626780375238114,FALSE
DailyRate,73,2.938019491974812e-4,1.0902634700128992e-4,0.36266258741432056,FALSE
DailyRate,72,2.937231490246965e-4,1.1965628124013325e-4,0.36264456462794475,FALSE
DailyRate,71,2.9363628859687e-4,1.3132262094453617e-4,0.36262407026953836,FALSE
DailyRate,70,2.9354081283208507e-4,1.44126414367941e-4,0.36260080226591646,FALSE
DailyRate,69,2.934252382104419e-4,1.5817856184375593e-4,0.3625750312911191,FALSE
DailyRate,68,2.9324075446011315e-4,1.7360077635098916e-4,0.36254830031139806,FALSE
DailyRate,67,2.929655208261565e-4,1.9052663773384671e-4,0.3625197570378639,FALSE
DailyRate,66,2.926624820605105e-4,2.091027497064395e-4,0.3624872676029919,FALSE
DailyRate,65,2.923313424056112e-4,2.2949000966402086e-4,0.36244920610102305,FALSE
DailyRate,64,2.919645373857998e-4,2.518650022992524e-4,0.3624065585818234,FALSE
DailyRate,63,2.915631338441346e-4,2.7642152909433524e-4,0.36235666718114795,FALSE
DailyRate,62,2.9112163325560695e-4,3.033722869367358e-4,0.36229920518149916,FALSE
DailyRate,61,2.9063581249708515e-4,3.3295071039787273e-4,0.36223300246037204,FALSE
DailyRate,60,2.901004392836447e-4,3.6541299363170135e-4,0.36215676891571624,FALSE
DailyRate,59,2.895154700207294e-4,4.010403094059142e-4,0.36206703725293354,FALSE
DailyRate,58,2.888680537254183e-4,4.401412444859441e-4,0.3619648237246643,FALSE
DailyRate,57,2.8815929591344795e-4,4.8305447246590105e-4,0.3618447451426575,FALSE
DailyRate,56,2.873821816580436e-4,5.301516871972259e-4,0.3617050028673343,FALSE
DailyRate,55,2.865237672888279e-4,5.818408222230162e-4,0.36154523797689503,FALSE
DailyRate,54,2.855864541693623e-4,6.38569584103225e-4,0.36135790900066234,FALSE
DailyRate,53,2.845555217826609e-4,7.008293302347037e-4,0.3611437684821306,FALSE
DailyRate,52,2.8339923800888006e-4,7.691593247539126e-4,0.36089874444188386,FALSE
DailyRate,51,2.819289442734575e-4,8.441514093848918e-4,0.360657482061488,FALSE
DailyRate,50,2.802569985743643e-4,9.264551296891421e-4,0.3604465777591454,FALSE
DailyRate,49,2.7837634951321513e-4,0.0010167833611185427,0.36019741991167054,FALSE
DailyRate,48,2.7632862603942305e-4,0.001115918483601481,0.35990150955566197,FALSE
DailyRate,47,2.741029231035482e-4,0.0012247191581435085,0.35955046616960523,FALSE
DailyRate,46,2.716473147585324e-4,0.0013441277641381955,0.35914304206841974,FALSE
DailyRate,45,2.689281972221244e-4,0.0014751785618066112,0.3586547794074863,FALSE
DailyRate,44,2.6610543655590936e-4,0.0016190066504645777,0.3580922440439754,FALSE
DailyRate,43,2.629594767187321e-4,0.0017768578002099217,0.3573786498837732,FALSE
DailyRate,42,2.596745237576259e-4,0.0019500992421870964,0.35649079975133047,FALSE
DailyRate,41,2.559379183434269e-4,0.0021402315108892825,0.3555273047101022,FALSE
DailyRate,40,2.5190576865597917e-4,0.0023489014410703257,0.3544208048178532,FALSE
DailyRate,39,2.475743636164219e-4,0.002577916431839543,0.3531202433337982,FALSE
DailyRate,38,2.4268155249388532e-4,0.002829260101488162,0.3516394155159863,FALSE
DailyRate,37,2.3710169112405824e-4,0.0031051094686420167,0.34997705365388615,FALSE
DailyRate,36,2.3100258365593257e-4,0.0034078538085554125,0.34802699349455446,FALSE
HourlyRate,25,2.2607687910551093e-4,0.009482555656343221,0.30912643060277756,FALSE
DailyRate,35,2.2436406822009343e-4,0.003740115347870375,0.34574142870576036,FALSE
DailyRate,34,2.1715982193652557e-4,0.004104771977089369,0.3430603406008423,FALSE
DailyRate,33,2.0966172828792995e-4,0.004504982177486073,0.3404811824761014,FALSE
DailyRate,32,2.0198488749969127e-4,0.004944212378359185,0.3380382502464125,FALSE
DailyRate,31,1.9423515520411875e-4,0.005426266981584693,0.3353812302958474,FALSE
DailyRate,30,1.858206496184667e-4,0.005955321313524932,0.33240183691285996,FALSE
DailyRate,29,1.7665313889782773e-4,0.006535957789708099,0.32898564101346683,FALSE
DailyRate,28,1.667495573338285e-4,0.007173205605519361,0.32502019508517654,FALSE
DailyRate,27,1.557061900667166e-4,0.00787258429668537,0.32048983943872644,FALSE
DailyRate,26,1.437002230706315e-4,0.008640151546852212,0.31520186901440195,FALSE
DailyRate,25,1.3071667703574925e-4,0.009482555656343221,0.30912643060277756,FALSE
DailyRate,24,1.165690567449815e-4,0.010407093126555881,0.3021444898547104,FALSE
DailyRate,23,1.0057097611000064e-4,0.011421771858766349,0.2942639657578007,FALSE
DailyRate,22,8.316599640227611e-5,0.012535380514739396,0.2855493376091368,FALSE
DailyRate,21,6.0949745524163564e-5,0.013757564639912196,0.2764829300150446,FALSE
YearsInCurrentRole,5,4.254153718929372e-5,0.06095456109769221,0.05261994693223041,FALSE
DailyRate,20,3.270602293144084e-5,0.015098910208494557,0.267416834480004,FALSE
MonthlyIncome,32,1.4414323624723544e-5,0.004944212378359185,0.3380382502464125,FALSE
MonthlyIncome,31,1.3141407184319038e-5,0.005426266981584693,0.3353812302958474,FALSE
MonthlyIncome,30,1.1827575902218646e-5,0.005955321313524932,0.33240183691285996,FALSE
MonthlyIncome,33,1.1387277967373855e-5,0.004504982177486073,0.3404811824761014,FALSE
MonthlyIncome,29,1.0581993338410874e-5,0.006535957789708099,0.32898564101346683,FALSE
MonthlyIncome,78,-1.0063116003201734e-5,6.847172340066526e-5,0.3627231816245738,FALSE
MonthlyIncome,77,-9.350914795591607e-6,7.514763190341213e-5,0.36271390608341053,FALSE
MonthlyIncome,28,9.187505623327934e-6,0.007173205605519361,0.32502019508517654,FALSE
MonthlyIncome,76,-8.578949616955967e-6,8.247443324372141e-5,0.36270362765985353,FALSE
MonthlyIncome,34,8.572194411744324e-6,0.004104771977089369,0.3430603406008423,FALSE
MonthlyIncome,27,7.938843343947102e-6,0.00787258429668537,0.32048983943872644,FALSE
MonthlyIncome,75,-7.731486796443232e-6,9.051558866972372e-5,0.36269178587982315,FALSE
MonthlyIncome,74,-6.7930055438980585e-6,9.934074682289904e-5,0.3626780375238114,FALSE
MonthlyIncome,26,6.524126096905829e-6,0.008640151546852212,0.31520186901440195,FALSE
MonthlyIncome,35,6.237611349673305e-6,0.003740115347870375,0.34574142870576036,FALSE
MonthlyIncome,73,-5.772567986521732e-6,1.0902634700128992e-4,0.36266258741432056,FALSE
MonthlyIncome,25,4.7573123293995415e-6,0.009482555656343221,0.30912643060277756,FALSE
MonthlyIncome,72,-4.644481238439467e-6,1.1965628124013325e-4,0.36264456462794475,FALSE
MonthlyIncome,36,4.205101268225043e-6,0.0034078538085554125,0.34802699349455446,FALSE
MonthlyIncome,71,-3.405950461918032e-6,1.3132262094453617e-4,0.36262407026953836,FALSE
DailyRate,19,3.253747541228285e-6,0.01657103531411328,0.2571489104307527,FALSE
MonthlyIncome,24,3.066390021728702e-6,0.010407093126555881,0.3021444898547104,FALSE
MonthlyIncome,37,2.3771881258020613e-6,0.0031051094686420167,0.34997705365388615,FALSE
MonthlyRate,78,-2.2538678673931136e-6,6.847172340066526e-5,0.3627231816245738,FALSE
MonthlyRate,77,-2.2356984768259283e-6,7.514763190341213e-5,0.36271390608341053,FALSE
MonthlyRate,76,-2.215811646017019e-6,8.247443324372141e-5,0.36270362765985353,FALSE
MonthlyRate,75,-2.1940203540625665e-6,9.051558866972372e-5,0.36269178587982315,FALSE
MonthlyRate,74,-2.170080365466747e-6,9.934074682289904e-5,0.3626780375238114,FALSE
MonthlyRate,73,-2.1438702792961594e-6,1.0902634700128992e-4,0.36266258741432056,FALSE
MonthlyRate,72,-2.115102259341959e-6,1.1965628124013325e-4,0.36264456462794475,FALSE
MonthlyRate,71,-2.0835221751365655e-6,1.3132262094453617e-4,0.36262407026953836,FALSE
MonthlyRate,70,-2.048871405540515e-6,1.44126414367941e-4,0.36260080226591646,FALSE
MonthlyIncome,70,-2.048119010692518e-6,1.44126414367941e-4,0.36260080226591646,FALSE
MonthlyRate,69,-2.0116254836944727e-6,1.5817856184375593e-4,0.3625750312911191,FALSE
MonthlyRate,68,-1.977389579555747e-6,1.7360077635098916e-4,0.36254830031139806,FALSE
MonthlyRate,67,-1.9459067367630663e-6,1.9052663773384671e-4,0.3625197570378639,FALSE
MonthlyRate,66,-1.9113613920484043e-6,2.091027497064395e-4,0.3624872676029919,FALSE
MonthlyRate,65,-1.8735355984324956e-6,2.2949000966402086e-4,0.36244920610102305,FALSE
MonthlyRate,64,-1.8319422567089314e-6,2.518650022992524e-4,0.3624065585818234,FALSE
MonthlyRate,63,-1.7864051016780504e-6,2.7642152909433524e-4,0.36235666718114795,FALSE
MonthlyRate,62,-1.7364608898361102e-6,3.033722869367358e-4,0.36229920518149916,FALSE
MonthlyRate,61,-1.6816801900510355e-6,3.3295071039787273e-4,0.36223300246037204,FALSE
MonthlyRate,60,-1.621613286246844e-6,3.6541299363170135e-4,0.36215676891571624,FALSE
MonthlyRate,59,-1.5558858185850622e-6,4.010403094059142e-4,0.36206703725293354,FALSE
MonthlyRate,58,-1.4837461036851293e-6,4.401412444859441e-4,0.3619648237246643,FALSE
MonthlyRate,57,-1.4048527098815383e-6,4.8305447246590105e-4,0.3618447451426575,FALSE
MonthlyRate,56,-1.3185227960469333e-6,5.301516871972259e-4,0.3617050028673343,FALSE
MonthlyIncome,23,1.2560682991899052e-6,0.011421771858766349,0.2942639657578007,FALSE
MonthlyRate,55,-1.2239888360146928e-6,5.818408222230162e-4,0.36154523797689503,FALSE
MonthlyRate,54,-1.1208367274167426e-6,6.38569584103225e-4,0.36135790900066234,FALSE
MonthlyRate,53,-1.0082144985902992e-6,7.008293302347037e-4,0.3611437684821306,FALSE
MonthlyRate,52,-8.84494987361506e-7,7.691593247539126e-4,0.36089874444188386,FALSE
MonthlyIncome,38,7.694316037845014e-7,0.002829260101488162,0.3516394155159863,FALSE
MonthlyRate,51,-7.428452837718507e-7,8.441514093848918e-4,0.360657482061488,FALSE
MonthlyIncome,69,-6.521973320085996e-7,1.5817856184375593e-4,0.3625750312911191,FALSE
MonthlyRate,50,-5.834506409123701e-7,9.264551296891421e-4,0.3604465777591454,FALSE
MonthlyRate,49,-4.129448946709774e-7,0.0010167833611185427,0.36019741991167054,FALSE
MonthlyRate,48,-2.27403409638006e-7,0.001115918483601481,0.35990150955566197,FALSE
MonthlyIncome,22,1.825925583801171e-7,0.012535380514739396,0.2855493376091368,FALSE
MonthlyIncome,39,7.302373453524762e-8,0.002577916431839543,0.3531202433337982,FALSE
MonthlyRate,47,-2.54201524784236e-8,0.0012247191581435085,0.35955046616960523,FALSE
OverTime_Yes,72,-5.9907974603485904e-15,1.1965628124013325e-4,0.36264456462794475,FALSE
OverTime_Yes,69,-5.264012787869517e-15,1.5817856184375593e-4,0.3625750312911191,FALSE
Gender_Male,53,-5.228517324045105e-15,7.008293302347037e-4,0.3611437684821306,FALSE
Gender_Male,52,-5.130151600211759e-15,7.691593247539126e-4,0.36089874444188386,FALSE
Gender_Male,57,-4.8721897796603615e-15,4.8305447246590105e-4,0.3618447451426575,FALSE
OverTime_Yes,58,-4.736096785394262e-15,4.401412444859441e-4,0.3619648237246643,FALSE
Gender_Male,60,-4.643730962534322e-15,3.6541299363170135e-4,0.36215676891571624,FALSE
Gender_Male,54,-4.554801670129596e-15,6.38569584103225e-4,0.36135790900066234,FALSE
Gender_Male,55,-4.4867248067505395e-15,5.818408222230162e-4,0.36154523797689503,FALSE
Gender_Male,64,-4.417853059163974e-15,2.518650022992524e-4,0.3624065585818234,FALSE
Gender_Male,62,-4.287436799062623e-15,3.033722869367358e-4,0.36229920518149916,FALSE
Gender_Male,61,-4.2008120189830796e-15,3.3295071039787273e-4,0.36223300246037204,FALSE
Gender_Male,56,-4.195450432535815e-15,5.301516871972259e-4,0.3617050028673343,FALSE
Gender_Male,63,-4.163419232596574e-15,2.7642152909433524e-4,0.36235666718114795,FALSE
Gender_Male,51,-4.115189629621553e-15,8.441514093848918e-4,0.360657482061488,FALSE
Gender_Male,46,-4.099005173236083e-15,0.0013441277641381955,0.35914304206841974,FALSE
Gender_Male,68,-4.078923113406943e-15,1.7360077635098916e-4,0.36254830031139806,FALSE
OverTime_Yes,70,-4.0394990857084535e-15,1.44126414367941e-4,0.36260080226591646,FALSE
Gender_Male,50,-4.025397388642389e-15,9.264551296891421e-4,0.3604465777591454,FALSE
Gender_Male,59,-3.855533855730036e-15,4.010403094059142e-4,0.36206703725293354,FALSE
Gender_Male,58,-3.8342598937457515e-15,4.401412444859441e-4,0.3619648237246643,FALSE
OverTime_Yes,63,-3.8326310439040244e-15,2.7642152909433524e-4,0.36235666718114795,FALSE
Gender_Male,47,-3.68372409069488e-15,0.0012247191581435085,0.35955046616960523,FALSE
OverTime_Yes,73,-3.617248088539063e-15,1.0902634700128992e-4,0.36266258741432056,FALSE
Gender_Male,43,-3.589527710568128e-15,0.0017768578002099217,0.3573786498837732,FALSE
Gender_Male,42,-3.564008839951643e-15,0.0019500992421870964,0.35649079975133047,FALSE
Gender_Male,65,-3.5231507175660158e-15,2.2949000966402086e-4,0.36244920610102305,FALSE
Gender_Male,48,-3.461354514696151e-15,0.001115918483601481,0.35990150955566197,FALSE
Gender_Male,69,-3.393393980648296e-15,1.5817856184375593e-4,0.3625750312911191,FALSE
Gender_Male,49,-3.374956371893281e-15,0.0010167833611185427,0.36019741991167054,FALSE
Gender_Male,67,-3.3119982438135517e-15,1.9052663773384671e-4,0.3625197570378639,FALSE
Gender_Male,66,-3.2672082258340753e-15,2.091027497064395e-4,0.3624872676029919,FALSE
OverTime_Yes,71,-3.106496407204047e-15,1.3132262094453617e-4,0.36262407026953836,FALSE
Gender_Male,44,-3.0752144244018235e-15,0.0016190066504645777,0.3580922440439754,FALSE
OverTime_Yes,61,-3.0017596209061718e-15,3.3295071039787273e-4,0.36223300246037204,FALSE
OverTime_Yes,68,-2.8814135733951116e-15,1.7360077635098916e-4,0.36254830031139806,FALSE
Gender_Male,45,-2.7736529908784635e-15,0.0014751785618066112,0.3586547794074863,FALSE
OverTime_Yes,54,-2.7647526796209552e-15,6.38569584103225e-4,0.36135790900066234,FALSE
Gender_Male,41,-2.7081877573507057e-15,0.0021402315108892825,0.3555273047101022,FALSE
OverTime_Yes,62,-2.622329802764922e-15,3.033722869367358e-4,0.36229920518149916,FALSE
OverTime_Yes,49,-2.545023586968477e-15,0.0010167833611185427,0.36019741991167054,FALSE
OverTime_Yes,37,-2.5366444935787118e-15,0.0031051094686420167,0.34997705365388615,FALSE
Gender_Male,70,-2.472144500826989e-15,1.44126414367941e-4,0.36260080226591646,FALSE
Gender_Male,40,-2.3778425950876526e-15,0.0023489014410703257,0.3544208048178532,FALSE
Gender_Male,71,-2.318272364682627e-15,1.3132262094453617e-4,0.36262407026953836,FALSE
OverTime_Yes,34,-2.2918693226899514e-15,0.004104771977089369,0.3430603406008423,FALSE
Gender_Male,39,-2.2389122757742294e-15,0.002577916431839543,0.3531202433337982,FALSE
Gender_Male,38,-2.21287627564943e-15,0.002829260101488162,0.3516394155159863,FALSE
Gender_Male,73,-2.203338924606949e-15,1.0902634700128992e-4,0.36266258741432056,FALSE
OverTime_Yes,38,-2.033063553410796e-15,0.002829260101488162,0.3516394155159863,FALSE
Gender_Male,77,-2.0259010342271355e-15,7.514763190341213e-5,0.36271390608341053,FALSE
Gender_Male,74,-1.9434657575409778e-15,9.934074682289904e-5,0.3626780375238114,FALSE
OverTime_Yes,48,-1.810740138332972e-15,0.001115918483601481,0.35990150955566197,FALSE
Gender_Male,72,-1.6988310252460966e-15,1.1965628124013325e-4,0.36264456462794475,FALSE
Gender_Male,75,-1.678176635950533e-15,9.051558866972372e-5,0.36269178587982315,FALSE
Gender_Male,76,-1.6626940970745143e-15,8.247443324372141e-5,0.36270362765985353,FALSE
Gender_Male,78,-1.63155471154492e-15,6.847172340066526e-5,0.3627231816245738,FALSE
OverTime_Yes,42,-1.6149705388627972e-15,0.0019500992421870964,0.35649079975133047,FALSE
OverTime_Yes,74,-1.5892439980197949e-15,9.934074682289904e-5,0.3626780375238114,FALSE
Gender_Male,36,-1.543075276169137e-15,0.0034078538085554125,0.34802699349455446,FALSE
OverTime_Yes,50,-1.5381702336668342e-15,9.264551296891421e-4,0.3604465777591454,FALSE
Gender_Male,37,-1.324588034554745e-15,0.0031051094686420167,0.34997705365388615,FALSE
OverTime_Yes,64,-1.3230830588653076e-15,2.518650022992524e-4,0.3624065585818234,FALSE
Gender_Male,35,-1.3108797485869347e-15,0.003740115347870375,0.34574142870576036,FALSE
OverTime_Yes,39,-1.1970725071288649e-15,0.002577916431839543,0.3531202433337982,FALSE
OverTime_Yes,60,-1.1849648257283846e-15,3.6541299363170135e-4,0.36215676891571624,FALSE
OverTime_Yes,77,-1.1467984188727204e-15,7.514763190341213e-5,0.36271390608341053,FALSE
OverTime_Yes,59,-1.0531789758315869e-15,4.010403094059142e-4,0.36206703725293354,FALSE
OverTime_Yes,47,-1.0448127072445538e-15,0.0012247191581435085,0.35955046616960523,FALSE
OverTime_Yes,67,-1.0011659752134472e-15,1.9052663773384671e-4,0.3625197570378639,FALSE
OverTime_Yes,66,-6.355596823353429e-16,2.091027497064395e-4,0.3624872676029919,FALSE
OverTime_Yes,51,-5.738519785833622e-16,8.441514093848918e-4,0.360657482061488,FALSE
Gender_Male,33,-5.358494582711627e-16,0.004504982177486073,0.3404811824761014,FALSE
OverTime_Yes,56,-4.690856137015951e-16,5.301516871972259e-4,0.3617050028673343,FALSE
OverTime_Yes,26,-4.398300409570125e-16,0.008640151546852212,0.31520186901440195,FALSE
OverTime_Yes,52,-3.794934439213539e-16,7.691593247539126e-4,0.36089874444188386,FALSE
Gender_Male,34,-3.787897770708446e-16,0.004104771977089369,0.3430603406008423,FALSE
Gender_Male,26,-3.6126616641739456e-16,0.008640151546852212,0.31520186901440195,FALSE
Gender_Male,27,-3.3294839196908035e-16,0.00787258429668537,0.32048983943872644,FALSE
OverTime_Yes,46,-3.1624390879940397e-16,0.0013441277641381955,0.35914304206841974,FALSE
OverTime_Yes,35,-3.150708238268106e-16,0.003740115347870375,0.34574142870576036,FALSE
OverTime_Yes,27,-3.057479665375869e-16,0.00787258429668537,0.32048983943872644,FALSE
OverTime_Yes,29,-2.69686712542496e-16,0.006535957789708099,0.32898564101346683,FALSE
OverTime_Yes,55,-2.628592551612811e-16,5.818408222230162e-4,0.36154523797689503,FALSE
OverTime_Yes,75,-2.54423127426357e-16,9.051558866972372e-5,0.36269178587982315,FALSE
OverTime_Yes,45,-2.391867646695976e-16,0.0014751785618066112,0.3586547794074863,FALSE
OverTime_Yes,33,-2.0656353498143036e-16,0.004504982177486073,0.3404811824761014,FALSE
OverTime_Yes,76,-1.9669972204422291e-16,8.247443324372141e-5,0.36270362765985353,FALSE
Gender_Male,31,-1.9234163997102959e-16,0.005426266981584693,0.3353812302958474,FALSE
Gender_Male,32,-1.5910067497771738e-16,0.004944212378359185,0.3380382502464125,FALSE
OverTime_Yes,28,-1.4044238916545028e-16,0.007173205605519361,0.32502019508517654,FALSE
Gender_Male,29,-1.3661378931132285e-16,0.006535957789708099,0.32898564101346683,FALSE
OverTime_Yes,53,-1.1656635174500648e-16,7.008293302347037e-4,0.3611437684821306,FALSE
Gender_Male,24,-9.573598989678625e-17,0.010407093126555881,0.3021444898547104,FALSE
Age,1,0,0.08843463142112093,1.8248719679534334e-14,TRUE
Age,2,0,0.08057834250172598,0.010959272441944048,TRUE
Age,3,0,0.07341998463709051,0.019785171154912424,TRUE
Age,4,0,0.06689755555588826,0.03433078365603433,TRUE
Age,5,0,0.06095456109769221,0.05261994693223041,TRUE
Age,6,0,0.05553952588758322,0.07211847485982993,TRUE
Age,7,0,0.050605547481077894,0.0882469778598371,TRUE
DailyRate,1,0,0.08843463142112093,1.8248719679534334e-14,TRUE
DailyRate,2,0,0.08057834250172598,0.010959272441944048,TRUE
DailyRate,3,0,0.07341998463709051,0.019785171154912424,TRUE
DailyRate,4,0,0.06689755555588826,0.03433078365603433,TRUE
DailyRate,5,0,0.06095456109769221,0.05261994693223041,TRUE
DailyRate,6,0,0.05553952588758322,0.07211847485982993,TRUE
DailyRate,7,0,0.050605547481077894,0.0882469778598371,TRUE
DailyRate,8,0,0.04610989011759219,0.1034412985924886,TRUE
DailyRate,9,0,0.04201361456372766,0.12122984693327349,TRUE
DailyRate,10,0,0.03828124084025995,0.13775092749853907,TRUE
DailyRate,11,0,0.034880440911532085,0.15481153123299363,TRUE
DailyRate,12,0,0.031781758675475044,0.16936306332044584,TRUE
DailyRate,13,0,0.0289583548289432,0.18266092804591583,TRUE
DailyRate,14,0,0.026385774398510174,0.1952692822849756,TRUE
DailyRate,15,0,0.024041734923188045,0.2070706336595344,TRUE
DailyRate,16,0,0.02190593345441003,0.22107063158727136,TRUE
DailyRate,17,0,0.019959870701602742,0.233847881404585,TRUE
DailyRate,18,0,0.01818669080018116,0.2461592743020809,TRUE
DistanceFromHome,1,0,0.08843463142112093,1.8248719679534334e-14,TRUE
DistanceFromHome,2,0,0.08057834250172598,0.010959272441944048,TRUE
DistanceFromHome,3,0,0.07341998463709051,0.019785171154912424,TRUE
DistanceFromHome,4,0,0.06689755555588826,0.03433078365603433,TRUE
DistanceFromHome,5,0,0.06095456109769221,0.05261994693223041,TRUE
DistanceFromHome,6,0,0.05553952588758322,0.07211847485982993,TRUE
DistanceFromHome,7,0,0.050605547481077894,0.0882469778598371,TRUE
DistanceFromHome,8,0,0.04610989011759219,0.1034412985924886,TRUE
DistanceFromHome,9,0,0.04201361456372766,0.12122984693327349,TRUE
DistanceFromHome,10,0,0.03828124084025995,0.13775092749853907,TRUE
DistanceFromHome,11,0,0.034880440911532085,0.15481153123299363,TRUE
DistanceFromHome,12,0,0.031781758675475044,0.16936306332044584,TRUE
Education,1,0,0.08843463142112093,1.8248719679534334e-14,TRUE
Education,2,0,0.08057834250172598,0.010959272441944048,TRUE
Education,3,0,0.07341998463709051,0.019785171154912424,TRUE
Education,4,0,0.06689755555588826,0.03433078365603433,TRUE
Education,5,0,0.06095456109769221,0.05261994693223041,TRUE
Education,6,0,0.05553952588758322,0.07211847485982993,TRUE
Education,7,0,0.050605547481077894,0.0882469778598371,TRUE
Education,8,0,0.04610989011759219,0.1034412985924886,TRUE
Education,9,0,0.04201361456372766,0.12122984693327349,TRUE
Education,10,0,0.03828124084025995,0.13775092749853907,TRUE
Education,11,0,0.034880440911532085,0.15481153123299363,TRUE
Education,12,0,0.031781758675475044,0.16936306332044584,TRUE
Education,13,0,0.0289583548289432,0.18266092804591583,TRUE
Education,14,0,0.026385774398510174,0.1952692822849756,TRUE
Education,15,0,0.024041734923188045,0.2070706336595344,TRUE
Education,16,0,0.02190593345441003,0.22107063158727136,TRUE
Education,17,0,0.019959870701602742,0.233847881404585,TRUE
Education,18,0,0.01818669080018116,0.2461592743020809,TRUE
Education,19,0,0.01657103531411328,0.2571489104307527,TRUE
Education,20,0,0.015098910208494557,0.267416834480004,TRUE
Education,21,0,0.013757564639912196,0.2764829300150446,TRUE
Education,22,0,0.012535380514739396,0.2855493376091368,TRUE
Education,23,0,0.011421771858766349,0.2942639657578007,TRUE
Education,24,0,0.010407093126555881,0.3021444898547104,TRUE
Education,25,0,0.009482555656343221,0.30912643060277756,TRUE
Education,26,0,0.008640151546852212,0.31520186901440195,TRUE
Education,27,0,0.00787258429668537,0.32048983943872644,TRUE
Education,28,0,0.007173205605519361,0.32502019508517654,TRUE
Education,29,0,0.006535957789708099,0.32898564101346683,TRUE
Education,30,0,0.005955321313524932,0.33240183691285996,TRUE
EnvironmentSatisfaction,1,0,0.08843463142112093,1.8248719679534334e-14,TRUE
EnvironmentSatisfaction,2,0,0.08057834250172598,0.010959272441944048,TRUE
EnvironmentSatisfaction,3,0,0.07341998463709051,0.019785171154912424,TRUE
EnvironmentSatisfaction,4,0,0.06689755555588826,0.03433078365603433,TRUE
EnvironmentSatisfaction,5,0,0.06095456109769221,0.05261994693223041,TRUE
EnvironmentSatisfaction,6,0,0.05553952588758322,0.07211847485982993,TRUE
EnvironmentSatisfaction,7,0,0.050605547481077894,0.0882469778598371,TRUE
HourlyRate,1,0,0.08843463142112093,1.8248719679534334e-14,TRUE
HourlyRate,2,0,0.08057834250172598,0.010959272441944048,TRUE
HourlyRate,3,0,0.07341998463709051,0.019785171154912424,TRUE
HourlyRate,4,0,0.06689755555588826,0.03433078365603433,TRUE
HourlyRate,5,0,0.06095456109769221,0.05261994693223041,TRUE
HourlyRate,6,0,0.05553952588758322,0.07211847485982993,TRUE
HourlyRate,7,0,0.050605547481077894,0.0882469778598371,TRUE
HourlyRate,8,0,0.04610989011759219,0.1034412985924886,TRUE
HourlyRate,9,0,0.04201361456372766,0.12122984693327349,TRUE
HourlyRate,10,0,0.03828124084025995,0.13775092749853907,TRUE
HourlyRate,11,0,0.034880440911532085,0.15481153123299363,TRUE
HourlyRate,12,0,0.031781758675475044,0.16936306332044584,TRUE
HourlyRate,13,0,0.0289583548289432,0.18266092804591583,TRUE
HourlyRate,14,0,0.026385774398510174,0.1952692822849756,TRUE
HourlyRate,15,0,0.024041734923188045,0.2070706336595344,TRUE
HourlyRate,16,0,0.02190593345441003,0.22107063158727136,TRUE
HourlyRate,17,0,0.019959870701602742,0.233847881404585,TRUE
HourlyRate,18,0,0.01818669080018116,0.2461592743020809,TRUE
HourlyRate,19,0,0.01657103531411328,0.2571489104307527,TRUE
HourlyRate,20,0,0.015098910208494557,0.267416834480004,TRUE
HourlyRate,21,0,0.013757564639912196,0.2764829300150446,TRUE
HourlyRate,22,0,0.012535380514739396,0.2855493376091368,TRUE
HourlyRate,23,0,0.011421771858766349,0.2942639657578007,TRUE
HourlyRate,24,0,0.010407093126555881,0.3021444898547104,TRUE
JobInvolvement,1,0,0.08843463142112093,1.8248719679534334e-14,TRUE
JobInvolvement,2,0,0.08057834250172598,0.010959272441944048,TRUE
JobInvolvement,3,0,0.07341998463709051,0.019785171154912424,TRUE
JobInvolvement,4,0,0.06689755555588826,0.03433078365603433,TRUE
JobInvolvement,5,0,0.06095456109769221,0.05261994693223041,TRUE
JobInvolvement,6,0,0.05553952588758322,0.07211847485982993,TRUE
JobInvolvement,7,0,0.050605547481077894,0.0882469778598371,TRUE
JobLevel,1,0,0.08843463142112093,1.8248719679534334e-14,TRUE
JobLevel,2,0,0.08057834250172598,0.010959272441944048,TRUE
JobLevel,3,0,0.07341998463709051,0.019785171154912424,TRUE
JobSatisfaction,1,0,0.08843463142112093,1.8248719679534334e-14,TRUE
JobSatisfaction,2,0,0.08057834250172598,0.010959272441944048,TRUE
JobSatisfaction,3,0,0.07341998463709051,0.019785171154912424,TRUE
JobSatisfaction,4,0,0.06689755555588826,0.03433078365603433,TRUE
JobSatisfaction,5,0,0.06095456109769221,0.05261994693223041,TRUE
JobSatisfaction,6,0,0.05553952588758322,0.07211847485982993,TRUE
JobSatisfaction,7,0,0.050605547481077894,0.0882469778598371,TRUE
JobSatisfaction,8,0,0.04610989011759219,0.1034412985924886,TRUE
JobSatisfaction,9,0,0.04201361456372766,0.12122984693327349,TRUE
MonthlyIncome,1,0,0.08843463142112093,1.8248719679534334e-14,TRUE
MonthlyIncome,2,0,0.08057834250172598,0.010959272441944048,TRUE
MonthlyIncome,3,0,0.07341998463709051,0.019785171154912424,TRUE
MonthlyIncome,4,0,0.06689755555588826,0.03433078365603433,TRUE
MonthlyIncome,5,0,0.06095456109769221,0.05261994693223041,TRUE
MonthlyIncome,6,0,0.05553952588758322,0.07211847485982993,TRUE
MonthlyIncome,7,0,0.050605547481077894,0.0882469778598371,TRUE
MonthlyIncome,8,0,0.04610989011759219,0.1034412985924886,TRUE
MonthlyIncome,9,0,0.04201361456372766,0.12122984693327349,TRUE
MonthlyIncome,10,0,0.03828124084025995,0.13775092749853907,TRUE
MonthlyIncome,11,0,0.034880440911532085,0.15481153123299363,TRUE
MonthlyIncome,12,0,0.031781758675475044,0.16936306332044584,TRUE
MonthlyIncome,13,0,0.0289583548289432,0.18266092804591583,TRUE
MonthlyIncome,14,0,0.026385774398510174,0.1952692822849756,TRUE
MonthlyIncome,15,0,0.024041734923188045,0.2070706336595344,TRUE
MonthlyIncome,16,0,0.02190593345441003,0.22107063158727136,TRUE
MonthlyIncome,17,0,0.019959870701602742,0.233847881404585,TRUE
MonthlyIncome,18,0,0.01818669080018116,0.2461592743020809,TRUE
MonthlyIncome,19,0,0.01657103531411328,0.2571489104307527,TRUE
MonthlyIncome,20,0,0.015098910208494557,0.267416834480004,TRUE
MonthlyIncome,21,0,0.013757564639912196,0.2764829300150446,TRUE
MonthlyIncome,40,0,0.0023489014410703257,0.3544208048178532,TRUE
MonthlyIncome,41,0,0.0021402315108892825,0.3555273047101022,TRUE
MonthlyIncome,42,0,0.0019500992421870964,0.35649079975133047,TRUE
MonthlyIncome,43,0,0.0017768578002099217,0.3573786498837732,TRUE
MonthlyIncome,44,0,0.0016190066504645777,0.3580922440439754,TRUE
MonthlyIncome,45,0,0.0014751785618066112,0.3586547794074863,TRUE
MonthlyIncome,46,0,0.0013441277641381955,0.35914304206841974,TRUE
MonthlyIncome,47,0,0.0012247191581435085,0.35955046616960523,TRUE
MonthlyIncome,48,0,0.001115918483601481,0.35990150955566197,TRUE
MonthlyIncome,49,0,0.0010167833611185427,0.36019741991167054,TRUE
MonthlyIncome,50,0,9.264551296891421e-4,0.3604465777591454,TRUE
MonthlyIncome,51,0,8.441514093848918e-4,0.360657482061488,TRUE
MonthlyIncome,52,0,7.691593247539126e-4,0.36089874444188386,TRUE
MonthlyIncome,53,0,7.008293302347037e-4,0.3611437684821306,TRUE
MonthlyIncome,54,0,6.38569584103225e-4,0.36135790900066234,TRUE
MonthlyIncome,55,0,5.818408222230162e-4,0.36154523797689503,TRUE
MonthlyIncome,56,0,5.301516871972259e-4,0.3617050028673343,TRUE
MonthlyIncome,57,0,4.8305447246590105e-4,0.3618447451426575,TRUE
MonthlyIncome,58,0,4.401412444859441e-4,0.3619648237246643,TRUE
MonthlyIncome,59,0,4.010403094059142e-4,0.36206703725293354,TRUE
MonthlyIncome,60,0,3.6541299363170135e-4,0.36215676891571624,TRUE
MonthlyIncome,61,0,3.3295071039787273e-4,0.36223300246037204,TRUE
MonthlyIncome,62,0,3.033722869367358e-4,0.36229920518149916,TRUE
MonthlyIncome,63,0,2.7642152909433524e-4,0.36235666718114795,TRUE
MonthlyIncome,64,0,2.518650022992524e-4,0.3624065585818234,TRUE
MonthlyIncome,65,0,2.2949000966402086e-4,0.36244920610102305,TRUE
MonthlyIncome,66,0,2.091027497064395e-4,0.3624872676029919,TRUE
MonthlyIncome,67,0,1.9052663773384671e-4,0.3625197570378639,TRUE
MonthlyIncome,68,0,1.7360077635098916e-4,0.36254830031139806,TRUE
MonthlyRate,1,0,0.08843463142112093,1.8248719679534334e-14,TRUE
MonthlyRate,2,0,0.08057834250172598,0.010959272441944048,TRUE
MonthlyRate,3,0,0.07341998463709051,0.019785171154912424,TRUE
MonthlyRate,4,0,0.06689755555588826,0.03433078365603433,TRUE
MonthlyRate,5,0,0.06095456109769221,0.05261994693223041,TRUE
MonthlyRate,6,0,0.05553952588758322,0.07211847485982993,TRUE
MonthlyRate,7,0,0.050605547481077894,0.0882469778598371,TRUE
MonthlyRate,8,0,0.04610989011759219,0.1034412985924886,TRUE
MonthlyRate,9,0,0.04201361456372766,0.12122984693327349,TRUE
MonthlyRate,10,0,0.03828124084025995,0.13775092749853907,TRUE
MonthlyRate,11,0,0.034880440911532085,0.15481153123299363,TRUE
MonthlyRate,12,0,0.031781758675475044,0.16936306332044584,TRUE
MonthlyRate,13,0,0.0289583548289432,0.18266092804591583,TRUE
MonthlyRate,14,0,0.026385774398510174,0.1952692822849756,TRUE
MonthlyRate,15,0,0.024041734923188045,0.2070706336595344,TRUE
MonthlyRate,16,0,0.02190593345441003,0.22107063158727136,TRUE
MonthlyRate,17,0,0.019959870701602742,0.233847881404585,TRUE
MonthlyRate,18,0,0.01818669080018116,0.2461592743020809,TRUE
MonthlyRate,19,0,0.01657103531411328,0.2571489104307527,TRUE
MonthlyRate,20,0,0.015098910208494557,0.267416834480004,TRUE
MonthlyRate,21,0,0.013757564639912196,0.2764829300150446,TRUE
MonthlyRate,22,0,0.012535380514739396,0.2855493376091368,TRUE
MonthlyRate,23,0,0.011421771858766349,0.2942639657578007,TRUE
MonthlyRate,24,0,0.010407093126555881,0.3021444898547104,TRUE
MonthlyRate,25,0,0.009482555656343221,0.30912643060277756,TRUE
MonthlyRate,26,0,0.008640151546852212,0.31520186901440195,TRUE
MonthlyRate,27,0,0.00787258429668537,0.32048983943872644,TRUE
MonthlyRate,28,0,0.007173205605519361,0.32502019508517654,TRUE
MonthlyRate,29,0,0.006535957789708099,0.32898564101346683,TRUE
MonthlyRate,30,0,0.005955321313524932,0.33240183691285996,TRUE
MonthlyRate,31,0,0.005426266981584693,0.3353812302958474,TRUE
MonthlyRate,32,0,0.004944212378359185,0.3380382502464125,TRUE
MonthlyRate,33,0,0.004504982177486073,0.3404811824761014,TRUE
MonthlyRate,34,0,0.004104771977089369,0.3430603406008423,TRUE
MonthlyRate,35,0,0.003740115347870375,0.34574142870576036,TRUE
MonthlyRate,36,0,0.0034078538085554125,0.34802699349455446,TRUE
MonthlyRate,37,0,0.0031051094686420167,0.34997705365388615,TRUE
MonthlyRate,38,0,0.002829260101488162,0.3516394155159863,TRUE
MonthlyRate,39,0,0.002577916431839543,0.3531202433337982,TRUE
MonthlyRate,40,0,0.0023489014410703257,0.3544208048178532,TRUE
MonthlyRate,41,0,0.0021402315108892825,0.3555273047101022,TRUE
MonthlyRate,42,0,0.0019500992421870964,0.35649079975133047,TRUE
MonthlyRate,43,0,0.0017768578002099217,0.3573786498837732,TRUE
MonthlyRate,44,0,0.0016190066504645777,0.3580922440439754,TRUE
MonthlyRate,45,0,0.0014751785618066112,0.3586547794074863,TRUE
MonthlyRate,46,0,0.0013441277641381955,0.35914304206841974,TRUE
NumCompaniesWorked,1,0,0.08843463142112093,1.8248719679534334e-14,TRUE
NumCompaniesWorked,2,0,0.08057834250172598,0.010959272441944048,TRUE
NumCompaniesWorked,3,0,0.07341998463709051,0.019785171154912424,TRUE
NumCompaniesWorked,4,0,0.06689755555588826,0.03433078365603433,TRUE
NumCompaniesWorked,5,0,0.06095456109769221,0.05261994693223041,TRUE
NumCompaniesWorked,6,0,0.05553952588758322,0.07211847485982993,TRUE
NumCompaniesWorked,7,0,0.050605547481077894,0.0882469778598371,TRUE
NumCompaniesWorked,8,0,0.04610989011759219,0.1034412985924886,TRUE
NumCompaniesWorked,9,0,0.04201361456372766,0.12122984693327349,TRUE
NumCompaniesWorked,10,0,0.03828124084025995,0.13775092749853907,TRUE
NumCompaniesWorked,11,0,0.034880440911532085,0.15481153123299363,TRUE
NumCompaniesWorked,12,0,0.031781758675475044,0.16936306332044584,TRUE
NumCompaniesWorked,13,0,0.0289583548289432,0.18266092804591583,TRUE
NumCompaniesWorked,14,0,0.026385774398510174,0.1952692822849756,TRUE
PercentSalaryHike,1,0,0.08843463142112093,1.8248719679534334e-14,TRUE
PercentSalaryHike,2,0,0.08057834250172598,0.010959272441944048,TRUE
PercentSalaryHike,3,0,0.07341998463709051,0.019785171154912424,TRUE
PercentSalaryHike,4,0,0.06689755555588826,0.03433078365603433,TRUE
PercentSalaryHike,5,0,0.06095456109769221,0.05261994693223041,TRUE
PercentSalaryHike,6,0,0.05553952588758322,0.07211847485982993,TRUE
PercentSalaryHike,7,0,0.050605547481077894,0.0882469778598371,TRUE
PercentSalaryHike,8,0,0.04610989011759219,0.1034412985924886,TRUE
PercentSalaryHike,9,0,0.04201361456372766,0.12122984693327349,TRUE
PercentSalaryHike,10,0,0.03828124084025995,0.13775092749853907,TRUE
PercentSalaryHike,11,0,0.034880440911532085,0.15481153123299363,TRUE
PercentSalaryHike,12,0,0.031781758675475044,0.16936306332044584,TRUE
PercentSalaryHike,13,0,0.0289583548289432,0.18266092804591583,TRUE
PercentSalaryHike,14,0,0.026385774398510174,0.1952692822849756,TRUE
PercentSalaryHike,15,0,0.024041734923188045,0.2070706336595344,TRUE
PercentSalaryHike,16,0,0.02190593345441003,0.22107063158727136,TRUE
PercentSalaryHike,17,0,0.019959870701602742,0.233847881404585,TRUE
PercentSalaryHike,18,0,0.01818669080018116,0.2461592743020809,TRUE
PercentSalaryHike,19,0,0.01657103531411328,0.2571489104307527,TRUE
PercentSalaryHike,20,0,0.015098910208494557,0.267416834480004,TRUE
PercentSalaryHike,21,0,0.013757564639912196,0.2764829300150446,TRUE
PercentSalaryHike,22,0,0.012535380514739396,0.2855493376091368,TRUE
PercentSalaryHike,23,0,0.011421771858766349,0.2942639657578007,TRUE
PercentSalaryHike,24,0,0.010407093126555881,0.3021444898547104,TRUE
PercentSalaryHike,25,0,0.009482555656343221,0.30912643060277756,TRUE
PercentSalaryHike,26,0,0.008640151546852212,0.31520186901440195,TRUE
PercentSalaryHike,27,0,0.00787258429668537,0.32048983943872644,TRUE
PercentSalaryHike,28,0,0.007173205605519361,0.32502019508517654,TRUE
PercentSalaryHike,29,0,0.006535957789708099,0.32898564101346683,TRUE
PercentSalaryHike,30,0,0.005955321313524932,0.33240183691285996,TRUE
PercentSalaryHike,31,0,0.005426266981584693,0.3353812302958474,TRUE
PercentSalaryHike,32,0,0.004944212378359185,0.3380382502464125,TRUE
PercentSalaryHike,33,0,0.004504982177486073,0.3404811824761014,TRUE
PercentSalaryHike,34,0,0.004104771977089369,0.3430603406008423,TRUE
PercentSalaryHike,35,0,0.003740115347870375,0.34574142870576036,TRUE
PercentSalaryHike,36,0,0.0034078538085554125,0.34802699349455446,TRUE
PercentSalaryHike,37,0,0.0031051094686420167,0.34997705365388615,TRUE
PercentSalaryHike,38,0,0.002829260101488162,0.3516394155159863,TRUE
PerformanceRating,1,0,0.08843463142112093,1.8248719679534334e-14,TRUE
PerformanceRating,2,0,0.08057834250172598,0.010959272441944048,TRUE
PerformanceRating,3,0,0.07341998463709051,0.019785171154912424,TRUE
PerformanceRating,4,0,0.06689755555588826,0.03433078365603433,TRUE
PerformanceRating,5,0,0.06095456109769221,0.05261994693223041,TRUE
PerformanceRating,6,0,0.05553952588758322,0.07211847485982993,TRUE
PerformanceRating,7,0,0.050605547481077894,0.0882469778598371,TRUE
PerformanceRating,8,0,0.04610989011759219,0.1034412985924886,TRUE
PerformanceRating,9,0,0.04201361456372766,0.12122984693327349,TRUE
PerformanceRating,10,0,0.03828124084025995,0.13775092749853907,TRUE
PerformanceRating,11,0,0.034880440911532085,0.15481153123299363,TRUE
PerformanceRating,12,0,0.031781758675475044,0.16936306332044584,TRUE
PerformanceRating,13,0,0.0289583548289432,0.18266092804591583,TRUE
PerformanceRating,14,0,0.026385774398510174,0.1952692822849756,TRUE
PerformanceRating,15,0,0.024041734923188045,0.2070706336595344,TRUE
PerformanceRating,16,0,0.02190593345441003,0.22107063158727136,TRUE
PerformanceRating,17,0,0.019959870701602742,0.233847881404585,TRUE
PerformanceRating,18,0,0.01818669080018116,0.2461592743020809,TRUE
PerformanceRating,19,0,0.01657103531411328,0.2571489104307527,TRUE
PerformanceRating,20,0,0.015098910208494557,0.267416834480004,TRUE
PerformanceRating,21,0,0.013757564639912196,0.2764829300150446,TRUE
PerformanceRating,22,0,0.012535380514739396,0.2855493376091368,TRUE
PerformanceRating,23,0,0.011421771858766349,0.2942639657578007,TRUE
PerformanceRating,24,0,0.010407093126555881,0.3021444898547104,TRUE
PerformanceRating,25,0,0.009482555656343221,0.30912643060277756,TRUE
PerformanceRating,26,0,0.008640151546852212,0.31520186901440195,TRUE
PerformanceRating,27,0,0.00787258429668537,0.32048983943872644,TRUE
PerformanceRating,28,0,0.007173205605519361,0.32502019508517654,TRUE
PerformanceRating,29,0,0.006535957789708099,0.32898564101346683,TRUE
PerformanceRating,30,0,0.005955321313524932,0.33240183691285996,TRUE
PerformanceRating,31,0,0.005426266981584693,0.3353812302958474,TRUE
PerformanceRating,32,0,0.004944212378359185,0.3380382502464125,TRUE
RelationshipSatisfaction,1,0,0.08843463142112093,1.8248719679534334e-14,TRUE
RelationshipSatisfaction,2,0,0.08057834250172598,0.010959272441944048,TRUE
RelationshipSatisfaction,3,0,0.07341998463709051,0.019785171154912424,TRUE
RelationshipSatisfaction,4,0,0.06689755555588826,0.03433078365603433,TRUE
RelationshipSatisfaction,5,0,0.06095456109769221,0.05261994693223041,TRUE
RelationshipSatisfaction,6,0,0.05553952588758322,0.07211847485982993,TRUE
RelationshipSatisfaction,7,0,0.050605547481077894,0.0882469778598371,TRUE
RelationshipSatisfaction,8,0,0.04610989011759219,0.1034412985924886,TRUE
RelationshipSatisfaction,9,0,0.04201361456372766,0.12122984693327349,TRUE
RelationshipSatisfaction,10,0,0.03828124084025995,0.13775092749853907,TRUE
RelationshipSatisfaction,11,0,0.034880440911532085,0.15481153123299363,TRUE
RelationshipSatisfaction,12,0,0.031781758675475044,0.16936306332044584,TRUE
RelationshipSatisfaction,13,0,0.0289583548289432,0.18266092804591583,TRUE
RelationshipSatisfaction,14,0,0.026385774398510174,0.1952692822849756,TRUE
StockOptionLevel,1,0,0.08843463142112093,1.8248719679534334e-14,TRUE
StockOptionLevel,2,0,0.08057834250172598,0.010959272441944048,TRUE
StockOptionLevel,3,0,0.07341998463709051,0.019785171154912424,TRUE
StockOptionLevel,4,0,0.06689755555588826,0.03433078365603433,TRUE
StockOptionLevel,5,0,0.06095456109769221,0.05261994693223041,TRUE
StockOptionLevel,6,0,0.05553952588758322,0.07211847485982993,TRUE
StockOptionLevel,7,0,0.050605547481077894,0.0882469778598371,TRUE
StockOptionLevel,8,0,0.04610989011759219,0.1034412985924886,TRUE
StockOptionLevel,9,0,0.04201361456372766,0.12122984693327349,TRUE
StockOptionLevel,10,0,0.03828124084025995,0.13775092749853907,TRUE
TotalWorkingYears,1,0,0.08843463142112093,1.8248719679534334e-14,TRUE
TotalWorkingYears,2,0,0.08057834250172598,0.010959272441944048,TRUE
TotalWorkingYears,3,0,0.07341998463709051,0.019785171154912424,TRUE
TotalWorkingYears,4,0,0.06689755555588826,0.03433078365603433,TRUE
TotalWorkingYears,10,0,0.03828124084025995,0.13775092749853907,TRUE
TotalWorkingYears,11,0,0.034880440911532085,0.15481153123299363,TRUE
TotalWorkingYears,12,0,0.031781758675475044,0.16936306332044584,TRUE
TotalWorkingYears,13,0,0.0289583548289432,0.18266092804591583,TRUE
TotalWorkingYears,14,0,0.026385774398510174,0.1952692822849756,TRUE
TotalWorkingYears,15,0,0.024041734923188045,0.2070706336595344,TRUE
TotalWorkingYears,16,0,0.02190593345441003,0.22107063158727136,TRUE
TrainingTimesLastYear,1,0,0.08843463142112093,1.8248719679534334e-14,TRUE
TrainingTimesLastYear,2,0,0.08057834250172598,0.010959272441944048,TRUE
TrainingTimesLastYear,3,0,0.07341998463709051,0.019785171154912424,TRUE
TrainingTimesLastYear,4,0,0.06689755555588826,0.03433078365603433,TRUE
TrainingTimesLastYear,5,0,0.06095456109769221,0.05261994693223041,TRUE
TrainingTimesLastYear,6,0,0.05553952588758322,0.07211847485982993,TRUE
TrainingTimesLastYear,7,0,0.050605547481077894,0.0882469778598371,TRUE
TrainingTimesLastYear,8,0,0.04610989011759219,0.1034412985924886,TRUE
TrainingTimesLastYear,9,0,0.04201361456372766,0.12122984693327349,TRUE
TrainingTimesLastYear,10,0,0.03828124084025995,0.13775092749853907,TRUE
TrainingTimesLastYear,11,0,0.034880440911532085,0.15481153123299363,TRUE
TrainingTimesLastYear,12,0,0.031781758675475044,0.16936306332044584,TRUE
TrainingTimesLastYear,13,0,0.0289583548289432,0.18266092804591583,TRUE
TrainingTimesLastYear,14,0,0.026385774398510174,0.1952692822849756,TRUE
TrainingTimesLastYear,15,0,0.024041734923188045,0.2070706336595344,TRUE
TrainingTimesLastYear,16,0,0.02190593345441003,0.22107063158727136,TRUE
TrainingTimesLastYear,17,0,0.019959870701602742,0.233847881404585,TRUE
WorkLifeBalance,1,0,0.08843463142112093,1.8248719679534334e-14,TRUE
WorkLifeBalance,2,0,0.08057834250172598,0.010959272441944048,TRUE
WorkLifeBalance,3,0,0.07341998463709051,0.019785171154912424,TRUE
WorkLifeBalance,4,0,0.06689755555588826,0.03433078365603433,TRUE
WorkLifeBalance,5,0,0.06095456109769221,0.05261994693223041,TRUE
WorkLifeBalance,6,0,0.05553952588758322,0.07211847485982993,TRUE
WorkLifeBalance,7,0,0.050605547481077894,0.0882469778598371,TRUE
WorkLifeBalance,8,0,0.04610989011759219,0.1034412985924886,TRUE
WorkLifeBalance,9,0,0.04201361456372766,0.12122984693327349,TRUE
WorkLifeBalance,10,0,0.03828124084025995,0.13775092749853907,TRUE
WorkLifeBalance,11,0,0.034880440911532085,0.15481153123299363,TRUE
WorkLifeBalance,12,0,0.031781758675475044,0.16936306332044584,TRUE
WorkLifeBalance,13,0,0.0289583548289432,0.18266092804591583,TRUE
WorkLifeBalance,14,0,0.026385774398510174,0.1952692822849756,TRUE
WorkLifeBalance,15,0,0.024041734923188045,0.2070706336595344,TRUE
WorkLifeBalance,16,0,0.02190593345441003,0.22107063158727136,TRUE
YearsAtCompany,1,0,0.08843463142112093,1.8248719679534334e-14,TRUE
YearsAtCompany,2,0,0.08057834250172598,0.010959272441944048,TRUE
YearsAtCompany,3,0,0.07341998463709051,0.019785171154912424,TRUE
YearsAtCompany,4,0,0.06689755555588826,0.03433078365603433,TRUE
YearsAtCompany,5,0,0.06095456109769221,0.05261994693223041,TRUE
YearsAtCompany,6,0,0.05553952588758322,0.07211847485982993,TRUE
YearsAtCompany,7,0,0.050605547481077894,0.0882469778598371,TRUE
YearsAtCompany,8,0,0.04610989011759219,0.1034412985924886,TRUE
YearsAtCompany,9,0,0.04201361456372766,0.12122984693327349,TRUE
YearsAtCompany,10,0,0.03828124084025995,0.13775092749853907,TRUE
YearsAtCompany,11,0,0.034880440911532085,0.15481153123299363,TRUE
YearsAtCompany,12,0,0.031781758675475044,0.16936306332044584,TRUE
YearsAtCompany,13,0,0.0289583548289432,0.18266092804591583,TRUE
YearsAtCompany,14,0,0.026385774398510174,0.1952692822849756,TRUE
YearsAtCompany,15,0,0.024041734923188045,0.2070706336595344,TRUE
YearsAtCompany,16,0,0.02190593345441003,0.22107063158727136,TRUE
YearsAtCompany,17,0,0.019959870701602742,0.233847881404585,TRUE
YearsAtCompany,18,0,0.01818669080018116,0.2461592743020809,TRUE
YearsAtCompany,19,0,0.01657103531411328,0.2571489104307527,TRUE
YearsAtCompany,20,0,0.015098910208494557,0.267416834480004,TRUE
YearsAtCompany,21,0,0.013757564639912196,0.2764829300150446,TRUE
YearsAtCompany,22,0,0.012535380514739396,0.2855493376091368,TRUE
YearsAtCompany,23,0,0.011421771858766349,0.2942639657578007,TRUE
YearsAtCompany,24,0,0.010407093126555881,0.3021444898547104,TRUE
YearsAtCompany,25,0,0.009482555656343221,0.30912643060277756,TRUE
YearsAtCompany,26,0,0.008640151546852212,0.31520186901440195,TRUE
YearsAtCompany,27,0,0.00787258429668537,0.32048983943872644,TRUE
YearsAtCompany,28,0,0.007173205605519361,0.32502019508517654,TRUE
YearsAtCompany,29,0,0.006535957789708099,0.32898564101346683,TRUE
YearsAtCompany,30,0,0.005955321313524932,0.33240183691285996,TRUE
YearsAtCompany,31,0,0.005426266981584693,0.3353812302958474,TRUE
YearsAtCompany,32,0,0.004944212378359185,0.3380382502464125,TRUE
YearsAtCompany,33,0,0.004504982177486073,0.3404811824761014,TRUE
YearsInCurrentRole,1,0,0.08843463142112093,1.8248719679534334e-14,TRUE
YearsInCurrentRole,2,0,0.08057834250172598,0.010959272441944048,TRUE
YearsInCurrentRole,3,0,0.07341998463709051,0.019785171154912424,TRUE
YearsInCurrentRole,4,0,0.06689755555588826,0.03433078365603433,TRUE
YearsSinceLastPromotion,1,0,0.08843463142112093,1.8248719679534334e-14,TRUE
YearsSinceLastPromotion,2,0,0.08057834250172598,0.010959272441944048,TRUE
YearsSinceLastPromotion,3,0,0.07341998463709051,0.019785171154912424,TRUE
YearsSinceLastPromotion,4,0,0.06689755555588826,0.03433078365603433,TRUE
YearsSinceLastPromotion,5,0,0.06095456109769221,0.05261994693223041,TRUE
YearsSinceLastPromotion,6,0,0.05553952588758322,0.07211847485982993,TRUE
YearsSinceLastPromotion,7,0,0.050605547481077894,0.0882469778598371,TRUE
YearsSinceLastPromotion,8,0,0.04610989011759219,0.1034412985924886,TRUE
YearsSinceLastPromotion,9,0,0.04201361456372766,0.12122984693327349,TRUE
YearsSinceLastPromotion,10,0,0.03828124084025995,0.13775092749853907,TRUE
YearsSinceLastPromotion,11,0,0.034880440911532085,0.15481153123299363,TRUE
YearsSinceLastPromotion,12,0,0.031781758675475044,0.16936306332044584,TRUE
YearsSinceLastPromotion,13,0,0.0289583548289432,0.18266092804591583,TRUE
YearsSinceLastPromotion,14,0,0.026385774398510174,0.1952692822849756,TRUE
YearsSinceLastPromotion,15,0,0.024041734923188045,0.2070706336595344,TRUE
YearsSinceLastPromotion,16,0,0.02190593345441003,0.22107063158727136,TRUE
YearsSinceLastPromotion,17,0,0.019959870701602742,0.233847881404585,TRUE
YearsSinceLastPromotion,18,0,0.01818669080018116,0.2461592743020809,TRUE
YearsSinceLastPromotion,19,0,0.01657103531411328,0.2571489104307527,TRUE
YearsSinceLastPromotion,20,0,0.015098910208494557,0.267416834480004,TRUE
YearsSinceLastPromotion,21,0,0.013757564639912196,0.2764829300150446,TRUE
YearsWithCurrManager,1,0,0.08843463142112093,1.8248719679534334e-14,TRUE
YearsWithCurrManager,2,0,0.08057834250172598,0.010959272441944048,TRUE
YearsWithCurrManager,3,0,0.07341998463709051,0.019785171154912424,TRUE
YearsWithCurrManager,4,0,0.06689755555588826,0.03433078365603433,TRUE
BusinessTravel_Non.Travel,1,0,0.08843463142112093,1.8248719679534334e-14,TRUE
BusinessTravel_Non.Travel,2,0,0.08057834250172598,0.010959272441944048,TRUE
BusinessTravel_Non.Travel,3,0,0.07341998463709051,0.019785171154912424,TRUE
BusinessTravel_Non.Travel,4,0,0.06689755555588826,0.03433078365603433,TRUE
BusinessTravel_Non.Travel,5,0,0.06095456109769221,0.05261994693223041,TRUE
BusinessTravel_Non.Travel,6,0,0.05553952588758322,0.07211847485982993,TRUE
BusinessTravel_Non.Travel,7,0,0.050605547481077894,0.0882469778598371,TRUE
BusinessTravel_Non.Travel,8,0,0.04610989011759219,0.1034412985924886,TRUE
BusinessTravel_Non.Travel,9,0,0.04201361456372766,0.12122984693327349,TRUE
BusinessTravel_Non.Travel,10,0,0.03828124084025995,0.13775092749853907,TRUE
BusinessTravel_Non.Travel,11,0,0.034880440911532085,0.15481153123299363,TRUE
BusinessTravel_Non.Travel,12,0,0.031781758675475044,0.16936306332044584,TRUE
BusinessTravel_Non.Travel,13,0,0.0289583548289432,0.18266092804591583,TRUE
BusinessTravel_Non.Travel,14,0,0.026385774398510174,0.1952692822849756,TRUE
BusinessTravel_Travel_Frequently,1,0,0.08843463142112093,1.8248719679534334e-14,TRUE
BusinessTravel_Travel_Frequently,2,0,0.08057834250172598,0.010959272441944048,TRUE
BusinessTravel_Travel_Frequently,3,0,0.07341998463709051,0.019785171154912424,TRUE
BusinessTravel_Travel_Frequently,4,0,0.06689755555588826,0.03433078365603433,TRUE
BusinessTravel_Travel_Frequently,5,0,0.06095456109769221,0.05261994693223041,TRUE
BusinessTravel_Travel_Frequently,6,0,0.05553952588758322,0.07211847485982993,TRUE
BusinessTravel_Travel_Frequently,7,0,0.050605547481077894,0.0882469778598371,TRUE
BusinessTravel_Travel_Frequently,8,0,0.04610989011759219,0.1034412985924886,TRUE
BusinessTravel_Travel_Frequently,9,0,0.04201361456372766,0.12122984693327349,TRUE
BusinessTravel_Travel_Rarely,1,0,0.08843463142112093,1.8248719679534334e-14,TRUE
BusinessTravel_Travel_Rarely,2,0,0.08057834250172598,0.010959272441944048,TRUE
BusinessTravel_Travel_Rarely,3,0,0.07341998463709051,0.019785171154912424,TRUE
BusinessTravel_Travel_Rarely,4,0,0.06689755555588826,0.03433078365603433,TRUE
BusinessTravel_Travel_Rarely,5,0,0.06095456109769221,0.05261994693223041,TRUE
BusinessTravel_Travel_Rarely,6,0,0.05553952588758322,0.07211847485982993,TRUE
BusinessTravel_Travel_Rarely,7,0,0.050605547481077894,0.0882469778598371,TRUE
BusinessTravel_Travel_Rarely,8,0,0.04610989011759219,0.1034412985924886,TRUE
BusinessTravel_Travel_Rarely,9,0,0.04201361456372766,0.12122984693327349,TRUE
BusinessTravel_Travel_Rarely,10,0,0.03828124084025995,0.13775092749853907,TRUE
BusinessTravel_Travel_Rarely,11,0,0.034880440911532085,0.15481153123299363,TRUE
BusinessTravel_Travel_Rarely,12,0,0.031781758675475044,0.16936306332044584,TRUE
BusinessTravel_Travel_Rarely,13,0,0.0289583548289432,0.18266092804591583,TRUE
BusinessTravel_Travel_Rarely,14,0,0.026385774398510174,0.1952692822849756,TRUE
BusinessTravel_Travel_Rarely,15,0,0.024041734923188045,0.2070706336595344,TRUE
BusinessTravel_Travel_Rarely,16,0,0.02190593345441003,0.22107063158727136,TRUE
BusinessTravel_Travel_Rarely,17,0,0.019959870701602742,0.233847881404585,TRUE
BusinessTravel_Travel_Rarely,18,0,0.01818669080018116,0.2461592743020809,TRUE
BusinessTravel_Travel_Rarely,19,0,0.01657103531411328,0.2571489104307527,TRUE
BusinessTravel_Travel_Rarely,20,0,0.015098910208494557,0.267416834480004,TRUE
BusinessTravel_Travel_Rarely,21,0,0.013757564639912196,0.2764829300150446,TRUE
BusinessTravel_Travel_Rarely,22,0,0.012535380514739396,0.2855493376091368,TRUE
BusinessTravel_Travel_Rarely,23,0,0.011421771858766349,0.2942639657578007,TRUE
BusinessTravel_Travel_Rarely,24,0,0.010407093126555881,0.3021444898547104,TRUE
BusinessTravel_Travel_Rarely,25,0,0.009482555656343221,0.30912643060277756,TRUE
BusinessTravel_Travel_Rarely,26,0,0.008640151546852212,0.31520186901440195,TRUE
BusinessTravel_Travel_Rarely,27,0,0.00787258429668537,0.32048983943872644,TRUE
BusinessTravel_Travel_Rarely,28,0,0.007173205605519361,0.32502019508517654,TRUE
BusinessTravel_Travel_Rarely,29,0,0.006535957789708099,0.32898564101346683,TRUE
BusinessTravel_Travel_Rarely,30,0,0.005955321313524932,0.33240183691285996,TRUE
BusinessTravel_Travel_Rarely,31,0,0.005426266981584693,0.3353812302958474,TRUE
BusinessTravel_Travel_Rarely,32,0,0.004944212378359185,0.3380382502464125,TRUE
BusinessTravel_Travel_Rarely,33,0,0.004504982177486073,0.3404811824761014,TRUE
BusinessTravel_Travel_Rarely,34,0,0.004104771977089369,0.3430603406008423,TRUE
BusinessTravel_Travel_Rarely,35,0,0.003740115347870375,0.34574142870576036,TRUE
BusinessTravel_Travel_Rarely,36,0,0.0034078538085554125,0.34802699349455446,TRUE
BusinessTravel_Travel_Rarely,37,0,0.0031051094686420167,0.34997705365388615,TRUE
BusinessTravel_Travel_Rarely,38,0,0.002829260101488162,0.3516394155159863,TRUE
BusinessTravel_Travel_Rarely,39,0,0.002577916431839543,0.3531202433337982,TRUE
BusinessTravel_Travel_Rarely,40,0,0.0023489014410703257,0.3544208048178532,TRUE
BusinessTravel_Travel_Rarely,41,0,0.0021402315108892825,0.3555273047101022,TRUE
BusinessTravel_Travel_Rarely,42,0,0.0019500992421870964,0.35649079975133047,TRUE
BusinessTravel_Travel_Rarely,43,0,0.0017768578002099217,0.3573786498837732,TRUE
BusinessTravel_Travel_Rarely,44,0,0.0016190066504645777,0.3580922440439754,TRUE
BusinessTravel_Travel_Rarely,45,0,0.0014751785618066112,0.3586547794074863,TRUE
BusinessTravel_Travel_Rarely,46,0,0.0013441277641381955,0.35914304206841974,TRUE
BusinessTravel_Travel_Rarely,47,0,0.0012247191581435085,0.35955046616960523,TRUE
BusinessTravel_Travel_Rarely,48,0,0.001115918483601481,0.35990150955566197,TRUE
BusinessTravel_Travel_Rarely,49,0,0.0010167833611185427,0.36019741991167054,TRUE
BusinessTravel_Travel_Rarely,50,0,9.264551296891421e-4,0.3604465777591454,TRUE
BusinessTravel_Travel_Rarely,51,0,8.441514093848918e-4,0.360657482061488,TRUE
BusinessTravel_Travel_Rarely,52,0,7.691593247539126e-4,0.36089874444188386,TRUE
BusinessTravel_Travel_Rarely,53,0,7.008293302347037e-4,0.3611437684821306,TRUE
BusinessTravel_Travel_Rarely,54,0,6.38569584103225e-4,0.36135790900066234,TRUE
BusinessTravel_Travel_Rarely,55,0,5.818408222230162e-4,0.36154523797689503,TRUE
BusinessTravel_Travel_Rarely,56,0,5.301516871972259e-4,0.3617050028673343,TRUE
BusinessTravel_Travel_Rarely,57,0,4.8305447246590105e-4,0.3618447451426575,TRUE
BusinessTravel_Travel_Rarely,58,0,4.401412444859441e-4,0.3619648237246643,TRUE
BusinessTravel_Travel_Rarely,59,0,4.010403094059142e-4,0.36206703725293354,TRUE
BusinessTravel_Travel_Rarely,60,0,3.6541299363170135e-4,0.36215676891571624,TRUE
BusinessTravel_Travel_Rarely,61,0,3.3295071039787273e-4,0.36223300246037204,TRUE
BusinessTravel_Travel_Rarely,62,0,3.033722869367358e-4,0.36229920518149916,TRUE
BusinessTravel_Travel_Rarely,63,0,2.7642152909433524e-4,0.36235666718114795,TRUE
BusinessTravel_Travel_Rarely,64,0,2.518650022992524e-4,0.3624065585818234,TRUE
BusinessTravel_Travel_Rarely,65,0,2.2949000966402086e-4,0.36244920610102305,TRUE
BusinessTravel_Travel_Rarely,66,0,2.091027497064395e-4,0.3624872676029919,TRUE
BusinessTravel_Travel_Rarely,67,0,1.9052663773384671e-4,0.3625197570378639,TRUE
BusinessTravel_Travel_Rarely,68,0,1.7360077635098916e-4,0.36254830031139806,TRUE
BusinessTravel_Travel_Rarely,69,0,1.5817856184375593e-4,0.3625750312911191,TRUE
BusinessTravel_Travel_Rarely,70,0,1.44126414367941e-4,0.36260080226591646,TRUE
BusinessTravel_Travel_Rarely,71,0,1.3132262094453617e-4,0.36262407026953836,TRUE
BusinessTravel_Travel_Rarely,72,0,1.1965628124013325e-4,0.36264456462794475,TRUE
BusinessTravel_Travel_Rarely,73,0,1.0902634700128992e-4,0.36266258741432056,TRUE
BusinessTravel_Travel_Rarely,74,0,9.934074682289904e-5,0.3626780375238114,TRUE
BusinessTravel_Travel_Rarely,75,0,9.051558866972372e-5,0.36269178587982315,TRUE
BusinessTravel_Travel_Rarely,76,0,8.247443324372141e-5,0.36270362765985353,TRUE
BusinessTravel_Travel_Rarely,77,0,7.514763190341213e-5,0.36271390608341053,TRUE
BusinessTravel_Travel_Rarely,78,0,6.847172340066526e-5,0.3627231816245738,TRUE
Department_Human.Resources,1,0,0.08843463142112093,1.8248719679534334e-14,TRUE
Department_Human.Resources,2,0,0.08057834250172598,0.010959272441944048,TRUE
Department_Human.Resources,3,0,0.07341998463709051,0.019785171154912424,TRUE
Department_Human.Resources,4,0,0.06689755555588826,0.03433078365603433,TRUE
Department_Human.Resources,5,0,0.06095456109769221,0.05261994693223041,TRUE
Department_Human.Resources,6,0,0.05553952588758322,0.07211847485982993,TRUE
Department_Human.Resources,7,0,0.050605547481077894,0.0882469778598371,TRUE
Department_Human.Resources,8,0,0.04610989011759219,0.1034412985924886,TRUE
Department_Human.Resources,9,0,0.04201361456372766,0.12122984693327349,TRUE
Department_Human.Resources,10,0,0.03828124084025995,0.13775092749853907,TRUE
Department_Human.Resources,11,0,0.034880440911532085,0.15481153123299363,TRUE
Department_Human.Resources,12,0,0.031781758675475044,0.16936306332044584,TRUE
Department_Human.Resources,13,0,0.0289583548289432,0.18266092804591583,TRUE
Department_Human.Resources,14,0,0.026385774398510174,0.1952692822849756,TRUE
Department_Human.Resources,15,0,0.024041734923188045,0.2070706336595344,TRUE
Department_Human.Resources,16,0,0.02190593345441003,0.22107063158727136,TRUE
Department_Human.Resources,17,0,0.019959870701602742,0.233847881404585,TRUE
Department_Human.Resources,18,0,0.01818669080018116,0.2461592743020809,TRUE
Department_Human.Resources,19,0,0.01657103531411328,0.2571489104307527,TRUE
Department_Human.Resources,20,0,0.015098910208494557,0.267416834480004,TRUE
Department_Human.Resources,21,0,0.013757564639912196,0.2764829300150446,TRUE
Department_Human.Resources,22,0,0.012535380514739396,0.2855493376091368,TRUE
Department_Human.Resources,23,0,0.011421771858766349,0.2942639657578007,TRUE
Department_Human.Resources,24,0,0.010407093126555881,0.3021444898547104,TRUE
Department_Human.Resources,25,0,0.009482555656343221,0.30912643060277756,TRUE
Department_Human.Resources,26,0,0.008640151546852212,0.31520186901440195,TRUE
Department_Human.Resources,27,0,0.00787258429668537,0.32048983943872644,TRUE
Department_Human.Resources,28,0,0.007173205605519361,0.32502019508517654,TRUE
Department_Human.Resources,29,0,0.006535957789708099,0.32898564101346683,TRUE
Department_Human.Resources,30,0,0.005955321313524932,0.33240183691285996,TRUE
Department_Human.Resources,31,0,0.005426266981584693,0.3353812302958474,TRUE
Department_Human.Resources,32,0,0.004944212378359185,0.3380382502464125,TRUE
Department_Human.Resources,33,0,0.004504982177486073,0.3404811824761014,TRUE
Department_Human.Resources,34,0,0.004104771977089369,0.3430603406008423,TRUE
Department_Human.Resources,35,0,0.003740115347870375,0.34574142870576036,TRUE
Department_Human.Resources,36,0,0.0034078538085554125,0.34802699349455446,TRUE
Department_Human.Resources,37,0,0.0031051094686420167,0.34997705365388615,TRUE
Department_Human.Resources,38,0,0.002829260101488162,0.3516394155159863,TRUE
Department_Human.Resources,39,0,0.002577916431839543,0.3531202433337982,TRUE
Department_Human.Resources,40,0,0.0023489014410703257,0.3544208048178532,TRUE
Department_Human.Resources,41,0,0.0021402315108892825,0.3555273047101022,TRUE
Department_Human.Resources,42,0,0.0019500992421870964,0.35649079975133047,TRUE
Department_Human.Resources,43,0,0.0017768578002099217,0.3573786498837732,TRUE
Department_Human.Resources,44,0,0.0016190066504645777,0.3580922440439754,TRUE
Department_Human.Resources,45,0,0.0014751785618066112,0.3586547794074863,TRUE
Department_Human.Resources,46,0,0.0013441277641381955,0.35914304206841974,TRUE
Department_Human.Resources,47,0,0.0012247191581435085,0.35955046616960523,TRUE
Department_Human.Resources,48,0,0.001115918483601481,0.35990150955566197,TRUE
Department_Human.Resources,49,0,0.0010167833611185427,0.36019741991167054,TRUE
Department_Human.Resources,50,0,9.264551296891421e-4,0.3604465777591454,TRUE
Department_Human.Resources,51,0,8.441514093848918e-4,0.360657482061488,TRUE
Department_Research...Development,1,0,0.08843463142112093,1.8248719679534334e-14,TRUE
Department_Research...Development,2,0,0.08057834250172598,0.010959272441944048,TRUE
Department_Research...Development,3,0,0.07341998463709051,0.019785171154912424,TRUE
Department_Research...Development,4,0,0.06689755555588826,0.03433078365603433,TRUE
Department_Research...Development,5,0,0.06095456109769221,0.05261994693223041,TRUE
Department_Research...Development,6,0,0.05553952588758322,0.07211847485982993,TRUE
Department_Research...Development,7,0,0.050605547481077894,0.0882469778598371,TRUE
Department_Research...Development,8,0,0.04610989011759219,0.1034412985924886,TRUE
Department_Research...Development,9,0,0.04201361456372766,0.12122984693327349,TRUE
Department_Research...Development,10,0,0.03828124084025995,0.13775092749853907,TRUE
Department_Research...Development,11,0,0.034880440911532085,0.15481153123299363,TRUE
Department_Research...Development,12,0,0.031781758675475044,0.16936306332044584,TRUE
Department_Research...Development,13,0,0.0289583548289432,0.18266092804591583,TRUE
Department_Research...Development,14,0,0.026385774398510174,0.1952692822849756,TRUE
Department_Research...Development,44,0,0.0016190066504645777,0.3580922440439754,TRUE
Department_Research...Development,45,0,0.0014751785618066112,0.3586547794074863,TRUE
Department_Research...Development,46,0,0.0013441277641381955,0.35914304206841974,TRUE
Department_Research...Development,47,0,0.0012247191581435085,0.35955046616960523,TRUE
Department_Research...Development,48,0,0.001115918483601481,0.35990150955566197,TRUE
Department_Research...Development,49,0,0.0010167833611185427,0.36019741991167054,TRUE
Department_Research...Development,50,0,9.264551296891421e-4,0.3604465777591454,TRUE
Department_Research...Development,51,0,8.441514093848918e-4,0.360657482061488,TRUE
Department_Research...Development,52,0,7.691593247539126e-4,0.36089874444188386,TRUE
Department_Research...Development,53,0,7.008293302347037e-4,0.3611437684821306,TRUE
Department_Research...Development,54,0,6.38569584103225e-4,0.36135790900066234,TRUE
Department_Research...Development,55,0,5.818408222230162e-4,0.36154523797689503,TRUE
Department_Research...Development,56,0,5.301516871972259e-4,0.3617050028673343,TRUE
Department_Research...Development,57,0,4.8305447246590105e-4,0.3618447451426575,TRUE
Department_Research...Development,58,0,4.401412444859441e-4,0.3619648237246643,TRUE
Department_Research...Development,59,0,4.010403094059142e-4,0.36206703725293354,TRUE
Department_Research...Development,60,0,3.6541299363170135e-4,0.36215676891571624,TRUE
Department_Research...Development,61,0,3.3295071039787273e-4,0.36223300246037204,TRUE
Department_Research...Development,62,0,3.033722869367358e-4,0.36229920518149916,TRUE
Department_Research...Development,63,0,2.7642152909433524e-4,0.36235666718114795,TRUE
Department_Research...Development,64,0,2.518650022992524e-4,0.3624065585818234,TRUE
Department_Research...Development,65,0,2.2949000966402086e-4,0.36244920610102305,TRUE
Department_Research...Development,66,0,2.091027497064395e-4,0.3624872676029919,TRUE
Department_Research...Development,67,0,1.9052663773384671e-4,0.3625197570378639,TRUE
Department_Research...Development,68,0,1.7360077635098916e-4,0.36254830031139806,TRUE
Department_Research...Development,69,0,1.5817856184375593e-4,0.3625750312911191,TRUE
Department_Research...Development,70,0,1.44126414367941e-4,0.36260080226591646,TRUE
Department_Research...Development,71,0,1.3132262094453617e-4,0.36262407026953836,TRUE
Department_Research...Development,72,0,1.1965628124013325e-4,0.36264456462794475,TRUE
Department_Research...Development,73,0,1.0902634700128992e-4,0.36266258741432056,TRUE
Department_Research...Development,74,0,9.934074682289904e-5,0.3626780375238114,TRUE
Department_Research...Development,75,0,9.051558866972372e-5,0.36269178587982315,TRUE
Department_Research...Development,76,0,8.247443324372141e-5,0.36270362765985353,TRUE
Department_Research...Development,77,0,7.514763190341213e-5,0.36271390608341053,TRUE
Department_Research...Development,78,0,6.847172340066526e-5,0.3627231816245738,TRUE
Department_Sales,1,0,0.08843463142112093,1.8248719679534334e-14,TRUE
Department_Sales,2,0,0.08057834250172598,0.010959272441944048,TRUE
Department_Sales,3,0,0.07341998463709051,0.019785171154912424,TRUE
Department_Sales,4,0,0.06689755555588826,0.03433078365603433,TRUE
Department_Sales,5,0,0.06095456109769221,0.05261994693223041,TRUE
Department_Sales,6,0,0.05553952588758322,0.07211847485982993,TRUE
Department_Sales,7,0,0.050605547481077894,0.0882469778598371,TRUE
Department_Sales,8,0,0.04610989011759219,0.1034412985924886,TRUE
Department_Sales,9,0,0.04201361456372766,0.12122984693327349,TRUE
Department_Sales,10,0,0.03828124084025995,0.13775092749853907,TRUE
Department_Sales,11,0,0.034880440911532085,0.15481153123299363,TRUE
Department_Sales,12,0,0.031781758675475044,0.16936306332044584,TRUE
Department_Sales,13,0,0.0289583548289432,0.18266092804591583,TRUE
Department_Sales,14,0,0.026385774398510174,0.1952692822849756,TRUE
Department_Sales,15,0,0.024041734923188045,0.2070706336595344,TRUE
Department_Sales,16,0,0.02190593345441003,0.22107063158727136,TRUE
Department_Sales,17,0,0.019959870701602742,0.233847881404585,TRUE
Department_Sales,18,0,0.01818669080018116,0.2461592743020809,TRUE
Department_Sales,19,0,0.01657103531411328,0.2571489104307527,TRUE
Department_Sales,20,0,0.015098910208494557,0.267416834480004,TRUE
Department_Sales,21,0,0.013757564639912196,0.2764829300150446,TRUE
Department_Sales,22,0,0.012535380514739396,0.2855493376091368,TRUE
Department_Sales,23,0,0.011421771858766349,0.2942639657578007,TRUE
Department_Sales,24,0,0.010407093126555881,0.3021444898547104,TRUE
Department_Sales,25,0,0.009482555656343221,0.30912643060277756,TRUE
Department_Sales,26,0,0.008640151546852212,0.31520186901440195,TRUE
Department_Sales,27,0,0.00787258429668537,0.32048983943872644,TRUE
Department_Sales,28,0,0.007173205605519361,0.32502019508517654,TRUE
Department_Sales,29,0,0.006535957789708099,0.32898564101346683,TRUE
Department_Sales,30,0,0.005955321313524932,0.33240183691285996,TRUE
Department_Sales,31,0,0.005426266981584693,0.3353812302958474,TRUE
Department_Sales,32,0,0.004944212378359185,0.3380382502464125,TRUE
Department_Sales,33,0,0.004504982177486073,0.3404811824761014,TRUE
Department_Sales,34,0,0.004104771977089369,0.3430603406008423,TRUE
Department_Sales,35,0,0.003740115347870375,0.34574142870576036,TRUE
Department_Sales,36,0,0.0034078538085554125,0.34802699349455446,TRUE
Department_Sales,37,0,0.0031051094686420167,0.34997705365388615,TRUE
Department_Sales,38,0,0.002829260101488162,0.3516394155159863,TRUE
Department_Sales,39,0,0.002577916431839543,0.3531202433337982,TRUE
Department_Sales,40,0,0.0023489014410703257,0.3544208048178532,TRUE
EducationField_Human.Resources,1,0,0.08843463142112093,1.8248719679534334e-14,TRUE
EducationField_Human.Resources,2,0,0.08057834250172598,0.010959272441944048,TRUE
EducationField_Human.Resources,3,0,0.07341998463709051,0.019785171154912424,TRUE
EducationField_Human.Resources,4,0,0.06689755555588826,0.03433078365603433,TRUE
EducationField_Human.Resources,5,0,0.06095456109769221,0.05261994693223041,TRUE
EducationField_Human.Resources,6,0,0.05553952588758322,0.07211847485982993,TRUE
EducationField_Human.Resources,7,0,0.050605547481077894,0.0882469778598371,TRUE
EducationField_Human.Resources,8,0,0.04610989011759219,0.1034412985924886,TRUE
EducationField_Human.Resources,9,0,0.04201361456372766,0.12122984693327349,TRUE
EducationField_Human.Resources,10,0,0.03828124084025995,0.13775092749853907,TRUE
EducationField_Human.Resources,11,0,0.034880440911532085,0.15481153123299363,TRUE
EducationField_Human.Resources,12,0,0.031781758675475044,0.16936306332044584,TRUE
EducationField_Human.Resources,13,0,0.0289583548289432,0.18266092804591583,TRUE
EducationField_Human.Resources,14,0,0.026385774398510174,0.1952692822849756,TRUE
EducationField_Human.Resources,15,0,0.024041734923188045,0.2070706336595344,TRUE
EducationField_Human.Resources,16,0,0.02190593345441003,0.22107063158727136,TRUE
EducationField_Human.Resources,17,0,0.019959870701602742,0.233847881404585,TRUE
EducationField_Human.Resources,18,0,0.01818669080018116,0.2461592743020809,TRUE
EducationField_Life.Sciences,1,0,0.08843463142112093,1.8248719679534334e-14,TRUE
EducationField_Life.Sciences,2,0,0.08057834250172598,0.010959272441944048,TRUE
EducationField_Life.Sciences,3,0,0.07341998463709051,0.019785171154912424,TRUE
EducationField_Life.Sciences,4,0,0.06689755555588826,0.03433078365603433,TRUE
EducationField_Life.Sciences,5,0,0.06095456109769221,0.05261994693223041,TRUE
EducationField_Life.Sciences,6,0,0.05553952588758322,0.07211847485982993,TRUE
EducationField_Life.Sciences,7,0,0.050605547481077894,0.0882469778598371,TRUE
EducationField_Life.Sciences,8,0,0.04610989011759219,0.1034412985924886,TRUE
EducationField_Life.Sciences,9,0,0.04201361456372766,0.12122984693327349,TRUE
EducationField_Life.Sciences,10,0,0.03828124084025995,0.13775092749853907,TRUE
EducationField_Life.Sciences,11,0,0.034880440911532085,0.15481153123299363,TRUE
EducationField_Life.Sciences,12,0,0.031781758675475044,0.16936306332044584,TRUE
EducationField_Life.Sciences,13,0,0.0289583548289432,0.18266092804591583,TRUE
EducationField_Life.Sciences,14,0,0.026385774398510174,0.1952692822849756,TRUE
EducationField_Life.Sciences,15,0,0.024041734923188045,0.2070706336595344,TRUE
EducationField_Life.Sciences,16,0,0.02190593345441003,0.22107063158727136,TRUE
EducationField_Life.Sciences,17,0,0.019959870701602742,0.233847881404585,TRUE
EducationField_Life.Sciences,18,0,0.01818669080018116,0.2461592743020809,TRUE
EducationField_Life.Sciences,19,0,0.01657103531411328,0.2571489104307527,TRUE
EducationField_Life.Sciences,20,0,0.015098910208494557,0.267416834480004,TRUE
EducationField_Life.Sciences,21,0,0.013757564639912196,0.2764829300150446,TRUE
EducationField_Life.Sciences,22,0,0.012535380514739396,0.2855493376091368,TRUE
EducationField_Life.Sciences,23,0,0.011421771858766349,0.2942639657578007,TRUE
EducationField_Life.Sciences,24,0,0.010407093126555881,0.3021444898547104,TRUE
EducationField_Life.Sciences,25,0,0.009482555656343221,0.30912643060277756,TRUE
EducationField_Life.Sciences,26,0,0.008640151546852212,0.31520186901440195,TRUE
EducationField_Life.Sciences,27,0,0.00787258429668537,0.32048983943872644,TRUE
EducationField_Life.Sciences,28,0,0.007173205605519361,0.32502019508517654,TRUE
EducationField_Life.Sciences,29,0,0.006535957789708099,0.32898564101346683,TRUE
EducationField_Life.Sciences,30,0,0.005955321313524932,0.33240183691285996,TRUE
EducationField_Life.Sciences,31,0,0.005426266981584693,0.3353812302958474,TRUE
EducationField_Life.Sciences,32,0,0.004944212378359185,0.3380382502464125,TRUE
EducationField_Life.Sciences,33,0,0.004504982177486073,0.3404811824761014,TRUE
EducationField_Life.Sciences,34,0,0.004104771977089369,0.3430603406008423,TRUE
EducationField_Life.Sciences,35,0,0.003740115347870375,0.34574142870576036,TRUE
EducationField_Life.Sciences,36,0,0.0034078538085554125,0.34802699349455446,TRUE
EducationField_Life.Sciences,37,0,0.0031051094686420167,0.34997705365388615,TRUE
EducationField_Life.Sciences,38,0,0.002829260101488162,0.3516394155159863,TRUE
EducationField_Life.Sciences,39,0,0.002577916431839543,0.3531202433337982,TRUE
EducationField_Life.Sciences,40,0,0.0023489014410703257,0.3544208048178532,TRUE
EducationField_Life.Sciences,41,0,0.0021402315108892825,0.3555273047101022,TRUE
EducationField_Life.Sciences,42,0,0.0019500992421870964,0.35649079975133047,TRUE
EducationField_Life.Sciences,43,0,0.0017768578002099217,0.3573786498837732,TRUE
EducationField_Life.Sciences,44,0,0.0016190066504645777,0.3580922440439754,TRUE
EducationField_Life.Sciences,45,0,0.0014751785618066112,0.3586547794074863,TRUE
EducationField_Life.Sciences,46,0,0.0013441277641381955,0.35914304206841974,TRUE
EducationField_Life.Sciences,47,0,0.0012247191581435085,0.35955046616960523,TRUE
EducationField_Life.Sciences,48,0,0.001115918483601481,0.35990150955566197,TRUE
EducationField_Life.Sciences,49,0,0.0010167833611185427,0.36019741991167054,TRUE
EducationField_Life.Sciences,50,0,9.264551296891421e-4,0.3604465777591454,TRUE
EducationField_Life.Sciences,51,0,8.441514093848918e-4,0.360657482061488,TRUE
EducationField_Life.Sciences,52,0,7.691593247539126e-4,0.36089874444188386,TRUE
EducationField_Life.Sciences,53,0,7.008293302347037e-4,0.3611437684821306,TRUE
EducationField_Life.Sciences,54,0,6.38569584103225e-4,0.36135790900066234,TRUE
EducationField_Life.Sciences,55,0,5.818408222230162e-4,0.36154523797689503,TRUE
EducationField_Life.Sciences,56,0,5.301516871972259e-4,0.3617050028673343,TRUE
EducationField_Life.Sciences,57,0,4.8305447246590105e-4,0.3618447451426575,TRUE
EducationField_Life.Sciences,58,0,4.401412444859441e-4,0.3619648237246643,TRUE
EducationField_Life.Sciences,59,0,4.010403094059142e-4,0.36206703725293354,TRUE
EducationField_Life.Sciences,60,0,3.6541299363170135e-4,0.36215676891571624,TRUE
EducationField_Life.Sciences,61,0,3.3295071039787273e-4,0.36223300246037204,TRUE
EducationField_Life.Sciences,62,0,3.033722869367358e-4,0.36229920518149916,TRUE
EducationField_Life.Sciences,63,0,2.7642152909433524e-4,0.36235666718114795,TRUE
EducationField_Life.Sciences,64,0,2.518650022992524e-4,0.3624065585818234,TRUE
EducationField_Life.Sciences,65,0,2.2949000966402086e-4,0.36244920610102305,TRUE
EducationField_Life.Sciences,66,0,2.091027497064395e-4,0.3624872676029919,TRUE
EducationField_Life.Sciences,67,0,1.9052663773384671e-4,0.3625197570378639,TRUE
EducationField_Life.Sciences,68,0,1.7360077635098916e-4,0.36254830031139806,TRUE
EducationField_Life.Sciences,69,0,1.5817856184375593e-4,0.3625750312911191,TRUE
EducationField_Life.Sciences,70,0,1.44126414367941e-4,0.36260080226591646,TRUE
EducationField_Life.Sciences,71,0,1.3132262094453617e-4,0.36262407026953836,TRUE
EducationField_Life.Sciences,72,0,1.1965628124013325e-4,0.36264456462794475,TRUE
EducationField_Life.Sciences,73,0,1.0902634700128992e-4,0.36266258741432056,TRUE
EducationField_Life.Sciences,74,0,9.934074682289904e-5,0.3626780375238114,TRUE
EducationField_Life.Sciences,75,0,9.051558866972372e-5,0.36269178587982315,TRUE
EducationField_Life.Sciences,76,0,8.247443324372141e-5,0.36270362765985353,TRUE
EducationField_Life.Sciences,77,0,7.514763190341213e-5,0.36271390608341053,TRUE
EducationField_Life.Sciences,78,0,6.847172340066526e-5,0.3627231816245738,TRUE
EducationField_Marketing,1,0,0.08843463142112093,1.8248719679534334e-14,TRUE
EducationField_Marketing,2,0,0.08057834250172598,0.010959272441944048,TRUE
EducationField_Marketing,3,0,0.07341998463709051,0.019785171154912424,TRUE
EducationField_Marketing,4,0,0.06689755555588826,0.03433078365603433,TRUE
EducationField_Marketing,5,0,0.06095456109769221,0.05261994693223041,TRUE
EducationField_Marketing,6,0,0.05553952588758322,0.07211847485982993,TRUE
EducationField_Marketing,7,0,0.050605547481077894,0.0882469778598371,TRUE
EducationField_Marketing,8,0,0.04610989011759219,0.1034412985924886,TRUE
EducationField_Marketing,9,0,0.04201361456372766,0.12122984693327349,TRUE
EducationField_Marketing,10,0,0.03828124084025995,0.13775092749853907,TRUE
EducationField_Marketing,11,0,0.034880440911532085,0.15481153123299363,TRUE
EducationField_Marketing,12,0,0.031781758675475044,0.16936306332044584,TRUE
EducationField_Marketing,13,0,0.0289583548289432,0.18266092804591583,TRUE
EducationField_Marketing,14,0,0.026385774398510174,0.1952692822849756,TRUE
EducationField_Marketing,15,0,0.024041734923188045,0.2070706336595344,TRUE
EducationField_Marketing,16,0,0.02190593345441003,0.22107063158727136,TRUE
EducationField_Marketing,17,0,0.019959870701602742,0.233847881404585,TRUE
EducationField_Marketing,18,0,0.01818669080018116,0.2461592743020809,TRUE
EducationField_Medical,1,0,0.08843463142112093,1.8248719679534334e-14,TRUE
EducationField_Medical,2,0,0.08057834250172598,0.010959272441944048,TRUE
EducationField_Medical,3,0,0.07341998463709051,0.019785171154912424,TRUE
EducationField_Medical,4,0,0.06689755555588826,0.03433078365603433,TRUE
EducationField_Medical,5,0,0.06095456109769221,0.05261994693223041,TRUE
EducationField_Medical,6,0,0.05553952588758322,0.07211847485982993,TRUE
EducationField_Medical,7,0,0.050605547481077894,0.0882469778598371,TRUE
EducationField_Medical,8,0,0.04610989011759219,0.1034412985924886,TRUE
EducationField_Medical,9,0,0.04201361456372766,0.12122984693327349,TRUE
EducationField_Medical,10,0,0.03828124084025995,0.13775092749853907,TRUE
EducationField_Medical,11,0,0.034880440911532085,0.15481153123299363,TRUE
EducationField_Medical,12,0,0.031781758675475044,0.16936306332044584,TRUE
EducationField_Medical,13,0,0.0289583548289432,0.18266092804591583,TRUE
EducationField_Medical,14,0,0.026385774398510174,0.1952692822849756,TRUE
EducationField_Medical,15,0,0.024041734923188045,0.2070706336595344,TRUE
EducationField_Medical,16,0,0.02190593345441003,0.22107063158727136,TRUE
EducationField_Medical,17,0,0.019959870701602742,0.233847881404585,TRUE
EducationField_Medical,18,0,0.01818669080018116,0.2461592743020809,TRUE
EducationField_Medical,19,0,0.01657103531411328,0.2571489104307527,TRUE
EducationField_Medical,20,0,0.015098910208494557,0.267416834480004,TRUE
EducationField_Medical,21,0,0.013757564639912196,0.2764829300150446,TRUE
EducationField_Medical,22,0,0.012535380514739396,0.2855493376091368,TRUE
EducationField_Medical,23,0,0.011421771858766349,0.2942639657578007,TRUE
EducationField_Medical,24,0,0.010407093126555881,0.3021444898547104,TRUE
EducationField_Medical,25,0,0.009482555656343221,0.30912643060277756,TRUE
EducationField_Medical,26,0,0.008640151546852212,0.31520186901440195,TRUE
EducationField_Medical,27,0,0.00787258429668537,0.32048983943872644,TRUE
EducationField_Other,1,0,0.08843463142112093,1.8248719679534334e-14,TRUE
EducationField_Other,2,0,0.08057834250172598,0.010959272441944048,TRUE
EducationField_Other,3,0,0.07341998463709051,0.019785171154912424,TRUE
EducationField_Other,4,0,0.06689755555588826,0.03433078365603433,TRUE
EducationField_Other,5,0,0.06095456109769221,0.05261994693223041,TRUE
EducationField_Other,6,0,0.05553952588758322,0.07211847485982993,TRUE
EducationField_Other,7,0,0.050605547481077894,0.0882469778598371,TRUE
EducationField_Other,8,0,0.04610989011759219,0.1034412985924886,TRUE
EducationField_Other,9,0,0.04201361456372766,0.12122984693327349,TRUE
EducationField_Other,10,0,0.03828124084025995,0.13775092749853907,TRUE
EducationField_Other,11,0,0.034880440911532085,0.15481153123299363,TRUE
EducationField_Other,12,0,0.031781758675475044,0.16936306332044584,TRUE
EducationField_Other,13,0,0.0289583548289432,0.18266092804591583,TRUE
EducationField_Other,14,0,0.026385774398510174,0.1952692822849756,TRUE
EducationField_Other,15,0,0.024041734923188045,0.2070706336595344,TRUE
EducationField_Other,16,0,0.02190593345441003,0.22107063158727136,TRUE
EducationField_Other,17,0,0.019959870701602742,0.233847881404585,TRUE
EducationField_Other,18,0,0.01818669080018116,0.2461592743020809,TRUE
EducationField_Other,19,0,0.01657103531411328,0.2571489104307527,TRUE
EducationField_Other,20,0,0.015098910208494557,0.267416834480004,TRUE
EducationField_Other,21,0,0.013757564639912196,0.2764829300150446,TRUE
EducationField_Other,22,0,0.012535380514739396,0.2855493376091368,TRUE
EducationField_Technical.Degree,1,0,0.08843463142112093,1.8248719679534334e-14,TRUE
EducationField_Technical.Degree,2,0,0.08057834250172598,0.010959272441944048,TRUE
EducationField_Technical.Degree,3,0,0.07341998463709051,0.019785171154912424,TRUE
EducationField_Technical.Degree,4,0,0.06689755555588826,0.03433078365603433,TRUE
EducationField_Technical.Degree,5,0,0.06095456109769221,0.05261994693223041,TRUE
EducationField_Technical.Degree,6,0,0.05553952588758322,0.07211847485982993,TRUE
EducationField_Technical.Degree,7,0,0.050605547481077894,0.0882469778598371,TRUE
EducationField_Technical.Degree,8,0,0.04610989011759219,0.1034412985924886,TRUE
EducationField_Technical.Degree,9,0,0.04201361456372766,0.12122984693327349,TRUE
EducationField_Technical.Degree,10,0,0.03828124084025995,0.13775092749853907,TRUE
EducationField_Technical.Degree,11,0,0.034880440911532085,0.15481153123299363,TRUE
EducationField_Technical.Degree,12,0,0.031781758675475044,0.16936306332044584,TRUE
EducationField_Technical.Degree,13,0,0.0289583548289432,0.18266092804591583,TRUE
EducationField_Technical.Degree,14,0,0.026385774398510174,0.1952692822849756,TRUE
EducationField_Technical.Degree,15,0,0.024041734923188045,0.2070706336595344,TRUE
EducationField_Technical.Degree,16,0,0.02190593345441003,0.22107063158727136,TRUE
Gender_Female,1,0,0.08843463142112093,1.8248719679534334e-14,TRUE
Gender_Female,2,0,0.08057834250172598,0.010959272441944048,TRUE
Gender_Female,3,0,0.07341998463709051,0.019785171154912424,TRUE
Gender_Female,4,0,0.06689755555588826,0.03433078365603433,TRUE
Gender_Female,5,0,0.06095456109769221,0.05261994693223041,TRUE
Gender_Female,6,0,0.05553952588758322,0.07211847485982993,TRUE
Gender_Female,7,0,0.050605547481077894,0.0882469778598371,TRUE
Gender_Female,8,0,0.04610989011759219,0.1034412985924886,TRUE
Gender_Female,9,0,0.04201361456372766,0.12122984693327349,TRUE
Gender_Female,10,0,0.03828124084025995,0.13775092749853907,TRUE
Gender_Female,11,0,0.034880440911532085,0.15481153123299363,TRUE
Gender_Female,12,0,0.031781758675475044,0.16936306332044584,TRUE
Gender_Female,13,0,0.0289583548289432,0.18266092804591583,TRUE
Gender_Female,14,0,0.026385774398510174,0.1952692822849756,TRUE
Gender_Female,15,0,0.024041734923188045,0.2070706336595344,TRUE
Gender_Female,16,0,0.02190593345441003,0.22107063158727136,TRUE
Gender_Female,17,0,0.019959870701602742,0.233847881404585,TRUE
Gender_Female,18,0,0.01818669080018116,0.2461592743020809,TRUE
Gender_Female,19,0,0.01657103531411328,0.2571489104307527,TRUE
Gender_Female,20,0,0.015098910208494557,0.267416834480004,TRUE
Gender_Female,21,0,0.013757564639912196,0.2764829300150446,TRUE
Gender_Female,22,0,0.012535380514739396,0.2855493376091368,TRUE
Gender_Female,23,0,0.011421771858766349,0.2942639657578007,TRUE
Gender_Male,1,0,0.08843463142112093,1.8248719679534334e-14,TRUE
Gender_Male,2,0,0.08057834250172598,0.010959272441944048,TRUE
Gender_Male,3,0,0.07341998463709051,0.019785171154912424,TRUE
Gender_Male,4,0,0.06689755555588826,0.03433078365603433,TRUE
Gender_Male,5,0,0.06095456109769221,0.05261994693223041,TRUE
Gender_Male,6,0,0.05553952588758322,0.07211847485982993,TRUE
Gender_Male,7,0,0.050605547481077894,0.0882469778598371,TRUE
Gender_Male,8,0,0.04610989011759219,0.1034412985924886,TRUE
Gender_Male,9,0,0.04201361456372766,0.12122984693327349,TRUE
Gender_Male,10,0,0.03828124084025995,0.13775092749853907,TRUE
Gender_Male,11,0,0.034880440911532085,0.15481153123299363,TRUE
Gender_Male,12,0,0.031781758675475044,0.16936306332044584,TRUE
Gender_Male,13,0,0.0289583548289432,0.18266092804591583,TRUE
Gender_Male,14,0,0.026385774398510174,0.1952692822849756,TRUE
Gender_Male,15,0,0.024041734923188045,0.2070706336595344,TRUE
Gender_Male,16,0,0.02190593345441003,0.22107063158727136,TRUE
Gender_Male,17,0,0.019959870701602742,0.233847881404585,TRUE
Gender_Male,18,0,0.01818669080018116,0.2461592743020809,TRUE
Gender_Male,19,0,0.01657103531411328,0.2571489104307527,TRUE
Gender_Male,20,0,0.015098910208494557,0.267416834480004,TRUE
Gender_Male,21,0,0.013757564639912196,0.2764829300150446,TRUE
Gender_Male,22,0,0.012535380514739396,0.2855493376091368,TRUE
Gender_Male,23,0,0.011421771858766349,0.2942639657578007,TRUE
Gender_Male,25,0,0.009482555656343221,0.30912643060277756,TRUE
Gender_Male,28,0,0.007173205605519361,0.32502019508517654,TRUE
Gender_Male,30,0,0.005955321313524932,0.33240183691285996,TRUE
JobRole_Healthcare.Representative,1,0,0.08843463142112093,1.8248719679534334e-14,TRUE
JobRole_Healthcare.Representative,2,0,0.08057834250172598,0.010959272441944048,TRUE
JobRole_Healthcare.Representative,3,0,0.07341998463709051,0.019785171154912424,TRUE
JobRole_Healthcare.Representative,4,0,0.06689755555588826,0.03433078365603433,TRUE
JobRole_Healthcare.Representative,5,0,0.06095456109769221,0.05261994693223041,TRUE
JobRole_Healthcare.Representative,6,0,0.05553952588758322,0.07211847485982993,TRUE
JobRole_Healthcare.Representative,7,0,0.050605547481077894,0.0882469778598371,TRUE
JobRole_Healthcare.Representative,8,0,0.04610989011759219,0.1034412985924886,TRUE
JobRole_Healthcare.Representative,9,0,0.04201361456372766,0.12122984693327349,TRUE
JobRole_Healthcare.Representative,10,0,0.03828124084025995,0.13775092749853907,TRUE
JobRole_Healthcare.Representative,11,0,0.034880440911532085,0.15481153123299363,TRUE
JobRole_Healthcare.Representative,12,0,0.031781758675475044,0.16936306332044584,TRUE
JobRole_Healthcare.Representative,13,0,0.0289583548289432,0.18266092804591583,TRUE
JobRole_Healthcare.Representative,14,0,0.026385774398510174,0.1952692822849756,TRUE
JobRole_Healthcare.Representative,15,0,0.024041734923188045,0.2070706336595344,TRUE
JobRole_Healthcare.Representative,16,0,0.02190593345441003,0.22107063158727136,TRUE
JobRole_Healthcare.Representative,17,0,0.019959870701602742,0.233847881404585,TRUE
JobRole_Healthcare.Representative,18,0,0.01818669080018116,0.2461592743020809,TRUE
JobRole_Healthcare.Representative,19,0,0.01657103531411328,0.2571489104307527,TRUE
JobRole_Healthcare.Representative,20,0,0.015098910208494557,0.267416834480004,TRUE
JobRole_Healthcare.Representative,21,0,0.013757564639912196,0.2764829300150446,TRUE
JobRole_Healthcare.Representative,22,0,0.012535380514739396,0.2855493376091368,TRUE
JobRole_Human.Resources,1,0,0.08843463142112093,1.8248719679534334e-14,TRUE
JobRole_Human.Resources,2,0,0.08057834250172598,0.010959272441944048,TRUE
JobRole_Human.Resources,3,0,0.07341998463709051,0.019785171154912424,TRUE
JobRole_Human.Resources,4,0,0.06689755555588826,0.03433078365603433,TRUE
JobRole_Human.Resources,5,0,0.06095456109769221,0.05261994693223041,TRUE
JobRole_Human.Resources,6,0,0.05553952588758322,0.07211847485982993,TRUE
JobRole_Human.Resources,7,0,0.050605547481077894,0.0882469778598371,TRUE
JobRole_Human.Resources,8,0,0.04610989011759219,0.1034412985924886,TRUE
JobRole_Human.Resources,9,0,0.04201361456372766,0.12122984693327349,TRUE
JobRole_Human.Resources,10,0,0.03828124084025995,0.13775092749853907,TRUE
JobRole_Human.Resources,11,0,0.034880440911532085,0.15481153123299363,TRUE
JobRole_Human.Resources,12,0,0.031781758675475044,0.16936306332044584,TRUE
JobRole_Human.Resources,13,0,0.0289583548289432,0.18266092804591583,TRUE
JobRole_Human.Resources,14,0,0.026385774398510174,0.1952692822849756,TRUE
JobRole_Human.Resources,15,0,0.024041734923188045,0.2070706336595344,TRUE
JobRole_Human.Resources,16,0,0.02190593345441003,0.22107063158727136,TRUE
JobRole_Human.Resources,17,0,0.019959870701602742,0.233847881404585,TRUE
JobRole_Human.Resources,18,0,0.01818669080018116,0.2461592743020809,TRUE
JobRole_Human.Resources,19,0,0.01657103531411328,0.2571489104307527,TRUE
JobRole_Human.Resources,20,0,0.015098910208494557,0.267416834480004,TRUE
JobRole_Human.Resources,21,0,0.013757564639912196,0.2764829300150446,TRUE
JobRole_Human.Resources,22,0,0.012535380514739396,0.2855493376091368,TRUE
JobRole_Human.Resources,23,0,0.011421771858766349,0.2942639657578007,TRUE
JobRole_Human.Resources,24,0,0.010407093126555881,0.3021444898547104,TRUE
JobRole_Human.Resources,25,0,0.009482555656343221,0.30912643060277756,TRUE
JobRole_Laboratory.Technician,1,0,0.08843463142112093,1.8248719679534334e-14,TRUE
JobRole_Laboratory.Technician,2,0,0.08057834250172598,0.010959272441944048,TRUE
JobRole_Laboratory.Technician,3,0,0.07341998463709051,0.019785171154912424,TRUE
JobRole_Laboratory.Technician,4,0,0.06689755555588826,0.03433078365603433,TRUE
JobRole_Laboratory.Technician,5,0,0.06095456109769221,0.05261994693223041,TRUE
JobRole_Laboratory.Technician,6,0,0.05553952588758322,0.07211847485982993,TRUE
JobRole_Laboratory.Technician,7,0,0.050605547481077894,0.0882469778598371,TRUE
JobRole_Laboratory.Technician,8,0,0.04610989011759219,0.1034412985924886,TRUE
JobRole_Laboratory.Technician,9,0,0.04201361456372766,0.12122984693327349,TRUE
JobRole_Laboratory.Technician,10,0,0.03828124084025995,0.13775092749853907,TRUE
JobRole_Laboratory.Technician,11,0,0.034880440911532085,0.15481153123299363,TRUE
JobRole_Laboratory.Technician,12,0,0.031781758675475044,0.16936306332044584,TRUE
JobRole_Manager,1,0,0.08843463142112093,1.8248719679534334e-14,TRUE
JobRole_Manager,2,0,0.08057834250172598,0.010959272441944048,TRUE
JobRole_Manager,3,0,0.07341998463709051,0.019785171154912424,TRUE
JobRole_Manager,4,0,0.06689755555588826,0.03433078365603433,TRUE
JobRole_Manager,5,0,0.06095456109769221,0.05261994693223041,TRUE
JobRole_Manager,6,0,0.05553952588758322,0.07211847485982993,TRUE
JobRole_Manager,7,0,0.050605547481077894,0.0882469778598371,TRUE
JobRole_Manager,8,0,0.04610989011759219,0.1034412985924886,TRUE
JobRole_Manager,9,0,0.04201361456372766,0.12122984693327349,TRUE
JobRole_Manager,10,0,0.03828124084025995,0.13775092749853907,TRUE
JobRole_Manager,11,0,0.034880440911532085,0.15481153123299363,TRUE
JobRole_Manager,12,0,0.031781758675475044,0.16936306332044584,TRUE
JobRole_Manager,13,0,0.0289583548289432,0.18266092804591583,TRUE
JobRole_Manager,14,0,0.026385774398510174,0.1952692822849756,TRUE
JobRole_Manager,15,0,0.024041734923188045,0.2070706336595344,TRUE
JobRole_Manager,16,0,0.02190593345441003,0.22107063158727136,TRUE
JobRole_Manager,17,0,0.019959870701602742,0.233847881404585,TRUE
JobRole_Manager,18,0,0.01818669080018116,0.2461592743020809,TRUE
JobRole_Manager,19,0,0.01657103531411328,0.2571489104307527,TRUE
JobRole_Manager,20,0,0.015098910208494557,0.267416834480004,TRUE
JobRole_Manager,21,0,0.013757564639912196,0.2764829300150446,TRUE
JobRole_Manager,22,0,0.012535380514739396,0.2855493376091368,TRUE
JobRole_Manager,23,0,0.011421771858766349,0.2942639657578007,TRUE
JobRole_Manager,24,0,0.010407093126555881,0.3021444898547104,TRUE
JobRole_Manager,25,0,0.009482555656343221,0.30912643060277756,TRUE
JobRole_Manager,26,0,0.008640151546852212,0.31520186901440195,TRUE
JobRole_Manager,27,0,0.00787258429668537,0.32048983943872644,TRUE
JobRole_Manager,28,0,0.007173205605519361,0.32502019508517654,TRUE
JobRole_Manager,29,0,0.006535957789708099,0.32898564101346683,TRUE
JobRole_Manager,30,0,0.005955321313524932,0.33240183691285996,TRUE
JobRole_Manager,31,0,0.005426266981584693,0.3353812302958474,TRUE
JobRole_Manufacturing.Director,1,0,0.08843463142112093,1.8248719679534334e-14,TRUE
JobRole_Manufacturing.Director,2,0,0.08057834250172598,0.010959272441944048,TRUE
JobRole_Manufacturing.Director,3,0,0.07341998463709051,0.019785171154912424,TRUE
JobRole_Manufacturing.Director,4,0,0.06689755555588826,0.03433078365603433,TRUE
JobRole_Manufacturing.Director,5,0,0.06095456109769221,0.05261994693223041,TRUE
JobRole_Manufacturing.Director,6,0,0.05553952588758322,0.07211847485982993,TRUE
JobRole_Manufacturing.Director,7,0,0.050605547481077894,0.0882469778598371,TRUE
JobRole_Manufacturing.Director,8,0,0.04610989011759219,0.1034412985924886,TRUE
JobRole_Manufacturing.Director,9,0,0.04201361456372766,0.12122984693327349,TRUE
JobRole_Manufacturing.Director,10,0,0.03828124084025995,0.13775092749853907,TRUE
JobRole_Manufacturing.Director,11,0,0.034880440911532085,0.15481153123299363,TRUE
JobRole_Manufacturing.Director,12,0,0.031781758675475044,0.16936306332044584,TRUE
JobRole_Manufacturing.Director,13,0,0.0289583548289432,0.18266092804591583,TRUE
JobRole_Manufacturing.Director,14,0,0.026385774398510174,0.1952692822849756,TRUE
JobRole_Manufacturing.Director,15,0,0.024041734923188045,0.2070706336595344,TRUE
JobRole_Manufacturing.Director,16,0,0.02190593345441003,0.22107063158727136,TRUE
JobRole_Manufacturing.Director,17,0,0.019959870701602742,0.233847881404585,TRUE
JobRole_Research.Director,1,0,0.08843463142112093,1.8248719679534334e-14,TRUE
JobRole_Research.Director,2,0,0.08057834250172598,0.010959272441944048,TRUE
JobRole_Research.Director,3,0,0.07341998463709051,0.019785171154912424,TRUE
JobRole_Research.Director,4,0,0.06689755555588826,0.03433078365603433,TRUE
JobRole_Research.Director,5,0,0.06095456109769221,0.05261994693223041,TRUE
JobRole_Research.Director,6,0,0.05553952588758322,0.07211847485982993,TRUE
JobRole_Research.Director,7,0,0.050605547481077894,0.0882469778598371,TRUE
JobRole_Research.Director,8,0,0.04610989011759219,0.1034412985924886,TRUE
JobRole_Research.Director,9,0,0.04201361456372766,0.12122984693327349,TRUE
JobRole_Research.Director,10,0,0.03828124084025995,0.13775092749853907,TRUE
JobRole_Research.Director,11,0,0.034880440911532085,0.15481153123299363,TRUE
JobRole_Research.Director,12,0,0.031781758675475044,0.16936306332044584,TRUE
JobRole_Research.Director,13,0,0.0289583548289432,0.18266092804591583,TRUE
JobRole_Research.Director,14,0,0.026385774398510174,0.1952692822849756,TRUE
JobRole_Research.Director,15,0,0.024041734923188045,0.2070706336595344,TRUE
JobRole_Research.Director,16,0,0.02190593345441003,0.22107063158727136,TRUE
JobRole_Research.Director,17,0,0.019959870701602742,0.233847881404585,TRUE
JobRole_Research.Director,18,0,0.01818669080018116,0.2461592743020809,TRUE
JobRole_Research.Director,19,0,0.01657103531411328,0.2571489104307527,TRUE
JobRole_Research.Scientist,1,0,0.08843463142112093,1.8248719679534334e-14,TRUE
JobRole_Research.Scientist,2,0,0.08057834250172598,0.010959272441944048,TRUE
JobRole_Research.Scientist,3,0,0.07341998463709051,0.019785171154912424,TRUE
JobRole_Research.Scientist,4,0,0.06689755555588826,0.03433078365603433,TRUE
JobRole_Research.Scientist,5,0,0.06095456109769221,0.05261994693223041,TRUE
JobRole_Research.Scientist,6,0,0.05553952588758322,0.07211847485982993,TRUE
JobRole_Research.Scientist,7,0,0.050605547481077894,0.0882469778598371,TRUE
JobRole_Research.Scientist,8,0,0.04610989011759219,0.1034412985924886,TRUE
JobRole_Research.Scientist,9,0,0.04201361456372766,0.12122984693327349,TRUE
JobRole_Research.Scientist,10,0,0.03828124084025995,0.13775092749853907,TRUE
JobRole_Research.Scientist,11,0,0.034880440911532085,0.15481153123299363,TRUE
JobRole_Research.Scientist,12,0,0.031781758675475044,0.16936306332044584,TRUE
JobRole_Research.Scientist,13,0,0.0289583548289432,0.18266092804591583,TRUE
JobRole_Research.Scientist,14,0,0.026385774398510174,0.1952692822849756,TRUE
JobRole_Research.Scientist,15,0,0.024041734923188045,0.2070706336595344,TRUE
JobRole_Research.Scientist,16,0,0.02190593345441003,0.22107063158727136,TRUE
JobRole_Research.Scientist,17,0,0.019959870701602742,0.233847881404585,TRUE
JobRole_Research.Scientist,18,0,0.01818669080018116,0.2461592743020809,TRUE
JobRole_Research.Scientist,19,0,0.01657103531411328,0.2571489104307527,TRUE
JobRole_Research.Scientist,20,0,0.015098910208494557,0.267416834480004,TRUE
JobRole_Research.Scientist,21,0,0.013757564639912196,0.2764829300150446,TRUE
JobRole_Research.Scientist,22,0,0.012535380514739396,0.2855493376091368,TRUE
JobRole_Research.Scientist,23,0,0.011421771858766349,0.2942639657578007,TRUE
JobRole_Research.Scientist,24,0,0.010407093126555881,0.3021444898547104,TRUE
JobRole_Research.Scientist,25,0,0.009482555656343221,0.30912643060277756,TRUE
JobRole_Research.Scientist,26,0,0.008640151546852212,0.31520186901440195,TRUE
JobRole_Research.Scientist,27,0,0.00787258429668537,0.32048983943872644,TRUE
JobRole_Research.Scientist,28,0,0.007173205605519361,0.32502019508517654,TRUE
JobRole_Research.Scientist,29,0,0.006535957789708099,0.32898564101346683,TRUE
JobRole_Research.Scientist,30,0,0.005955321313524932,0.33240183691285996,TRUE
JobRole_Research.Scientist,31,0,0.005426266981584693,0.3353812302958474,TRUE
JobRole_Research.Scientist,32,0,0.004944212378359185,0.3380382502464125,TRUE
JobRole_Research.Scientist,33,0,0.004504982177486073,0.3404811824761014,TRUE
JobRole_Research.Scientist,34,0,0.004104771977089369,0.3430603406008423,TRUE
JobRole_Research.Scientist,35,0,0.003740115347870375,0.34574142870576036,TRUE
JobRole_Research.Scientist,36,0,0.0034078538085554125,0.34802699349455446,TRUE
JobRole_Research.Scientist,37,0,0.0031051094686420167,0.34997705365388615,TRUE
JobRole_Research.Scientist,38,0,0.002829260101488162,0.3516394155159863,TRUE
JobRole_Research.Scientist,39,0,0.002577916431839543,0.3531202433337982,TRUE
JobRole_Research.Scientist,40,0,0.0023489014410703257,0.3544208048178532,TRUE
JobRole_Research.Scientist,41,0,0.0021402315108892825,0.3555273047101022,TRUE
JobRole_Research.Scientist,42,0,0.0019500992421870964,0.35649079975133047,TRUE
JobRole_Research.Scientist,43,0,0.0017768578002099217,0.3573786498837732,TRUE
JobRole_Research.Scientist,44,0,0.0016190066504645777,0.3580922440439754,TRUE
JobRole_Research.Scientist,45,0,0.0014751785618066112,0.3586547794074863,TRUE
JobRole_Research.Scientist,46,0,0.0013441277641381955,0.35914304206841974,TRUE
JobRole_Research.Scientist,47,0,0.0012247191581435085,0.35955046616960523,TRUE
JobRole_Research.Scientist,48,0,0.001115918483601481,0.35990150955566197,TRUE
JobRole_Research.Scientist,49,0,0.0010167833611185427,0.36019741991167054,TRUE
JobRole_Research.Scientist,50,0,9.264551296891421e-4,0.3604465777591454,TRUE
JobRole_Sales.Executive,1,0,0.08843463142112093,1.8248719679534334e-14,TRUE
JobRole_Sales.Executive,2,0,0.08057834250172598,0.010959272441944048,TRUE
JobRole_Sales.Executive,3,0,0.07341998463709051,0.019785171154912424,TRUE
JobRole_Sales.Executive,4,0,0.06689755555588826,0.03433078365603433,TRUE
JobRole_Sales.Executive,5,0,0.06095456109769221,0.05261994693223041,TRUE
JobRole_Sales.Executive,6,0,0.05553952588758322,0.07211847485982993,TRUE
JobRole_Sales.Executive,7,0,0.050605547481077894,0.0882469778598371,TRUE
JobRole_Sales.Executive,8,0,0.04610989011759219,0.1034412985924886,TRUE
JobRole_Sales.Executive,9,0,0.04201361456372766,0.12122984693327349,TRUE
JobRole_Sales.Executive,10,0,0.03828124084025995,0.13775092749853907,TRUE
JobRole_Sales.Executive,11,0,0.034880440911532085,0.15481153123299363,TRUE
JobRole_Sales.Executive,12,0,0.031781758675475044,0.16936306332044584,TRUE
JobRole_Sales.Executive,13,0,0.0289583548289432,0.18266092804591583,TRUE
JobRole_Sales.Executive,14,0,0.026385774398510174,0.1952692822849756,TRUE
JobRole_Sales.Executive,15,0,0.024041734923188045,0.2070706336595344,TRUE
JobRole_Sales.Executive,16,0,0.02190593345441003,0.22107063158727136,TRUE
JobRole_Sales.Executive,17,0,0.019959870701602742,0.233847881404585,TRUE
JobRole_Sales.Executive,18,0,0.01818669080018116,0.2461592743020809,TRUE
JobRole_Sales.Executive,19,0,0.01657103531411328,0.2571489104307527,TRUE
JobRole_Sales.Executive,20,0,0.015098910208494557,0.267416834480004,TRUE
JobRole_Sales.Executive,21,0,0.013757564639912196,0.2764829300150446,TRUE
JobRole_Sales.Executive,22,0,0.012535380514739396,0.2855493376091368,TRUE
JobRole_Sales.Executive,23,0,0.011421771858766349,0.2942639657578007,TRUE
JobRole_Sales.Executive,24,0,0.010407093126555881,0.3021444898547104,TRUE
JobRole_Sales.Executive,25,0,0.009482555656343221,0.30912643060277756,TRUE
JobRole_Sales.Executive,26,0,0.008640151546852212,0.31520186901440195,TRUE
JobRole_Sales.Executive,27,0,0.00787258429668537,0.32048983943872644,TRUE
JobRole_Sales.Executive,28,0,0.007173205605519361,0.32502019508517654,TRUE
JobRole_Sales.Executive,29,0,0.006535957789708099,0.32898564101346683,TRUE
JobRole_Sales.Executive,30,0,0.005955321313524932,0.33240183691285996,TRUE
JobRole_Sales.Executive,31,0,0.005426266981584693,0.3353812302958474,TRUE
JobRole_Sales.Executive,32,0,0.004944212378359185,0.3380382502464125,TRUE
JobRole_Sales.Executive,33,0,0.004504982177486073,0.3404811824761014,TRUE
JobRole_Sales.Executive,34,0,0.004104771977089369,0.3430603406008423,TRUE
JobRole_Sales.Executive,35,0,0.003740115347870375,0.34574142870576036,TRUE
JobRole_Sales.Executive,36,0,0.0034078538085554125,0.34802699349455446,TRUE
JobRole_Sales.Executive,37,0,0.0031051094686420167,0.34997705365388615,TRUE
JobRole_Sales.Executive,38,0,0.002829260101488162,0.3516394155159863,TRUE
JobRole_Sales.Executive,39,0,0.002577916431839543,0.3531202433337982,TRUE
JobRole_Sales.Executive,40,0,0.0023489014410703257,0.3544208048178532,TRUE
JobRole_Sales.Executive,41,0,0.0021402315108892825,0.3555273047101022,TRUE
JobRole_Sales.Executive,42,0,0.0019500992421870964,0.35649079975133047,TRUE
JobRole_Sales.Executive,43,0,0.0017768578002099217,0.3573786498837732,TRUE
JobRole_Sales.Executive,44,0,0.0016190066504645777,0.3580922440439754,TRUE
JobRole_Sales.Executive,45,0,0.0014751785618066112,0.3586547794074863,TRUE
JobRole_Sales.Executive,46,0,0.0013441277641381955,0.35914304206841974,TRUE
JobRole_Sales.Executive,47,0,0.0012247191581435085,0.35955046616960523,TRUE
JobRole_Sales.Executive,48,0,0.001115918483601481,0.35990150955566197,TRUE
JobRole_Sales.Executive,49,0,0.0010167833611185427,0.36019741991167054,TRUE
JobRole_Sales.Executive,50,0,9.264551296891421e-4,0.3604465777591454,TRUE
JobRole_Sales.Executive,51,0,8.441514093848918e-4,0.360657482061488,TRUE
JobRole_Sales.Executive,52,0,7.691593247539126e-4,0.36089874444188386,TRUE
JobRole_Sales.Executive,53,0,7.008293302347037e-4,0.3611437684821306,TRUE
JobRole_Sales.Executive,54,0,6.38569584103225e-4,0.36135790900066234,TRUE
JobRole_Sales.Executive,55,0,5.818408222230162e-4,0.36154523797689503,TRUE
JobRole_Sales.Executive,56,0,5.301516871972259e-4,0.3617050028673343,TRUE
JobRole_Sales.Executive,57,0,4.8305447246590105e-4,0.3618447451426575,TRUE
JobRole_Sales.Executive,58,0,4.401412444859441e-4,0.3619648237246643,TRUE
JobRole_Sales.Executive,59,0,4.010403094059142e-4,0.36206703725293354,TRUE
JobRole_Sales.Executive,60,0,3.6541299363170135e-4,0.36215676891571624,TRUE
JobRole_Sales.Executive,61,0,3.3295071039787273e-4,0.36223300246037204,TRUE
JobRole_Sales.Executive,62,0,3.033722869367358e-4,0.36229920518149916,TRUE
JobRole_Sales.Executive,63,0,2.7642152909433524e-4,0.36235666718114795,TRUE
JobRole_Sales.Executive,64,0,2.518650022992524e-4,0.3624065585818234,TRUE
JobRole_Sales.Executive,65,0,2.2949000966402086e-4,0.36244920610102305,TRUE
JobRole_Sales.Executive,66,0,2.091027497064395e-4,0.3624872676029919,TRUE
JobRole_Sales.Executive,67,0,1.9052663773384671e-4,0.3625197570378639,TRUE
JobRole_Sales.Executive,68,0,1.7360077635098916e-4,0.36254830031139806,TRUE
JobRole_Sales.Executive,69,0,1.5817856184375593e-4,0.3625750312911191,TRUE
JobRole_Sales.Executive,70,0,1.44126414367941e-4,0.36260080226591646,TRUE
JobRole_Sales.Executive,71,0,1.3132262094453617e-4,0.36262407026953836,TRUE
JobRole_Sales.Executive,72,0,1.1965628124013325e-4,0.36264456462794475,TRUE
JobRole_Sales.Executive,73,0,1.0902634700128992e-4,0.36266258741432056,TRUE
JobRole_Sales.Executive,74,0,9.934074682289904e-5,0.3626780375238114,TRUE
JobRole_Sales.Executive,75,0,9.051558866972372e-5,0.36269178587982315,TRUE
JobRole_Sales.Executive,76,0,8.247443324372141e-5,0.36270362765985353,TRUE
JobRole_Sales.Executive,77,0,7.514763190341213e-5,0.36271390608341053,TRUE
JobRole_Sales.Executive,78,0,6.847172340066526e-5,0.3627231816245738,TRUE
JobRole_Sales.Representative,1,0,0.08843463142112093,1.8248719679534334e-14,TRUE
JobRole_Sales.Representative,2,0,0.08057834250172598,0.010959272441944048,TRUE
JobRole_Sales.Representative,3,0,0.07341998463709051,0.019785171154912424,TRUE
JobRole_Sales.Representative,4,0,0.06689755555588826,0.03433078365603433,TRUE
MaritalStatus_Divorced,1,0,0.08843463142112093,1.8248719679534334e-14,TRUE
MaritalStatus_Divorced,2,0,0.08057834250172598,0.010959272441944048,TRUE
MaritalStatus_Divorced,3,0,0.07341998463709051,0.019785171154912424,TRUE
MaritalStatus_Divorced,4,0,0.06689755555588826,0.03433078365603433,TRUE
MaritalStatus_Divorced,5,0,0.06095456109769221,0.05261994693223041,TRUE
MaritalStatus_Divorced,6,0,0.05553952588758322,0.07211847485982993,TRUE
MaritalStatus_Divorced,7,0,0.050605547481077894,0.0882469778598371,TRUE
MaritalStatus_Divorced,8,0,0.04610989011759219,0.1034412985924886,TRUE
MaritalStatus_Divorced,9,0,0.04201361456372766,0.12122984693327349,TRUE
MaritalStatus_Divorced,10,0,0.03828124084025995,0.13775092749853907,TRUE
MaritalStatus_Divorced,11,0,0.034880440911532085,0.15481153123299363,TRUE
MaritalStatus_Divorced,12,0,0.031781758675475044,0.16936306332044584,TRUE
MaritalStatus_Divorced,13,0,0.0289583548289432,0.18266092804591583,TRUE
MaritalStatus_Divorced,14,0,0.026385774398510174,0.1952692822849756,TRUE
MaritalStatus_Divorced,15,0,0.024041734923188045,0.2070706336595344,TRUE
MaritalStatus_Divorced,16,0,0.02190593345441003,0.22107063158727136,TRUE
MaritalStatus_Divorced,17,0,0.019959870701602742,0.233847881404585,TRUE
MaritalStatus_Divorced,18,0,0.01818669080018116,0.2461592743020809,TRUE
MaritalStatus_Divorced,19,0,0.01657103531411328,0.2571489104307527,TRUE
MaritalStatus_Divorced,20,0,0.015098910208494557,0.267416834480004,TRUE
MaritalStatus_Divorced,21,0,0.013757564639912196,0.2764829300150446,TRUE
MaritalStatus_Divorced,22,0,0.012535380514739396,0.2855493376091368,TRUE
MaritalStatus_Divorced,23,0,0.011421771858766349,0.2942639657578007,TRUE
MaritalStatus_Divorced,24,0,0.010407093126555881,0.3021444898547104,TRUE
MaritalStatus_Divorced,25,0,0.009482555656343221,0.30912643060277756,TRUE
MaritalStatus_Divorced,26,0,0.008640151546852212,0.31520186901440195,TRUE
MaritalStatus_Divorced,27,0,0.00787258429668537,0.32048983943872644,TRUE
MaritalStatus_Divorced,28,0,0.007173205605519361,0.32502019508517654,TRUE
MaritalStatus_Divorced,29,0,0.006535957789708099,0.32898564101346683,TRUE
MaritalStatus_Divorced,30,0,0.005955321313524932,0.33240183691285996,TRUE
MaritalStatus_Married,1,0,0.08843463142112093,1.8248719679534334e-14,TRUE
MaritalStatus_Married,2,0,0.08057834250172598,0.010959272441944048,TRUE
MaritalStatus_Married,3,0,0.07341998463709051,0.019785171154912424,TRUE
MaritalStatus_Married,4,0,0.06689755555588826,0.03433078365603433,TRUE
MaritalStatus_Married,5,0,0.06095456109769221,0.05261994693223041,TRUE
MaritalStatus_Married,6,0,0.05553952588758322,0.07211847485982993,TRUE
MaritalStatus_Married,7,0,0.050605547481077894,0.0882469778598371,TRUE
MaritalStatus_Married,8,0,0.04610989011759219,0.1034412985924886,TRUE
MaritalStatus_Married,9,0,0.04201361456372766,0.12122984693327349,TRUE
MaritalStatus_Married,10,0,0.03828124084025995,0.13775092749853907,TRUE
MaritalStatus_Married,11,0,0.034880440911532085,0.15481153123299363,TRUE
MaritalStatus_Married,12,0,0.031781758675475044,0.16936306332044584,TRUE
MaritalStatus_Married,13,0,0.0289583548289432,0.18266092804591583,TRUE
MaritalStatus_Married,14,0,0.026385774398510174,0.1952692822849756,TRUE
MaritalStatus_Married,15,0,0.024041734923188045,0.2070706336595344,TRUE
MaritalStatus_Married,16,0,0.02190593345441003,0.22107063158727136,TRUE
MaritalStatus_Married,17,0,0.019959870701602742,0.233847881404585,TRUE
MaritalStatus_Married,18,0,0.01818669080018116,0.2461592743020809,TRUE
MaritalStatus_Married,19,0,0.01657103531411328,0.2571489104307527,TRUE
MaritalStatus_Married,20,0,0.015098910208494557,0.267416834480004,TRUE
MaritalStatus_Married,21,0,0.013757564639912196,0.2764829300150446,TRUE
MaritalStatus_Married,22,0,0.012535380514739396,0.2855493376091368,TRUE
MaritalStatus_Married,23,0,0.011421771858766349,0.2942639657578007,TRUE
MaritalStatus_Married,24,0,0.010407093126555881,0.3021444898547104,TRUE
MaritalStatus_Married,25,0,0.009482555656343221,0.30912643060277756,TRUE
MaritalStatus_Married,26,0,0.008640151546852212,0.31520186901440195,TRUE
MaritalStatus_Married,27,0,0.00787258429668537,0.32048983943872644,TRUE
MaritalStatus_Married,28,0,0.007173205605519361,0.32502019508517654,TRUE
MaritalStatus_Married,29,0,0.006535957789708099,0.32898564101346683,TRUE
MaritalStatus_Married,30,0,0.005955321313524932,0.33240183691285996,TRUE
MaritalStatus_Married,31,0,0.005426266981584693,0.3353812302958474,TRUE
MaritalStatus_Married,32,0,0.004944212378359185,0.3380382502464125,TRUE
MaritalStatus_Married,33,0,0.004504982177486073,0.3404811824761014,TRUE
MaritalStatus_Married,34,0,0.004104771977089369,0.3430603406008423,TRUE
MaritalStatus_Married,35,0,0.003740115347870375,0.34574142870576036,TRUE
MaritalStatus_Married,36,0,0.0034078538085554125,0.34802699349455446,TRUE
MaritalStatus_Married,37,0,0.0031051094686420167,0.34997705365388615,TRUE
MaritalStatus_Married,38,0,0.002829260101488162,0.3516394155159863,TRUE
MaritalStatus_Married,39,0,0.002577916431839543,0.3531202433337982,TRUE
MaritalStatus_Married,40,0,0.0023489014410703257,0.3544208048178532,TRUE
MaritalStatus_Married,41,0,0.0021402315108892825,0.3555273047101022,TRUE
MaritalStatus_Married,42,0,0.0019500992421870964,0.35649079975133047,TRUE
MaritalStatus_Married,43,0,0.0017768578002099217,0.3573786498837732,TRUE
MaritalStatus_Married,44,0,0.0016190066504645777,0.3580922440439754,TRUE
MaritalStatus_Married,45,0,0.0014751785618066112,0.3586547794074863,TRUE
MaritalStatus_Married,46,0,0.0013441277641381955,0.35914304206841974,TRUE
MaritalStatus_Married,47,0,0.0012247191581435085,0.35955046616960523,TRUE
MaritalStatus_Married,48,0,0.001115918483601481,0.35990150955566197,TRUE
MaritalStatus_Married,49,0,0.0010167833611185427,0.36019741991167054,TRUE
MaritalStatus_Married,50,0,9.264551296891421e-4,0.3604465777591454,TRUE
MaritalStatus_Married,51,0,8.441514093848918e-4,0.360657482061488,TRUE
MaritalStatus_Married,52,0,7.691593247539126e-4,0.36089874444188386,TRUE
MaritalStatus_Married,53,0,7.008293302347037e-4,0.3611437684821306,TRUE
MaritalStatus_Married,54,0,6.38569584103225e-4,0.36135790900066234,TRUE
MaritalStatus_Married,55,0,5.818408222230162e-4,0.36154523797689503,TRUE
MaritalStatus_Married,56,0,5.301516871972259e-4,0.3617050028673343,TRUE
MaritalStatus_Married,57,0,4.8305447246590105e-4,0.3618447451426575,TRUE
MaritalStatus_Married,58,0,4.401412444859441e-4,0.3619648237246643,TRUE
MaritalStatus_Married,59,0,4.010403094059142e-4,0.36206703725293354,TRUE
MaritalStatus_Married,60,0,3.6541299363170135e-4,0.36215676891571624,TRUE
MaritalStatus_Married,61,0,3.3295071039787273e-4,0.36223300246037204,TRUE
MaritalStatus_Married,62,0,3.033722869367358e-4,0.36229920518149916,TRUE
MaritalStatus_Married,63,0,2.7642152909433524e-4,0.36235666718114795,TRUE
MaritalStatus_Married,64,0,2.518650022992524e-4,0.3624065585818234,TRUE
MaritalStatus_Married,65,0,2.2949000966402086e-4,0.36244920610102305,TRUE
MaritalStatus_Married,66,0,2.091027497064395e-4,0.3624872676029919,TRUE
MaritalStatus_Married,67,0,1.9052663773384671e-4,0.3625197570378639,TRUE
MaritalStatus_Married,68,0,1.7360077635098916e-4,0.36254830031139806,TRUE
MaritalStatus_Married,69,0,1.5817856184375593e-4,0.3625750312911191,TRUE
MaritalStatus_Married,70,0,1.44126414367941e-4,0.36260080226591646,TRUE
MaritalStatus_Married,71,0,1.3132262094453617e-4,0.36262407026953836,TRUE
MaritalStatus_Married,72,0,1.1965628124013325e-4,0.36264456462794475,TRUE
MaritalStatus_Married,73,0,1.0902634700128992e-4,0.36266258741432056,TRUE
MaritalStatus_Married,74,0,9.934074682289904e-5,0.3626780375238114,TRUE
MaritalStatus_Married,75,0,9.051558866972372e-5,0.36269178587982315,TRUE
MaritalStatus_Married,76,0,8.247443324372141e-5,0.36270362765985353,TRUE
MaritalStatus_Married,77,0,7.514763190341213e-5,0.36271390608341053,TRUE
MaritalStatus_Married,78,0,6.847172340066526e-5,0.3627231816245738,TRUE
MaritalStatus_Single,1,0,0.08843463142112093,1.8248719679534334e-14,TRUE
MaritalStatus_Single,2,0,0.08057834250172598,0.010959272441944048,TRUE
MaritalStatus_Single,3,0,0.07341998463709051,0.019785171154912424,TRUE
OverTime_No,1,0,0.08843463142112093,1.8248719679534334e-14,TRUE
OverTime_Yes,1,0,0.08843463142112093,1.8248719679534334e-14,TRUE
OverTime_Yes,2,0,0.08057834250172598,0.010959272441944048,TRUE
OverTime_Yes,3,0,0.07341998463709051,0.019785171154912424,TRUE
OverTime_Yes,4,0,0.06689755555588826,0.03433078365603433,TRUE
OverTime_Yes,5,0,0.06095456109769221,0.05261994693223041,TRUE
OverTime_Yes,6,0,0.05553952588758322,0.07211847485982993,TRUE
OverTime_Yes,7,0,0.050605547481077894,0.0882469778598371,TRUE
OverTime_Yes,8,0,0.04610989011759219,0.1034412985924886,TRUE
OverTime_Yes,9,0,0.04201361456372766,0.12122984693327349,TRUE
OverTime_Yes,10,0,0.03828124084025995,0.13775092749853907,TRUE
OverTime_Yes,11,0,0.034880440911532085,0.15481153123299363,TRUE
OverTime_Yes,12,0,0.031781758675475044,0.16936306332044584,TRUE
OverTime_Yes,13,0,0.0289583548289432,0.18266092804591583,TRUE
OverTime_Yes,14,0,0.026385774398510174,0.1952692822849756,TRUE
OverTime_Yes,15,0,0.024041734923188045,0.2070706336595344,TRUE
OverTime_Yes,16,0,0.02190593345441003,0.22107063158727136,TRUE
OverTime_Yes,17,0,0.019959870701602742,0.233847881404585,TRUE
OverTime_Yes,18,0,0.01818669080018116,0.2461592743020809,TRUE
OverTime_Yes,19,0,0.01657103531411328,0.2571489104307527,TRUE
OverTime_Yes,20,0,0.015098910208494557,0.267416834480004,TRUE
OverTime_Yes,21,0,0.013757564639912196,0.2764829300150446,TRUE
OverTime_Yes,22,0,0.012535380514739396,0.2855493376091368,TRUE
OverTime_Yes,23,0,0.011421771858766349,0.2942639657578007,TRUE
OverTime_Yes,24,0,0.010407093126555881,0.3021444898547104,TRUE
OverTime_Yes,25,0,0.009482555656343221,0.30912643060277756,TRUE
OverTime_Yes,30,0,0.005955321313524932,0.33240183691285996,TRUE
OverTime_Yes,31,0,0.005426266981584693,0.3353812302958474,TRUE
OverTime_Yes,32,0,0.004944212378359185,0.3380382502464125,TRUE
OverTime_Yes,36,0,0.0034078538085554125,0.34802699349455446,TRUE
OverTime_Yes,40,0,0.0023489014410703257,0.3544208048178532,TRUE
OverTime_Yes,41,0,0.0021402315108892825,0.3555273047101022,TRUE
OverTime_Yes,43,0,0.0017768578002099217,0.3573786498837732,TRUE
OverTime_Yes,44,0,0.0016190066504645777,0.3580922440439754,TRUE
OverTime_Yes,57,0,4.8305447246590105e-4,0.3618447451426575,TRUE
OverTime_Yes,65,0,2.2949000966402086e-4,0.36244920610102305,TRUE
OverTime_Yes,78,0,6.847172340066526e-5,0.3627231816245738,TRUE
