term,step,estimate,lambda,dev.ratio
JobRole_Research.Director,100,1.2742928561499047,0.008843463142112108,0.35443528922548545
JobRole_Research.Director,99,1.2299638704444846,0.009705689881151381,0.35353045399695915
JobRole_Research.Director,98,1.1860307276678514,0.010651982662822088,0.3525440401067922
JobRole_Research.Director,97,1.1426397594711293,0.011690537822500678,0.35146768034404935
JobRole_Research.Director,96,1.0998783490464201,0.012830350828144373,0.35029496581932634
JobRole_Research.Director,95,1.0578493477662123,0.01408129419473126,0.34901816324757234
JobRole_Research.Director,94,1.0165936704754208,0.015454202995262095,0.3476323679042937
JobRole_Research.Director,93,0.9761861065090146,0.01696096870897924,0.34612886181282204
BusinessTravel_Non.Travel,100,0.9631879695280124,0.008843463142112108,0.35443528922548545
BusinessTravel_Non.Travel,99,0.9472049819339489,0.009705689881151381,0.35353045399695915
JobRole_Research.Director,92,0.936681755772626,0.01861464221967107,0.344500061431348
BusinessTravel_Non.Travel,98,0.9305122666017874,0.010651982662822088,0.3525440401067922
BusinessTravel_Non.Travel,97,0.9132313890105153,0.011690537822500678,0.35146768034404935
JobRole_Research.Director,91,0.8981271335164274,0.020429546856183922,0.34273819803571226
BusinessTravel_Non.Travel,96,0.8953864634545159,0.012830350828144373,0.35029496581932634
OverTime_No,100,0.8937046914896026,0.008843463142112108,0.35443528922548545
OverTime_Yes,100,-0.8872597461246875,0.008843463142112108,0.35443528922548545
OverTime_No,99,0.886221753938191,0.009705689881151381,0.35353045399695915
OverTime_Yes,99,-0.8794142192292126,0.009705689881151381,0.35353045399695915
OverTime_No,98,0.877827057659128,0.010651982662822088,0.3525440401067922
BusinessTravel_Non.Travel,95,0.8770784108176825,0.01408129419473126,0.34901816324757234
OverTime_Yes,98,-0.8716101032828204,0.010651982662822088,0.3525440401067922
OverTime_No,97,0.8690276988156665,0.011690537822500678,0.35146768034404935
OverTime_Yes,97,-0.8633692227886065,0.011690537822500678,0.35146768034404935
JobRole_Research.Director,90,0.8605620640197055,0.0224214024542444,0.34083549706942634
OverTime_No,96,0.8598819390380029,0.012830350828144373,0.35029496581932634
BusinessTravel_Non.Travel,94,0.8581236464163569,0.015454202995262095,0.3476323679042937
OverTime_Yes,96,-0.8546303996714054,0.012830350828144373,0.35029496581932634
OverTime_No,95,0.8507913435691712,0.01408129419473126,0.34901816324757234
OverTime_Yes,95,-0.8450391834713045,0.01408129419473126,0.34901816324757234
OverTime_No,94,0.8406646536193418,0.015454202995262095,0.3476323679042937
BusinessTravel_Non.Travel,93,0.8386626496826545,0.01696096870897924,0.34612886181282204
OverTime_Yes,94,-0.8355318133657241,0.015454202995262095,0.3476323679042937
OverTime_No,93,0.8301092127428257,0.01696096870897924,0.34612886181282204
OverTime_Yes,93,-0.8255739686154835,0.01696096870897924,0.34612886181282204
JobRole_Research.Director,89,0.8239731817123855,0.024607461514156204,0.3387857836774415
OverTime_No,92,0.8191269459208358,0.01861464221967107,0.344500061431348
BusinessTravel_Non.Travel,92,0.8187256728152242,0.01861464221967107,0.344500061431348
OverTime_Yes,92,-0.8151621056260985,0.01861464221967107,0.344500061431348
JobRole_Sales.Representative,100,-0.8115847269780169,0.008843463142112108,0.35443528922548545
OverTime_No,91,0.8077234560516564,0.020429546856183922,0.34273819803571226
JobRole_Sales.Representative,99,-0.8045922321694957,0.009705689881151381,0.35353045399695915
OverTime_Yes,91,-0.8042924529900879,0.020429546856183922,0.34273819803571226
BusinessTravel_Non.Travel,91,0.7983466561398169,0.020429546856183922,0.34273819803571226
JobRole_Sales.Representative,98,-0.7972106397699463,0.010651982662822088,0.3525440401067922
OverTime_No,90,0.7959339049025309,0.0224214024542444,0.34083549706942634
OverTime_Yes,90,-0.7929411392846998,0.0224214024542444,0.34083549706942634
JobRole_Sales.Representative,97,-0.7894480897848273,0.011690537822500678,0.35146768034404935
JobRole_Research.Director,88,0.7885034019840718,0.027006658633704324,0.33657437421617786
OverTime_No,89,0.7842404731335475,0.024607461514156204,0.3387857836774415
JobRole_Sales.Representative,96,-0.7813253300208771,0.012830350828144373,0.35029496581932634
OverTime_Yes,89,-0.7807496459114021,0.024607461514156204,0.3387857836774415
BusinessTravel_Non.Travel,90,0.7775651685308911,0.0224214024542444,0.34083549706942634
JobRole_Sales.Representative,95,-0.7727826965993759,0.01408129419473126,0.34901816324757234
OverTime_No,88,0.7710054590889975,0.027006658633704324,0.33657437421617786
OverTime_Yes,88,-0.7689676564444177,0.027006658633704324,0.33657437421617786
JobRole_Sales.Representative,94,-0.7640190495911324,0.015454202995262095,0.3476323679042937
JobRole_Laboratory.Technician,100,-0.7634655073941905,0.008843463142112108,0.35443528922548545
OverTime_No,87,0.7579574632268159,0.029639774510582882,0.3342002285797351
BusinessTravel_Non.Travel,89,0.7564981713333525,0.024607461514156204,0.3387857836774415
OverTime_Yes,87,-0.7562942022779198,0.029639774510582882,0.3342002285797351
JobRole_Sales.Representative,93,-0.7549549774173964,0.01696096870897924,0.34612886181282204
JobRole_Research.Director,87,0.7540559663805546,0.029639774510582882,0.3342002285797351
JobRole_Laboratory.Technician,99,-0.7489641501341959,0.009705689881151381,0.35353045399695915
JobRole_Sales.Representative,92,-0.7456056310886667,0.01861464221967107,0.344500061431348
OverTime_No,86,0.7445174960605474,0.032529615934857266,0.33165302277616854
OverTime_Yes,86,-0.7431820156708674,0.032529615934857266,0.33165302277616854
JobRole_Sales.Representative,91,-0.735982822471687,0.020429546856183922,0.34273819803571226
BusinessTravel_Non.Travel,88,0.734943483269412,0.027006658633704324,0.33657437421617786
JobRole_Laboratory.Technician,98,-0.7344244016361332,0.010651982662822088,0.3525440401067922
EducationField_Human.Resources,100,-0.7321046422000054,0.008843463142112108,0.35443528922548545
OverTime_No,85,0.7306942694827976,0.0357012133304691,0.3289250107963617
OverTime_Yes,85,-0.7296398561420844,0.0357012133304691,0.3289250107963617
JobRole_Sales.Representative,90,-0.7260888723384852,0.0224214024542444,0.34083549706942634
EducationField_Human.Resources,99,-0.7252058507173879,0.009705689881151381,0.35353045399695915
JobRole_Research.Director,86,0.7206798786208034,0.032529615934857266,0.33165302277616854
JobRole_Laboratory.Technician,97,-0.7196961692207801,0.011690537822500678,0.35146768034404935
EducationField_Human.Resources,98,-0.7176909224254545,0.010651982662822088,0.3525440401067922
OverTime_No,84,0.7164969802806286,0.03918203755679407,0.32600871065873394
JobRole_Sales.Representative,89,-0.7158062069894765,0.024607461514156204,0.3387857836774415
OverTime_Yes,84,-0.7156782606485169,0.03918203755679407,0.32600871065873394
BusinessTravel_Non.Travel,87,0.7131975605451892,0.029639774510582882,0.3342002285797351
EducationField_Human.Resources,97,-0.7097735704152426,0.011690537822500678,0.35146768034404935
JobRole_Sales.Representative,88,-0.7056081463636249,0.027006658633704324,0.33657437421617786
JobRole_Laboratory.Technician,96,-0.704794341029197,0.012830350828144373,0.35029496581932634
OverTime_No,83,0.7019352856257581,0.04300223784808405,0.32289698885976165
EducationField_Human.Resources,96,-0.7014717741660189,0.012830350828144373,0.35029496581932634
OverTime_Yes,83,-0.7013094692892068,0.04300223784808405,0.32289698885976165
JobRole_Sales.Representative,87,-0.6950089907125755,0.029639774510582882,0.3342002285797351
EducationField_Human.Resources,95,-0.692984380294997,0.01408129419473126,0.34901816324757234
BusinessTravel_Non.Travel,86,0.6912236899788047,0.032529615934857266,0.33165302277616854
JobRole_Laboratory.Technician,95,-0.6896048859889516,0.01408129419473126,0.34901816324757234
JobRole_Research.Director,85,0.6883823285587617,0.0357012133304691,0.3289250107963617
OverTime_No,82,0.6870204533035532,0.04719490295171102,0.3195831771275536
OverTime_Yes,82,-0.6865468931669839,0.04719490295171102,0.3195831771275536
JobRole_Sales.Representative,86,-0.6841849706880341,0.032529615934857266,0.33165302277616854
EducationField_Human.Resources,94,-0.6837803888470377,0.015454202995262095,0.3476323679042937
BusinessTravel_Travel_Frequently,100,-0.6822123632588493,0.008843463142112108,0.35443528922548545
JobRole_Laboratory.Technician,94,-0.6743568774039121,0.015454202995262095,0.3476323679042937
BusinessTravel_Travel_Frequently,99,-0.6741558271438378,0.009705689881151381,0.35353045399695915
EducationField_Human.Resources,93,-0.6741308565041688,0.01696096870897924,0.34612886181282204
JobRole_Sales.Representative,85,-0.6731417223786252,0.0357012133304691,0.3289250107963617
OverTime_No,81,0.6719390849956295,0.051796347727067434,0.316064069827691
OverTime_Yes,81,-0.6713054463259154,0.051796347727067434,0.316064069827691
BusinessTravel_Non.Travel,85,0.6690713695536384,0.0357012133304691,0.3289250107963617
BusinessTravel_Travel_Frequently,98,-0.6657993622868341,0.010651982662822088,0.3525440401067922
EducationField_Human.Resources,92,-0.6640296294445324,0.01861464221967107,0.344500061431348
JobRole_Sales.Representative,84,-0.6618842864832236,0.03918203755679407,0.32600871065873394
JobRole_Laboratory.Technician,93,-0.6589450092822132,0.01696096870897924,0.34612886181282204
JobRole_Research.Director,84,0.6571664052212606,0.03918203755679407,0.32600871065873394
BusinessTravel_Travel_Frequently,97,-0.6570414032045611,0.011690537822500678,0.35146768034404935
OverTime_No,80,0.6563054154355439,0.05684642768750557,0.3123275256589967
OverTime_Yes,80,-0.6558310611501251,0.05684642768750557,0.3123275256589967
EducationField_Human.Resources,91,-0.6534728716923683,0.020429546856183922,0.34273819803571226
JobRole_Sales.Representative,83,-0.6504174337642692,0.04300223784808405,0.32289698885976165
BusinessTravel_Travel_Frequently,96,-0.6478760293201782,0.012830350828144373,0.35029496581932634
BusinessTravel_Non.Travel,84,0.6467913457732732,0.03918203755679407,0.32600871065873394
JobRole_Laboratory.Technician,92,-0.6433776693801477,0.01861464221967107,0.344500061431348
EducationField_Human.Resources,90,-0.6424745285171574,0.0224214024542444,0.34083549706942634
OverTime_No,79,0.6403586565260617,0.06238888420972765,0.3083722059616063
OverTime_Yes,79,-0.6400078186039854,0.06238888420972765,0.3083722059616063
JobRole_Sales.Representative,82,-0.6387467582357029,0.04719490295171102,0.3195831771275536
BusinessTravel_Travel_Frequently,95,-0.6382441613795601,0.01408129419473126,0.34901816324757234
EducationField_Human.Resources,89,-0.6313439540942937,0.024607461514156204,0.3387857836774415
BusinessTravel_Travel_Frequently,94,-0.6283041415851696,0.015454202995262095,0.3476323679042937
JobRole_Laboratory.Technician,91,-0.6276635053563198,0.020429546856183922,0.34273819803571226
JobRole_Research.Director,83,0.627031523638869,0.04300223784808405,0.32289698885976165
JobRole_Sales.Representative,81,-0.6268375313274471,0.051796347727067434,0.316064069827691
BusinessTravel_Non.Travel,83,0.6244351556671068,0.04300223784808405,0.32289698885976165
OverTime_No,78,0.6241129822797638,0.06847172340066532,0.30419410135566793
OverTime_Yes,78,-0.6238552663003354,0.06847172340066532,0.30419410135566793
EducationField_Human.Resources,88,-0.6190692028628496,0.027006658633704324,0.33657437421617786
BusinessTravel_Travel_Frequently,93,-0.6179761555970759,0.01696096870897924,0.34612886181282204
JobRole_Sales.Representative,80,-0.614788931374783,0.05684642768750557,0.3123275256589967
JobRole_Human.Resources,100,-0.6140458539548295,0.008843463142112108,0.35443528922548545
JobRole_Laboratory.Technician,90,-0.6118174221678474,0.0224214024542444,0.34083549706942634
OverTime_No,77,0.6075838170483885,0.07514763190341218,0.29979010201004386
OverTime_Yes,77,-0.6073943397318583,0.07514763190341218,0.29979010201004386
BusinessTravel_Travel_Frequently,92,-0.607269040315264,0.01861464221967107,0.344500061431348
EducationField_Human.Resources,87,-0.6067045142875137,0.029639774510582882,0.3342002285797351
JobRole_Sales.Representative,79,-0.6025475886384128,0.06238888420972765,0.3083722059616063
BusinessTravel_Non.Travel,82,0.6020548533295628,0.04719490295171102,0.3195831771275536
JobRole_Research.Director,82,0.5979744741564649,0.04719490295171102,0.3195831771275536
BusinessTravel_Travel_Frequently,91,-0.5961937791394569,0.020429546856183922,0.34273819803571226
JobRole_Laboratory.Technician,89,-0.5958238803615584,0.024607461514156204,0.3387857836774415
EducationField_Human.Resources,86,-0.5939065357448434,0.032529615934857266,0.33165302277616854
EducationField_Technical.Degree,100,-0.5911412022860801,0.008843463142112108,0.35443528922548545
OverTime_No,76,0.5907881370870134,0.08247443324372147,0.29515809049346203
OverTime_Yes,76,-0.5906473283099887,0.08247443324372147,0.29515809049346203
JobRole_Sales.Representative,78,-0.5901184246308829,0.06847172340066532,0.30419410135566793
BusinessTravel_Travel_Frequently,90,-0.5847623417298686,0.0224214024542444,0.34083549706942634
EducationField_Technical.Degree,99,-0.5838615204145883,0.009705689881151381,0.35353045399695915
JobRole_Human.Resources,99,-0.5815904285827065,0.009705689881151381,0.35353045399695915
EducationField_Human.Resources,85,-0.5806891383361208,0.0357012133304691,0.3289250107963617
JobRole_Laboratory.Technician,88,-0.5797546134800099,0.027006658633704324,0.33657437421617786
BusinessTravel_Non.Travel,81,0.57972180822817,0.051796347727067434,0.316064069827691
JobRole_Sales.Representative,77,-0.5775066756644919,0.07514763190341218,0.29979010201004386
EducationField_Technical.Degree,98,-0.5762864899602476,0.010651982662822088,0.3525440401067922
OverTime_No,75,0.5737447681115241,0.09051558866972378,0.2902970347206943
OverTime_Yes,75,-0.5736378896967302,0.09051558866972378,0.2902970347206943
BusinessTravel_Travel_Frequently,89,-0.5729557066808549,0.024607461514156204,0.3387857836774415
JobRole_Research.Director,81,0.5700480455072132,0.051796347727067434,0.316064069827691
EducationField_Technical.Degree,97,-0.5683843566516092,0.011690537822500678,0.35146768034404935
EducationField_Human.Resources,84,-0.5670693046856068,0.03918203755679407,0.32600871065873394
JobRole_Sales.Representative,76,-0.5647176900810413,0.08247443324372147,0.29515809049346203
JobRole_Laboratory.Technician,87,-0.5635669330019312,0.029639774510582882,0.3342002285797351
BusinessTravel_Travel_Frequently,88,-0.560899146679843,0.027006658633704324,0.33657437421617786
EducationField_Technical.Degree,96,-0.5601494753502269,0.012830350828144373,0.35029496581932634
BusinessTravel_Non.Travel,80,0.557441517764026,0.05684642768750557,0.3123275256589967
OverTime_No,74,0.556474605827143,0.0993407468228991,0.2852070720866199
OverTime_Yes,74,-0.556391096833652,0.0993407468228991,0.2852070720866199
EducationField_Human.Resources,83,-0.5530669863327856,0.04300223784808405,0.32289698885976165
JobRole_Human.Resources,98,-0.5525197802585159,0.010651982662822088,0.3525440401067922
JobRole_Sales.Representative,75,-0.5517566976319649,0.09051558866972378,0.2902970347206943
EducationField_Technical.Degree,95,-0.5515668187571865,0.01408129419473126,0.34901816324757234
BusinessTravel_Travel_Frequently,87,-0.5485004092066674,0.029639774510582882,0.3342002285797351
JobRole_Laboratory.Technician,86,-0.5472928509429875,0.032529615934857266,0.33165302277616854
JobRole_Manufacturing.Director,100,0.545307403340468,0.008843463142112108,0.35443528922548545
JobRole_Manufacturing.Director,99,0.5433433680623457,0.009705689881151381,0.35353045399695915
JobRole_Research.Director,80,0.5431210868896094,0.05684642768750557,0.3123275256589967
EducationField_Technical.Degree,94,-0.5426772780846201,0.015454202995262095,0.3476323679042937
JobRole_Manufacturing.Director,98,0.5406865241793547,0.010651982662822088,0.3525440401067922
OverTime_No,73,0.5390281011167761,0.10902634700129,0.2798897828206845
OverTime_Yes,73,-0.5389234052007581,0.10902634700129,0.2798897828206845
EducationField_Human.Resources,82,-0.5387049883568382,0.04719490295171102,0.3195831771275536
JobRole_Sales.Representative,74,-0.5386286598250315,0.0993407468228991,0.2852070720866199
JobRole_Manufacturing.Director,97,0.5374669786097243,0.011690537822500678,0.35146768034404935
BusinessTravel_Travel_Frequently,86,-0.5358166710576766,0.032529615934857266,0.33165302277616854
BusinessTravel_Non.Travel,79,0.5352912342023244,0.06238888420972765,0.3083722059616063
JobRole_Manufacturing.Director,96,0.5336692832667371,0.012830350828144373,0.35029496581932634
EducationField_Technical.Degree,93,-0.5334558682122551,0.01696096870897924,0.34612886181282204
JobRole_Laboratory.Technician,85,-0.53094756791854,0.0357012133304691,0.3289250107963617
JobRole_Manufacturing.Director,95,0.5293787373787837,0.01408129419473126,0.34901816324757234
JobRole_Sales.Representative,73,-0.5253607909559912,0.10902634700129,0.2798897828206845
JobRole_Human.Resources,97,-0.5249064165094323,0.011690537822500678,0.35146768034404935
JobRole_Manufacturing.Director,94,0.5244082958841563,0.015454202995262095,0.3476323679042937
EducationField_Human.Resources,81,-0.5242057677816607,0.051796347727067434,0.316064069827691
EducationField_Technical.Degree,92,-0.5239042386479745,0.01861464221967107,0.344500061431348
BusinessTravel_Travel_Frequently,85,-0.5228691575776122,0.0357012133304691,0.3289250107963617
OverTime_No,72,0.5213645374339139,0.11965628124013335,0.27434710687085806
OverTime_Yes,72,-0.5212876947554393,0.11965628124013335,0.27434710687085806
JobRole_Manufacturing.Director,93,0.5188509384830632,0.01696096870897924,0.34612886181282204
JobRole_Research.Director,79,0.5172352010647674,0.06238888420972765,0.3083722059616063
JobRole_Laboratory.Technician,84,-0.5145475532282092,0.03918203755679407,0.32600871065873394
EducationField_Technical.Degree,91,-0.5140255321117545,0.020429546856183922,0.34273819803571226
BusinessTravel_Non.Travel,78,0.5133201701962187,0.06847172340066532,0.30419410135566793
JobRole_Manufacturing.Director,92,0.5127093652721202,0.01861464221967107,0.344500061431348
JobRole_Sales.Representative,72,-0.5119084047012634,0.11965628124013335,0.27434710687085806
MaritalStatus_Single,100,-0.5104895451110499,0.008843463142112108,0.35443528922548545
BusinessTravel_Travel_Frequently,84,-0.5096802234947494,0.03918203755679407,0.32600871065873394
EducationField_Human.Resources,80,-0.5091659789183619,0.05684642768750557,0.3123275256589967
MaritalStatus_Single,99,-0.506818435260331,0.009705689881151381,0.35353045399695915
JobRole_Manufacturing.Director,91,0.5059905806355383,0.020429546856183922,0.34273819803571226
EducationField_Technical.Degree,90,-0.5038236701774974,0.0224214024542444,0.34083549706942634
OverTime_No,71,0.5035559682976855,0.13132262094453628,0.2685840919729863
OverTime_Yes,71,-0.5034980309504427,0.13132262094453628,0.2685840919729863
MaritalStatus_Single,98,-0.5031510777801466,0.010651982662822088,0.3525440401067922
MaritalStatus_Single,97,-0.49928708252064496,0.011690537822500678,0.35146768034404935
JobRole_Manufacturing.Director,90,0.49870393058427137,0.0224214024542444,0.34083549706942634
JobRole_Human.Resources,96,-0.49861463620662577,0.012830350828144373,0.35029496581932634
JobRole_Sales.Representative,71,-0.4982995625677675,0.13132262094453628,0.2685840919729863
JobRole_Laboratory.Technician,83,-0.49811062017404223,0.04300223784808405,0.32289698885976165
BusinessTravel_Travel_Frequently,83,-0.49627317450086383,0.04300223784808405,0.32289698885976165
MaritalStatus_Single,96,-0.4952088095335702,0.012830350828144373,0.35029496581932634
EducationField_Human.Resources,79,-0.49385000534481216,0.06238888420972765,0.3083722059616063
EducationField_Technical.Degree,89,-0.4933022985943384,0.024607461514156204,0.3387857836774415
JobRole_Research.Director,78,0.4923744088433379,0.06847172340066532,0.30419410135566793
BusinessTravel_Non.Travel,77,0.49157591731052663,0.07514763190341218,0.29979010201004386
JobRole_Manufacturing.Director,89,0.49087780143970405,0.024607461514156204,0.3387857836774415
MaritalStatus_Single,95,-0.49073729759086687,0.01408129419473126,0.34901816324757234
JobRole_Manager,100,0.4873777775950326,0.008843463142112108,0.35443528922548545
MaritalStatus_Single,94,-0.48628246482491605,0.015454202995262095,0.3476323679042937
OverTime_No,70,0.48563226930712644,0.14412641436794113,0.26260639827158394
OverTime_Yes,70,-0.48558721327438903,0.14412641436794113,0.26260639827158394
JobRole_Sales.Representative,70,-0.4845392118802723,0.14412641436794113,0.26260639827158394
BusinessTravel_Travel_Frequently,82,-0.4826722597036765,0.04719490295171102,0.3195831771275536
JobRole_Manufacturing.Director,88,0.48249279732276523,0.027006658633704324,0.33657437421617786
EducationField_Technical.Degree,88,-0.48248766471788035,0.027006658633704324,0.33657437421617786
JobRole_Laboratory.Technician,82,-0.48165501133699845,0.04719490295171102,0.3195831771275536
MaritalStatus_Single,93,-0.4816187884466703,0.01696096870897924,0.34612886181282204
EducationField_Other,100,0.48069777539608294,0.008843463142112108,0.35443528922548545
EducationField_Other,99,0.4791240500134516,0.009705689881151381,0.35353045399695915
EducationField_Human.Resources,78,-0.4782913833899636,0.06847172340066532,0.30419410135566793
EducationField_Other,98,0.47717820151697005,0.010651982662822088,0.3525440401067922
MaritalStatus_Single,92,-0.47674347851196824,0.01861464221967107,0.344500061431348
EducationField_Other,97,0.47489716604714244,0.011690537822500678,0.35146768034404935
JobRole_Manufacturing.Director,87,0.4736118061192669,0.029639774510582882,0.3342002285797351
JobRole_Human.Resources,95,-0.4723525915801113,0.01408129419473126,0.34901816324757234
EducationField_Other,96,0.47225511365005796,0.012830350828144373,0.35029496581932634
MaritalStatus_Single,91,-0.47165404059472954,0.020429546856183922,0.34273819803571226
EducationField_Technical.Degree,87,-0.4713716362253073,0.029639774510582882,0.3342002285797351
JobRole_Sales.Representative,69,-0.4706323633934857,0.15817856184375606,0.25642120490941533
BusinessTravel_Non.Travel,76,0.470104150879975,0.08247443324372147,0.29515809049346203
EducationField_Other,95,0.4692782767499091,0.01408129419473126,0.34901816324757234
BusinessTravel_Travel_Frequently,81,-0.46889861865954224,0.051796347727067434,0.316064069827691
JobRole_Research.Director,77,0.46852020141309997,0.07514763190341218,0.29979010201004386
OverTime_No,69,0.46762597088531316,0.15817856184375606,0.25642120490941533
OverTime_Yes,69,-0.4675899351223361,0.15817856184375606,0.25642120490941533
JobRole_Manager,99,0.46678396765391394,0.009705689881151381,0.35353045399695915
MaritalStatus_Single,90,-0.46634566047733,0.0224214024542444,0.34083549706942634
EducationField_Other,94,0.4658124641222712,0.015454202995262095,0.3476323679042937
JobRole_Laboratory.Technician,81,-0.4652063834186759,0.051796347727067434,0.316064069827691
JobRole_Manufacturing.Director,86,0.46424856214578886,0.032529615934857266,0.33165302277616854
EducationField_Human.Resources,77,-0.46252546164221287,0.07514763190341218,0.29979010201004386
EducationField_Other,93,0.4619029487190066,0.01696096870897924,0.34612886181282204
MaritalStatus_Single,89,-0.46064377855517014,0.024607461514156204,0.3387857836774415
EducationField_Technical.Degree,86,-0.4599751455928437,0.032529615934857266,0.33165302277616854
EducationField_Other,92,0.4575267901368036,0.01861464221967107,0.344500061431348
JobRole_Sales.Representative,68,-0.45658445798089686,0.1736007763509893,0.250037252376955
MaritalStatus_Single,88,-0.4550793866854032,0.027006658633704324,0.33657437421617786
BusinessTravel_Travel_Frequently,80,-0.45498401356163215,0.05684642768750557,0.3123275256589967
JobRole_Manufacturing.Director,85,0.4544340878137058,0.0357012133304691,0.3289250107963617
EducationField_Other,91,0.45266390869575035,0.020429546856183922,0.34273819803571226
OverTime_No,68,0.4495722147940388,0.1736007763509893,0.250037252376955
OverTime_Yes,68,-0.4495428347115225,0.1736007763509893,0.250037252376955
JobInvolvement,100,0.44924084715149026,0.008843463142112108,0.35443528922548545
JobRole_Human.Resources,94,-0.44911705667453933,0.015454202995262095,0.3476323679042937
MaritalStatus_Single,87,-0.4491129849239241,0.029639774510582882,0.3342002285797351
BusinessTravel_Non.Travel,75,0.44894837141975497,0.09051558866972378,0.2902970347206943
JobRole_Laboratory.Technician,80,-0.4487759436006779,0.05684642768750557,0.3123275256589967
EducationField_Technical.Degree,85,-0.448314718978446,0.0357012133304691,0.3289250107963617
EducationField_Other,90,0.4472983218669497,0.0224214024542444,0.34083549706942634
JobRole_Manager,98,0.4467946291157597,0.010651982662822088,0.3525440401067922
EducationField_Human.Resources,76,-0.4465892505999552,0.08247443324372147,0.29515809049346203
JobRole_Research.Director,76,0.44565156431045366,0.08247443324372147,0.29515809049346203
JobInvolvement,99,0.4454923502077736,0.009705689881151381,0.35353045399695915
JobRole_Manufacturing.Director,84,0.44420280411432034,0.03918203755679407,0.32600871065873394
MaritalStatus_Single,86,-0.4429232064486959,0.032529615934857266,0.33165302277616854
JobRole_Sales.Representative,67,-0.4424018470670158,0.1905266377338469,0.24346486972832568
JobInvolvement,98,0.44149496489168455,0.010651982662822088,0.3525440401067922
EducationField_Other,89,0.4414635234183293,0.024607461514156204,0.3387857836774415
BusinessTravel_Travel_Frequently,79,-0.4409505346494575,0.06238888420972765,0.3083722059616063
JobInvolvement,97,0.4372388792965071,0.011690537822500678,0.35146768034404935
MaritalStatus_Single,85,-0.43650872421165465,0.0357012133304691,0.3289250107963617
EducationField_Technical.Degree,84,-0.4364094665976814,0.03918203755679407,0.32600871065873394
EducationField_Other,88,0.4350019786173253,0.027006658633704324,0.33657437421617786
JobRole_Manufacturing.Director,83,0.43359203069265567,0.04300223784808405,0.32289698885976165
JobInvolvement,96,0.4327131425516977,0.012830350828144373,0.35029496581932634
JobRole_Laboratory.Technician,79,-0.4323922824274949,0.06238888420972765,0.3083722059616063
OverTime_No,67,0.43150862287769814,0.1905266377338469,0.24346486972832568
OverTime_Yes,67,-0.431484491219759,0.1905266377338469,0.24346486972832568
EducationField_Human.Resources,75,-0.43052132300147805,0.09051558866972378,0.2902970347206943
MaritalStatus_Single,84,-0.42986838221622403,0.03918203755679407,0.32600871065873394
BusinessTravel_Non.Travel,74,0.42814962615369345,0.0993407468228991,0.2852070720866199
JobRole_Sales.Representative,66,-0.42809234386971706,0.2091027497064397,0.23671598444697853
EducationField_Other,87,0.42806088159285827,0.029639774510582882,0.3342002285797351
JobInvolvement,95,0.42790916426187886,0.01408129419473126,0.34901816324757234
JobRole_Manager,97,0.42757232132599826,0.011690537822500678,0.35146768034404935
JobRole_Human.Resources,93,-0.42718172517982533,0.01696096870897924,0.34612886181282204
BusinessTravel_Travel_Frequently,78,-0.4268243567514156,0.06847172340066532,0.30419410135566793
EducationField_Technical.Degree,83,-0.42428103582128923,0.04300223784808405,0.32289698885976165
JobRole_Research.Director,75,0.4237450928196731,0.09051558866972378,0.2902970347206943
MaritalStatus_Single,83,-0.4230012261956955,0.04300223784808405,0.32289698885976165
JobInvolvement,94,0.4228133054250104,0.015454202995262095,0.3476323679042937
JobRole_Manufacturing.Director,82,0.4226423416432076,0.04719490295171102,0.3195831771275536
EducationField_Other,86,0.4205897850582671,0.032529615934857266,0.33165302277616854
JobInvolvement,93,0.4174194163312582,0.01696096870897924,0.34612886181282204
JobRole_Laboratory.Technician,78,-0.4160796109741127,0.06847172340066532,0.30419410135566793
MaritalStatus_Single,82,-0.4159067812021955,0.04719490295171102,0.3195831771275536
JobRole_Healthcare.Representative,100,0.41471680800304417,0.008843463142112108,0.35443528922548545
EducationField_Human.Resources,74,-0.41436183613132876,0.0993407468228991,0.2852070720866199
JobRole_Sales.Representative,65,-0.41366579954695226,0.22949000966402106,0.2298041132874453
OverTime_No,66,0.41347508170556374,0.2091027497064397,0.23671598444697853
OverTime_Yes,66,-0.41345534668112344,0.2091027497064397,0.23671598444697853
BusinessTravel_Travel_Frequently,77,-0.41263188247684907,0.07514763190341218,0.29979010201004386
EducationField_Other,85,0.41259452849156664,0.0357012133304691,0.3289250107963617
EducationField_Technical.Degree,82,-0.41195365577003645,0.04719490295171102,0.3195831771275536
JobInvolvement,92,0.41172021201256104,0.01861464221967107,0.344500061431348
JobRole_Manufacturing.Director,81,0.4114312760649241,0.051796347727067434,0.316064069827691
JobRole_Healthcare.Representative,99,0.41120967897780514,0.009705689881151381,0.35353045399695915
JobRole_Manager,96,0.409177307838789,0.012830350828144373,0.35029496581932634
MaritalStatus_Single,81,-0.4085641669954588,0.051796347727067434,0.316064069827691
BusinessTravel_Non.Travel,73,0.407746331511743,0.10902634700129,0.2798897828206845
JobRole_Healthcare.Representative,98,0.40718512181768723,0.010651982662822088,0.3525440401067922
JobRole_Human.Resources,92,-0.4064974373241516,0.01861464221967107,0.344500061431348
JobInvolvement,91,0.4057098258362263,0.020429546856183922,0.34273819803571226
EducationField_Other,84,0.4040862917496802,0.03918203755679407,0.32600871065873394
JobRole_Healthcare.Representative,97,0.4028412446544536,0.011690537822500678,0.35146768034404935
JobRole_Research.Director,74,0.4027752201387308,0.0993407468228991,0.2852070720866199
MaritalStatus_Single,80,-0.4010238723774321,0.05684642768750557,0.3123275256589967
JobRole_Manufacturing.Director,80,0.3999255919976281,0.05684642768750557,0.3123275256589967
JobRole_Laboratory.Technician,77,-0.39986313456374983,0.07514763190341218,0.29979010201004386
EducationField_Technical.Degree,81,-0.39945989551625394,0.051796347727067434,0.316064069827691
JobInvolvement,90,0.3993838056916838,0.0224214024542444,0.34083549706942634
JobRole_Sales.Representative,64,-0.39913463617369727,0.2518650022992526,0.2227443296176399
EnvironmentSatisfaction,100,0.3986403965657128,0.008843463142112108,0.35443528922548545
BusinessTravel_Travel_Frequently,76,-0.39839968803654086,0.08247443324372147,0.29515809049346203
EducationField_Human.Resources,73,-0.39820741307549984,0.10902634700129,0.2798897828206845
JobRole_Healthcare.Representative,96,0.39818088438733784,0.012830350828144373,0.35029496581932634
OverTime_No,65,0.395513448023006,0.22949000966402106,0.2298041132874453
OverTime_Yes,65,-0.39549753991811343,0.22949000966402106,0.2298041132874453
EducationField_Other,83,0.39508159742317855,0.04300223784808405,0.32289698885976165
JobRole_Healthcare.Representative,95,0.39334671865768656,0.01408129419473126,0.34901816324757234
MaritalStatus_Single,79,-0.3932531330010218,0.06238888420972765,0.3083722059616063
EnvironmentSatisfaction,99,0.39322293688089377,0.009705689881151381,0.35353045399695915
JobInvolvement,89,0.3927424079744797,0.024607461514156204,0.3387857836774415
JobRole_Manager,95,0.3917263726994281,0.01408129419473126,0.34901816324757234
JobRole_Manufacturing.Director,79,0.38820460765560494,0.06238888420972765,0.3083722059616063
JobRole_Healthcare.Representative,94,0.38806759488703413,0.015454202995262095,0.3476323679042937
BusinessTravel_Non.Travel,72,0.38777312721239304,0.11965628124013335,0.27434710687085806
EnvironmentSatisfaction,98,0.38754720306456963,0.010651982662822088,0.3525440401067922
JobRole_Human.Resources,91,-0.38701224937997053,0.020429546856183922,0.34273819803571226
EducationField_Technical.Degree,80,-0.3868137581247129,0.05684642768750557,0.3123275256589967
JobInvolvement,88,0.3857786068364244,0.027006658633704324,0.33657437421617786
EducationField_Other,82,0.38560228978838657,0.04719490295171102,0.3195831771275536
MaritalStatus_Single,78,-0.38525309355919185,0.06847172340066532,0.30419410135566793
JobRole_Sales.Representative,63,-0.3845136110408384,0.2764215290943355,0.21555239569290216
BusinessTravel_Travel_Frequently,75,-0.38415448744676495,0.09051558866972378,0.2902970347206943
JobRole_Laboratory.Technician,76,-0.38376892462760315,0.08247443324372147,0.29515809049346203
JobRole_Research.Director,73,0.3827565683501419,0.10902634700129,0.2798897828206845
JobRole_Healthcare.Representative,93,0.38249685839465586,0.01696096870897924,0.34612886181282204
EducationField_Human.Resources,72,-0.38196876703754534,0.11965628124013335,0.27434710687085806
EnvironmentSatisfaction,97,0.38160994664168263,0.011690537822500678,0.35146768034404935
JobInvolvement,87,0.3785002116544995,0.029639774510582882,0.3342002285797351
OverTime_No,64,0.3776671713807707,0.2518650022992526,0.2227443296176399
OverTime_Yes,64,-0.37765463168923125,0.2518650022992526,0.2227443296176399
MaritalStatus_Single,77,-0.3770257368394137,0.07514763190341218,0.29979010201004386
JobRole_Healthcare.Representative,92,0.37664421134514453,0.01861464221967107,0.344500061431348
JobRole_Manufacturing.Director,78,0.3763112173656187,0.06847172340066532,0.30419410135566793
EducationField_Other,81,0.37568490956935824,0.051796347727067434,0.316064069827691
EnvironmentSatisfaction,96,0.37541232189257256,0.012830350828144373,0.35029496581932634
JobRole_Manager,94,0.3750601822467931,0.015454202995262095,0.3476323679042937
EducationField_Technical.Degree,79,-0.37405272389254285,0.06238888420972765,0.3083722059616063
JobInvolvement,86,0.3709092230801129,0.032529615934857266,0.33165302277616854
JobRole_Healthcare.Representative,91,0.370520753389673,0.020429546856183922,0.34273819803571226
BusinessTravel_Travel_Frequently,74,-0.36992308966287496,0.0993407468228991,0.2852070720866199
JobRole_Sales.Representative,62,-0.36982195122376244,0.30337228693673607,0.20824831262114743
EnvironmentSatisfaction,95,0.3689562209183575,0.01408129419473126,0.34901816324757234
JobRole_Human.Resources,90,-0.3686531251748328,0.0224214024542444,0.34083549706942634
MaritalStatus_Single,76,-0.36857401194229483,0.08247443324372147,0.29515809049346203
BusinessTravel_Non.Travel,71,0.3682648085542674,0.13132262094453628,0.2685840919729863
JobRole_Laboratory.Technician,75,-0.3678237673762338,0.09051558866972378,0.2902970347206943
EducationField_Human.Resources,71,-0.365771858266988,0.13132262094453628,0.2685840919729863
EducationField_Other,80,0.3653376470444985,0.05684642768750557,0.3123275256589967
JobRole_Manufacturing.Director,77,0.36428770851812503,0.07514763190341218,0.29979010201004386
JobRole_Healthcare.Representative,90,0.36413725304623457,0.0224214024542444,0.34083549706942634
JobRole_Research.Director,72,0.36356283725079547,0.11965628124013335,0.27434710687085806
JobInvolvement,85,0.3630119556241731,0.0357012133304691,0.3289250107963617
EnvironmentSatisfaction,94,0.36223980172038744,0.015454202995262095,0.3476323679042937
EducationField_Technical.Degree,78,-0.3612083775741938,0.06847172340066532,0.30419410135566793
OverTime_No,63,0.3599785784714038,0.2764215290943355,0.21555239569290216
OverTime_Yes,63,-0.3599703446725421,0.2764215290943355,0.21555239569290216
MaritalStatus_Single,75,-0.35990197774840865,0.09051558866972378,0.2902970347206943
JobRole_Manager,93,0.3592969325813042,0.01696096870897924,0.34612886181282204
MaritalStatus_Divorced,100,0.3584701881960752,0.008843463142112108,0.35443528922548545
JobRole_Healthcare.Representative,89,0.35754996536636763,0.024607461514156204,0.3387857836774415
BusinessTravel_Travel_Frequently,73,-0.35572652060802346,0.10902634700129,0.2798897828206845
EnvironmentSatisfaction,93,0.35526972892429953,0.01696096870897924,0.34612886181282204
JobRole_Sales.Representative,61,-0.3550841565737572,0.33295071039787305,0.20085025136497922
JobInvolvement,84,0.3548171522026439,0.03918203755679407,0.32600871065873394
EducationField_Other,79,0.3546102891198772,0.06238888420972765,0.3083722059616063
MaritalStatus_Divorced,99,0.35445003134005054,0.009705689881151381,0.35353045399695915
JobRole_Manufacturing.Director,76,0.3521752015318426,0.08247443324372147,0.29515809049346203
JobRole_Laboratory.Technician,74,-0.35205504805919496,0.0993407468228991,0.2852070720866199
MaritalStatus_Single,74,-0.3510149779991625,0.0993407468228991,0.2852070720866199
JobRole_Healthcare.Representative,88,0.3506426903399215,0.027006658633704324,0.33657437421617786
JobRole_Human.Resources,89,-0.3503786299428658,0.024607461514156204,0.3387857836774415
MaritalStatus_Divorced,98,0.35011460395560245,0.010651982662822088,0.3525440401067922
EducationField_Human.Resources,70,-0.34966040319304437,0.14412641436794113,0.26260639827158394
BusinessTravel_Non.Travel,70,0.34925098935318805,0.14412641436794113,0.26260639827158394
EducationField_Technical.Degree,77,-0.34831330506512764,0.07514763190341218,0.29979010201004386
EnvironmentSatisfaction,92,0.3480519579619587,0.01861464221967107,0.344500061431348
JobInvolvement,83,0.3463360270118349,0.04300223784808405,0.32289698885976165
MaritalStatus_Divorced,97,0.34564844794151856,0.011690537822500678,0.35146768034404935
JobRole_Research.Director,71,0.34522102542658173,0.13132262094453628,0.2685840919729863
JobRole_Manager,92,0.3444435382660083,0.01861464221967107,0.344500061431348
JobRole_Healthcare.Representative,87,0.34356250881543987,0.029639774510582882,0.3342002285797351
EducationField_Other,78,0.3435426264106043,0.06847172340066532,0.30419410135566793
OverTime_No,62,0.34249811482543097,0.30337228693673607,0.20824831262114743
OverTime_Yes,62,-0.34249197571211465,0.30337228693673607,0.20824831262114743
MaritalStatus_Single,73,-0.3419296961207895,0.10902634700129,0.2798897828206845
BusinessTravel_Travel_Frequently,72,-0.34160354869463255,0.11965628124013335,0.27434710687085806
MaritalStatus_Divorced,96,0.34107702455504546,0.012830350828144373,0.35029496581932634
EnvironmentSatisfaction,91,0.3405941265748641,0.020429546856183922,0.34273819803571226
JobRole_Sales.Representative,60,-0.34032674546964764,0.3654129936317017,0.19337878178375337
JobRole_Manufacturing.Director,75,0.3400131941020888,0.09051558866972378,0.2902970347206943
JobInvolvement,82,0.33758233890278777,0.04719490295171102,0.3195831771275536
MaritalStatus_Divorced,95,0.33656813574503,0.01408129419473126,0.34901816324757234
JobRole_Laboratory.Technician,73,-0.3364859336396392,0.10902634700129,0.2798897828206845
JobRole_Healthcare.Representative,86,0.3362809573906437,0.032529615934857266,0.33165302277616854
EducationField_Technical.Degree,76,-0.33540068701530484,0.08247443324372147,0.29515809049346203
JobRole_Human.Resources,88,-0.33517974896380875,0.027006658633704324,0.33657437421617786
JobSatisfaction,100,0.3346429621476904,0.008843463142112108,0.35443528922548545
EducationField_Human.Resources,69,-0.33367819466832943,0.15817856184375606,0.25642120490941533
EnvironmentSatisfaction,90,0.33290626036727033,0.0224214024542444,0.34083549706942634
MaritalStatus_Single,72,-0.3326336227007207,0.11965628124013335,0.27434710687085806
EducationField_Other,77,0.33217777390286973,0.07514763190341218,0.29979010201004386
MaritalStatus_Divorced,94,0.3317158864271185,0.015454202995262095,0.3476323679042937
BusinessTravel_Non.Travel,69,0.33075815670340075,0.15817856184375606,0.25642120490941533
JobRole_Manager,91,0.33049538171272774,0.020429546856183922,0.34273819803571226
JobSatisfaction,99,0.3302691147200507,0.009705689881151381,0.35353045399695915
JobRole_Healthcare.Representative,85,0.32881497563779327,0.0357012133304691,0.3289250107963617
JobInvolvement,81,0.3285690046243695,0.051796347727067434,0.316064069827691
JobRole_Manufacturing.Director,74,0.3278391819661593,0.0993407468228991,0.2852070720866199
JobRole_Research.Director,70,0.32770108203226866,0.14412641436794113,0.26260639827158394
BusinessTravel_Travel_Frequently,71,-0.327575656765844,0.13132262094453628,0.2685840919729863
MaritalStatus_Divorced,93,0.3267429582433877,0.01696096870897924,0.34612886181282204
JobSatisfaction,98,0.32568869048471155,0.010651982662822088,0.3525440401067922
JobRole_Sales.Representative,59,-0.32558026559975567,0.4010403094059146,0.18585556874564121
OverTime_No,61,0.3252683654483033,0.33295071039787305,0.20085025136497922
OverTime_Yes,61,-0.3252639222355926,0.33295071039787305,0.20085025136497922
EnvironmentSatisfaction,89,0.32500822975037647,0.024607461514156204,0.3387857836774415
MaritalStatus_Single,71,-0.32314735288515484,0.13132262094453628,0.2685840919729863
EducationField_Technical.Degree,75,-0.322503889748955,0.09051558866972378,0.2902970347206943
MaritalStatus_Divorced,92,0.3216528323870117,0.01861464221967107,0.344500061431348
JobRole_Healthcare.Representative,84,0.32118229837199025,0.03918203755679407,0.32600871065873394
JobRole_Laboratory.Technician,72,-0.3211521739826581,0.11965628124013335,0.27434710687085806
JobSatisfaction,97,0.3209008517124213,0.011690537822500678,0.35146768034404935
EducationField_Other,76,0.32056158568345294,0.08247443324372147,0.29515809049346203
JobRole_Human.Resources,87,-0.31991502032139696,0.029639774510582882,0.3342002285797351
JobInvolvement,80,0.31932054249731323,0.05684642768750557,0.3123275256589967
EducationField_Human.Resources,68,-0.31786879039804167,0.1736007763509893,0.250037252376955
JobRole_Manager,90,0.3174443195478554,0.0224214024542444,0.34083549706942634
EnvironmentSatisfaction,88,0.3168796236688715,0.027006658633704324,0.33657437421617786
MaritalStatus_Divorced,91,0.3164489719431678,0.020429546856183922,0.34273819803571226
JobSatisfaction,96,0.31590628016777694,0.012830350828144373,0.35029496581932634
JobRole_Manufacturing.Director,73,0.3157109003794119,0.10902634700129,0.2798897828206845
PerformanceRating,100,-0.3157102423604741,0.008843463142112108,0.35443528922548545
BusinessTravel_Travel_Frequently,70,-0.3136695657616584,0.14412641436794113,0.26260639827158394
MaritalStatus_Single,70,-0.3134836819948346,0.14412641436794113,0.26260639827158394
JobRole_Healthcare.Representative,83,0.3134012370699255,0.04300223784808405,0.32289698885976165
BusinessTravel_Non.Travel,68,0.3128096214694853,0.1736007763509893,0.250037252376955
MaritalStatus_Divorced,90,0.3111432337569499,0.0224214024542444,0.34083549706942634
JobRole_Research.Director,69,0.3109721145881435,0.15817856184375606,0.25642120490941533
JobRole_Sales.Representative,58,-0.31087914118111293,0.44014124448594455,0.17830319446199555
JobSatisfaction,95,0.31070612975853923,0.01408129419473126,0.34901816324757234
JobInvolvement,79,0.3098553650809188,0.06238888420972765,0.3083722059616063
EducationField_Technical.Degree,74,-0.30965604782823614,0.0993407468228991,0.2852070720866199
EducationField_Other,75,0.3087420396729647,0.09051558866972378,0.2902970347206943
EnvironmentSatisfaction,87,0.3085690030937431,0.029639774510582882,0.3342002285797351
OverTime_No,60,0.3083341390349826,0.3654129936317017,0.19337878178375337
OverTime_Yes,60,-0.30833108734465414,0.3654129936317017,0.19337878178375337
PerformanceRating,99,-0.30699466066233755,0.009705689881151381,0.35353045399695915
JobRole_Laboratory.Technician,71,-0.30607802362297293,0.13132262094453628,0.2685840919729863
MaritalStatus_Divorced,89,0.3059468904953319,0.024607461514156204,0.3387857836774415
JobRole_Human.Resources,86,-0.3055580927707252,0.032529615934857266,0.33165302277616854
JobRole_Healthcare.Representative,82,0.3054915100317065,0.04719490295171102,0.3195831771275536
JobRole_Manager,89,0.3052996452349586,0.024607461514156204,0.3387857836774415
JobSatisfaction,94,0.3052985459118428,0.015454202995262095,0.3476323679042937
MaritalStatus_Single,69,-0.30365744553021773,0.15817856184375606,0.25642120490941533
JobRole_Manufacturing.Director,72,0.30360939255434577,0.11965628124013335,0.27434710687085806
EducationField_Marketing,100,-0.3034248890628174,0.008843463142112108,0.35443528922548545
EducationField_Human.Resources,67,-0.3022751291866925,0.1905266377338469,0.24346486972832568
StockOptionLevel,100,0.30138796805903467,0.008843463142112108,0.35443528922548545
EducationField_Marketing,99,-0.3005287052473628,0.009705689881151381,0.35353045399695915
JobInvolvement,78,0.3001966645171763,0.06847172340066532,0.30419410135566793
MaritalStatus_Divorced,88,0.30018384543656645,0.027006658633704324,0.33657437421617786
EnvironmentSatisfaction,86,0.30007968239181704,0.032529615934857266,0.33165302277616854
BusinessTravel_Travel_Frequently,69,-0.2999117692102067,0.15817856184375606,0.25642120490941533
JobSatisfaction,93,0.29968755993114543,0.01696096870897924,0.34612886181282204
StockOptionLevel,99,0.29849872067394334,0.009705689881151381,0.35353045399695915
PerformanceRating,98,-0.29826193778052273,0.010651982662822088,0.3525440401067922
EducationField_Marketing,98,-0.2975671252880876,0.010651982662822088,0.3525440401067922
JobRole_Healthcare.Representative,81,0.2975161273680741,0.051796347727067434,0.316064069827691
EducationField_Technical.Degree,73,-0.2968899290176818,0.10902634700129,0.2798897828206845
EducationField_Other,74,0.29676856680128644,0.0993407468228991,0.2852070720866199
JobRole_Sales.Representative,57,-0.2962613003922789,0.48305447246590155,0.17074495106833817
StockOptionLevel,98,0.29543145836220114,0.010651982662822088,0.3525440401067922
BusinessTravel_Non.Travel,67,0.29542549187356887,0.1905266377338469,0.24346486972832568
JobRole_Research.Director,68,0.29500274420168254,0.1736007763509893,0.250037252376955
MaritalStatus_Divorced,87,0.29455285293264755,0.029639774510582882,0.3342002285797351
EducationField_Marketing,97,-0.29441751066894917,0.011690537822500678,0.35146768034404935
JobSatisfaction,92,0.2938764883352504,0.01861464221967107,0.344500061431348
JobRole_Manager,88,0.2938635962428719,0.027006658633704324,0.33657437421617786
MaritalStatus_Single,68,-0.29368561247339864,0.1736007763509893,0.250037252376955
StockOptionLevel,97,0.2922113879413334,0.011690537822500678,0.35146768034404935
JobRole_Human.Resources,85,-0.29205076714642914,0.0357012133304691,0.3289250107963617
OverTime_No,59,0.2917392103615547,0.4010403094059146,0.18585556874564121
OverTime_Yes,59,-0.2917372880987714,0.4010403094059146,0.18585556874564121
JobRole_Manufacturing.Director,71,0.2915961656953144,0.13132262094453628,0.2685840919729863
EnvironmentSatisfaction,85,0.29142819426537836,0.0357012133304691,0.3289250107963617
JobRole_Laboratory.Technician,70,-0.29129043293444556,0.14412641436794113,0.26260639827158394
EducationField_Marketing,96,-0.2910668809995415,0.012830350828144373,0.35029496581932634
JobInvolvement,77,0.29036967868876856,0.07514763190341218,0.29979010201004386
PerformanceRating,97,-0.2895002779462514,0.011690537822500678,0.35146768034404935
JobRole_Healthcare.Representative,80,0.28940053471266536,0.05684642768750557,0.3123275256589967
StockOptionLevel,96,0.28883522271092105,0.012830350828144373,0.35029496581932634
MaritalStatus_Divorced,86,0.28882055866093553,0.032529615934857266,0.33165302277616854
JobSatisfaction,91,0.28786964697009804,0.020429546856183922,0.34273819803571226
EducationField_Marketing,95,-0.28742882179310286,0.01408129419473126,0.34901816324757234
EducationField_Human.Resources,66,-0.2869390854225813,0.2091027497064397,0.23671598444697853
BusinessTravel_Travel_Frequently,68,-0.2863284273395551,0.1736007763509893,0.250037252376955
StockOptionLevel,95,0.28533578368174095,0.01408129419473126,0.34901816324757234
EducationField_Other,73,0.2846891991759495,0.10902634700129,0.2798897828206845
EducationField_Technical.Degree,72,-0.2842351775076089,0.11965628124013335,0.27434710687085806
EducationField_Marketing,94,-0.28373008524325394,0.015454202995262095,0.3476323679042937
MaritalStatus_Single,67,-0.28358734163392646,0.1905266377338469,0.24346486972832568
JobRole_Manager,87,0.28327295378910433,0.029639774510582882,0.3342002285797351
MaritalStatus_Divorced,85,0.28298857080604106,0.0357012133304691,0.3289250107963617
EnvironmentSatisfaction,84,0.28263226771481886,0.03918203755679407,0.32600871065873394
JobRole_Sales.Representative,56,-0.2817675915227469,0.5301516871972264,0.16320460471441373
JobSatisfaction,90,0.2816727956267871,0.0224214024542444,0.34083549706942634
StockOptionLevel,94,0.2816489879278134,0.015454202995262095,0.3476323679042937
JobRole_Healthcare.Representative,79,0.28120865933188655,0.06238888420972765,0.3083722059616063
PerformanceRating,96,-0.2807353993308908,0.012830350828144373,0.35029496581932634
JobInvolvement,76,0.2804014955501524,0.08247443324372147,0.29515809049346203
EducationField_Marketing,93,-0.2798475104214354,0.01696096870897924,0.34612886181282204
JobRole_Research.Director,67,0.27976144194157737,0.1905266377338469,0.24346486972832568
JobRole_Manufacturing.Director,70,0.2796998279535148,0.14412641436794113,0.26260639827158394
JobRole_Human.Resources,84,-0.2793362322153612,0.03918203755679407,0.32600871065873394
BusinessTravel_Non.Travel,66,0.2786226709484965,0.2091027497064397,0.23671598444697853
StockOptionLevel,93,0.2778093043103987,0.01696096870897924,0.34612886181282204
MaritalStatus_Divorced,84,0.2770583618997073,0.03918203755679407,0.32600871065873394
JobRole_Laboratory.Technician,69,-0.276815515185002,0.15817856184375606,0.25642120490941533
EducationField_Marketing,92,-0.2757846879750907,0.01861464221967107,0.344500061431348
OverTime_No,58,0.27552565077704944,0.44014124448594455,0.17830319446199555
OverTime_Yes,58,-0.27552461855644017,0.44014124448594455,0.17830319446199555
JobSatisfaction,89,0.2752975687221317,0.024607461514156204,0.3387857836774415
StockOptionLevel,92,0.2738184581340662,0.01861464221967107,0.344500061431348
EnvironmentSatisfaction,83,0.2737107179478174,0.04300223784808405,0.32289698885976165
JobRole_Manager,86,0.2734145353911535,0.032529615934857266,0.33165302277616854
MaritalStatus_Single,66,-0.2733839864179009,0.2091027497064397,0.23671598444697853
JobRole_Healthcare.Representative,78,0.27295817417090107,0.06847172340066532,0.30419410135566793
BusinessTravel_Travel_Frequently,67,-0.27294523448966523,0.1905266377338469,0.24346486972832568
EducationField_Other,72,0.2725582654905775,0.11965628124013335,0.27434710687085806
PerformanceRating,95,-0.2719671787838685,0.01408129419473126,0.34901816324757234
EducationField_Human.Resources,65,-0.27190098089865217,0.22949000966402106,0.2298041132874453
EducationField_Technical.Degree,71,-0.27172449509231766,0.13132262094453628,0.2685840919729863
EducationField_Marketing,91,-0.27154638482642096,0.020429546856183922,0.34273819803571226
MaritalStatus_Divorced,83,0.2710314002849755,0.04300223784808405,0.32289698885976165
JobInvolvement,75,0.2703208201197098,0.09051558866972378,0.2902970347206943
StockOptionLevel,91,0.2696789098221316,0.020429546856183922,0.34273819803571226
JobSatisfaction,88,0.2687322406393235,0.027006658633704324,0.33657437421617786
JobRole_Manufacturing.Director,69,0.2679464328506445,0.15817856184375606,0.25642120490941533
JobRole_Sales.Representative,55,-0.26744101085229177,0.5818408222230168,0.15570613377828724
JobRole_Human.Resources,83,-0.26735944059006994,0.04300223784808405,0.32289698885976165
EducationField_Marketing,90,-0.2671348215443889,0.0224214024542444,0.34083549706942634
WorkLifeBalance,100,0.2664766345408515,0.008843463142112108,0.35443528922548545
StockOptionLevel,90,0.26539168044752526,0.0224214024542444,0.34083549706942634
JobRole_Research.Director,66,0.2652168256491228,0.2091027497064397,0.23671598444697853
MaritalStatus_Divorced,82,0.2649092947232063,0.04719490295171102,0.3195831771275536
EnvironmentSatisfaction,82,0.2646834409136509,0.04719490295171102,0.3195831771275536
JobRole_Healthcare.Representative,77,0.2646661500591265,0.07514763190341218,0.29979010201004386
JobRole_Manager,85,0.26423423761622244,0.0357012133304691,0.3289250107963617
WorkLifeBalance,99,0.2634395556848936,0.009705689881151381,0.35353045399695915
PerformanceRating,94,-0.26328591759708697,0.015454202995262095,0.3476323679042937
MaritalStatus_Single,65,-0.2630990362392396,0.22949000966402106,0.2298041132874453
JobRole_Laboratory.Technician,68,-0.26267824442851095,0.1736007763509893,0.250037252376955
EducationField_Marketing,89,-0.26247916570133606,0.024607461514156204,0.3387857836774415
BusinessTravel_Non.Travel,65,0.26241487911190253,0.22949000966402106,0.2298041132874453
JobSatisfaction,87,0.26200547337042457,0.029639774510582882,0.3342002285797351
StockOptionLevel,89,0.26098998279687424,0.024607461514156204,0.3387857836774415
EducationField_Other,71,0.26042499139657205,0.13132262094453628,0.2685840919729863
WorkLifeBalance,98,0.2602360669151354,0.010651982662822088,0.3525440401067922
JobInvolvement,74,0.26015768720137755,0.0993407468228991,0.2852070720866199
BusinessTravel_Travel_Frequently,66,-0.25978726294833715,0.2091027497064397,0.23671598444697853
OverTime_No,57,0.25973317341462065,0.48305447246590155,0.17074495106833817
OverTime_Yes,57,-0.25973281221720396,0.48305447246590155,0.17074495106833817
EducationField_Technical.Degree,70,-0.25938663035836035,0.14412641436794113,0.26260639827158394
MaritalStatus_Divorced,81,0.2587909311674691,0.051796347727067434,0.316064069827691
EducationField_Marketing,88,-0.257837665305216,0.027006658633704324,0.33657437421617786
EducationField_Human.Resources,64,-0.25719906532836,0.2518650022992526,0.2227443296176399
WorkLifeBalance,97,0.2568607934768776,0.011690537822500678,0.35146768034404935
StockOptionLevel,88,0.2564041802002091,0.027006658633704324,0.33657437421617786
JobRole_Manufacturing.Director,68,0.2563595861257275,0.1736007763509893,0.250037252376955
JobRole_Healthcare.Representative,76,0.25634888365785635,0.08247443324372147,0.29515809049346203
JobRole_Human.Resources,82,-0.25606652441154715,0.04719490295171102,0.3195831771275536
JobRole_Manager,84,0.25567531356393597,0.03918203755679407,0.32600871065873394
EnvironmentSatisfaction,81,0.25557850684194094,0.051796347727067434,0.316064069827691
JobSatisfaction,86,0.25511989247992295,0.032529615934857266,0.33165302277616854
RelationshipSatisfaction,100,0.2549818010574376,0.008843463142112108,0.35443528922548545
PerformanceRating,93,-0.25468140712755954,0.01696096870897924,0.34612886181282204
JobRole_Sales.Representative,54,-0.25332577897694036,0.6385695841032256,0.14827344551453722
WorkLifeBalance,96,0.2533108593827502,0.012830350828144373,0.35029496581932634
EducationField_Marketing,87,-0.252960739175366,0.029639774510582882,0.3342002285797351
MaritalStatus_Single,64,-0.2527579747792848,0.2518650022992526,0.2227443296176399
MaritalStatus_Divorced,80,0.25246631747828024,0.05684642768750557,0.3123275256589967
StockOptionLevel,87,0.2517095841683896,0.029639774510582882,0.3342002285797351
RelationshipSatisfaction,99,0.25139237477191956,0.009705689881151381,0.35353045399695915
JobRole_Research.Director,65,0.25133790781857634,0.22949000966402106,0.2298041132874453
JobInvolvement,73,0.24993920569203876,0.10902634700129,0.2798897828206845
WorkLifeBalance,95,0.24958176530906248,0.01408129419473126,0.34901816324757234
JobRole_Laboratory.Technician,67,-0.2489021591797641,0.1905266377338469,0.24346486972832568
EducationField_Other,70,0.24833824270504595,0.14412641436794113,0.26260639827158394
JobSatisfaction,85,0.24808616359130936,0.0357012133304691,0.3289250107963617
JobRole_Healthcare.Representative,75,0.2480218038170942,0.09051558866972378,0.2902970347206943
EducationField_Marketing,86,-0.24794331644716394,0.032529615934857266,0.33165302277616854
JobRole_Manager,83,0.24767982966034752,0.04300223784808405,0.32289698885976165
RelationshipSatisfaction,98,0.24760865002918073,0.010651982662822088,0.3525440401067922
EducationField_Technical.Degree,69,-0.24724849592580211,0.15817856184375606,0.25642120490941533
StockOptionLevel,86,0.24688966662760736,0.032529615934857266,0.33165302277616854
BusinessTravel_Travel_Frequently,65,-0.24687878888301934,0.22949000966402106,0.2298041132874453
BusinessTravel_Non.Travel,64,0.24681269617572307,0.2518650022992526,0.2227443296176399
EnvironmentSatisfaction,80,0.2464005789579647,0.05684642768750557,0.3123275256589967
PerformanceRating,92,-0.24617735910416708,0.01861464221967107,0.344500061431348
MaritalStatus_Divorced,79,0.24605527491924398,0.06238888420972765,0.3083722059616063
WorkLifeBalance,94,0.24567475483009932,0.015454202995262095,0.3476323679042937
JobRole_Human.Resources,81,-0.24525616682357773,0.051796347727067434,0.316064069827691
JobRole_Manufacturing.Director,67,0.24496058340071275,0.1905266377338469,0.24346486972832568
OverTime_Yes,56,-0.24439863098769943,0.5301516871972264,0.16320460471441373
OverTime_No,56,0.24439851541532395,0.5301516871972264,0.16320460471441373
RelationshipSatisfaction,97,0.24363826901400987,0.011690537822500678,0.35146768034404935
EducationField_Human.Resources,63,-0.24286643150079776,0.2764215290943355,0.21555239569290216
EducationField_Marketing,85,-0.24279383580195082,0.0357012133304691,0.3289250107963617
MaritalStatus_Single,63,-0.2423885571400943,0.2764215290943355,0.21555239569290216
StockOptionLevel,85,0.2419510028273193,0.0357012133304691,0.3289250107963617
WorkLifeBalance,93,0.24158731364052213,0.01696096870897924,0.34612886181282204
JobSatisfaction,84,0.24091607323155625,0.03918203755679407,0.32600871065873394
JobRole_Manager,82,0.2401899928523756,0.04719490295171102,0.3195831771275536
JobInvolvement,72,0.23970588790372227,0.11965628124013335,0.27434710687085806
JobRole_Healthcare.Representative,74,0.23969943926331494,0.0993407468228991,0.2852070720866199
MaritalStatus_Divorced,78,0.23956181746674432,0.06847172340066532,0.30419410135566793
RelationshipSatisfaction,96,0.2394831773947649,0.012830350828144373,0.35029496581932634
JobRole_Sales.Representative,53,-0.23946631403452925,0.7008293302347044,0.1409300773546337
JobRole_Research.Director,64,0.23809426637643732,0.2518650022992526,0.2227443296176399
PerformanceRating,91,-0.23779560268226316,0.020429546856183922,0.34273819803571226
EducationField_Marketing,84,-0.23752093614731748,0.03918203755679407,0.32600871065873394
WorkLifeBalance,92,0.23731966775937693,0.01861464221967107,0.344500061431348
EnvironmentSatisfaction,79,0.23718100713267384,0.06238888420972765,0.3083722059616063
StockOptionLevel,84,0.23690060803201896,0.03918203755679407,0.32600871065873394
EducationField_Other,69,0.23634525376694837,0.15817856184375606,0.25642120490941533
JobRole_Laboratory.Technician,66,-0.23550907932795315,0.2091027497064397,0.23671598444697853
EducationField_Technical.Degree,68,-0.23533501129850845,0.1736007763509893,0.250037252376955
JobRole_Human.Resources,80,-0.23523796599491648,0.05684642768750557,0.3123275256589967
RelationshipSatisfaction,95,0.23515348792772944,0.01408129419473126,0.34901816324757234
BusinessTravel_Travel_Frequently,64,-0.2342431006247567,0.2518650022992526,0.2227443296176399
JobRole_Manufacturing.Director,66,0.233768560410631,0.2091027497064397,0.23671598444697853
JobSatisfaction,83,0.23362252957315485,0.04300223784808405,0.32289698885976165
JobRole_Manager,81,0.2332369319841146,0.051796347727067434,0.316064069827691
MaritalStatus_Divorced,77,0.23299072083729905,0.07514763190341218,0.29979010201004386
WorkLifeBalance,91,0.2328732007328247,0.020429546856183922,0.34273819803571226
EducationField_Marketing,83,-0.2321333763068289,0.04300223784808405,0.32289698885976165
MaritalStatus_Single,62,-0.23201808847544272,0.30337228693673607,0.20824831262114743
BusinessTravel_Non.Travel,63,0.23182218319808107,0.2764215290943355,0.21555239569290216
StockOptionLevel,83,0.23174582790325393,0.04300223784808405,0.32289698885976165
JobRole_Healthcare.Representative,73,0.2314230700495687,0.10902634700129,0.2798897828206845
RelationshipSatisfaction,94,0.2306312702292778,0.015454202995262095,0.3476323679042937
PerformanceRating,90,-0.229555421714455,0.0224214024542444,0.34083549706942634
OverTime_Yes,55,-0.22955530656775638,0.5818408222230168,0.15570613377828724
OverTime_No,55,0.22955487875364272,0.5818408222230168,0.15570613377828724
JobInvolvement,71,0.22948525681368484,0.13132262094453628,0.2685840919729863
EducationField_Human.Resources,62,-0.2289403212678313,0.30337228693673607,0.20824831262114743
WorkLifeBalance,90,0.2282507015885987,0.0224214024542444,0.34083549706942634
EnvironmentSatisfaction,78,0.22794243699648775,0.06847172340066532,0.30419410135566793
EducationField_Marketing,82,-0.22663981818243042,0.04719490295171102,0.3195831771275536
JobRole_Manager,80,0.22658422241238363,0.05684642768750557,0.3123275256589967
StockOptionLevel,82,0.22649429723189823,0.04719490295171102,0.3195831771275536
MaritalStatus_Divorced,76,0.22634760661313205,0.08247443324372147,0.29515809049346203
JobSatisfaction,82,0.22621962464202175,0.04719490295171102,0.3195831771275536
RelationshipSatisfaction,93,0.22593171079324126,0.01696096870897924,0.34612886181282204
JobRole_Sales.Representative,52,-0.22590615863988686,0.7691593247539134,0.13369889095342355
JobRole_Human.Resources,79,-0.22574378868692085,0.06238888420972765,0.3083722059616063
JobRole_Research.Director,63,0.22545309566973223,0.2764215290943355,0.21555239569290216
EducationField_Other,68,0.2244911139889453,0.1736007763509893,0.250037252376955
EducationField_Technical.Degree,67,-0.22366899888491978,0.1905266377338469,0.24346486972832568
WorkLifeBalance,89,0.2234562511202049,0.024607461514156204,0.3387857836774415
JobRole_Healthcare.Representative,72,0.22314225672720317,0.11965628124013335,0.27434710687085806
JobRole_Manufacturing.Director,65,0.22280064421599488,0.22949000966402106,0.2298041132874453
JobRole_Laboratory.Technician,65,-0.22251884223104548,0.22949000966402106,0.2298041132874453
BusinessTravel_Travel_Frequently,63,-0.22189971576500514,0.2764215290943355,0.21555239569290216
MaritalStatus_Single,61,-0.2216780547532321,0.33295071039787305,0.20085025136497922
PerformanceRating,89,-0.22145214156176363,0.024607461514156204,0.3387857836774415
StockOptionLevel,81,0.22113564531527838,0.051796347727067434,0.316064069827691
RelationshipSatisfaction,92,0.221060089672737,0.01861464221967107,0.344500061431348
EducationField_Marketing,81,-0.2210363253474044,0.051796347727067434,0.316064069827691
Department_Sales,100,-0.22037529748268275,0.008843463142112108,0.35443528922548545
JobRole_Manager,79,0.22026869847611658,0.06238888420972765,0.3083722059616063
MaritalStatus_Divorced,75,0.21963901322414286,0.09051558866972378,0.2902970347206943
JobInvolvement,70,0.2193093784757014,0.14412641436794113,0.26260639827158394
JobSatisfaction,81,0.21872694430373832,0.051796347727067434,0.316064069827691
EnvironmentSatisfaction,77,0.21870789959925097,0.07514763190341218,0.29979010201004386
WorkLifeBalance,88,0.2184938296385223,0.027006658633704324,0.33657437421617786
BusinessTravel_Non.Travel,62,0.21745126751957736,0.30337228693673607,0.20824831262114743
JobRole_Human.Resources,78,-0.21672935628906312,0.06847172340066532,0.30419410135566793
RelationshipSatisfaction,91,0.21602290241453634,0.020429546856183922,0.34273819803571226
StockOptionLevel,80,0.2157122007122702,0.05684642768750557,0.3123275256589967
EducationField_Human.Resources,61,-0.21544884759605668,0.33295071039787305,0.20085025136497922
EducationField_Marketing,80,-0.21536274506556305,0.05684642768750557,0.3123275256589967
OverTime_Yes,54,-0.2152320573899452,0.6385695841032256,0.14827344551453722
OverTime_No,54,0.21523144949631345,0.6385695841032256,0.14827344551453722
JobRole_Healthcare.Representative,71,0.2149067551566123,0.13132262094453628,0.2685840919729863
Department_Sales,99,-0.21437233976234385,0.009705689881151381,0.35353045399695915
JobRole_Manager,78,0.21424141727037685,0.06847172340066532,0.30419410135566793
PerformanceRating,88,-0.21356788358309906,0.027006658633704324,0.33657437421617786
JobRole_Research.Director,62,0.21339113847411761,0.30337228693673607,0.20824831262114743
WorkLifeBalance,87,0.21337178043402125,0.029639774510582882,0.3342002285797351
MaritalStatus_Divorced,74,0.21287245709744573,0.0993407468228991,0.2852070720866199
EducationField_Other,67,0.21281830400405002,0.1905266377338469,0.24346486972832568
JobRole_Sales.Representative,51,-0.2126869210243747,0.8441514093848925,0.1266017686126627
EducationField_Technical.Degree,66,-0.21227112932889253,0.2091027497064397,0.23671598444697853
JobRole_Manufacturing.Director,64,0.2120720862379904,0.2518650022992526,0.2227443296176399
MaritalStatus_Single,60,-0.21139920675041832,0.3654129936317017,0.19337878178375337
JobSatisfaction,80,0.21115051555920122,0.05684642768750557,0.3123275256589967
RelationshipSatisfaction,90,0.21082842665882534,0.0224214024542444,0.34083549706942634
StockOptionLevel,79,0.21021616198313414,0.06238888420972765,0.3083722059616063
JobRole_Laboratory.Technician,64,-0.20994904856144275,0.2518650022992526,0.2227443296176399
BusinessTravel_Travel_Frequently,62,-0.20987551673951454,0.30337228693673607,0.20824831262114743
EducationField_Marketing,79,-0.20960892777772783,0.06238888420972765,0.3083722059616063
EnvironmentSatisfaction,76,0.20950068238117336,0.08247443324372147,0.29515809049346203
JobInvolvement,69,0.20920994765573955,0.15817856184375606,0.25642120490941533
Department_Sales,98,-0.20898758332643125,0.010651982662822088,0.3525440401067922
JobRole_Manager,77,0.20845725366428494,0.07514763190341218,0.29979010201004386
JobRole_Human.Resources,77,-0.2081527111512487,0.07514763190341218,0.29979010201004386
WorkLifeBalance,86,0.20809759055713076,0.032529615934857266,0.33165302277616854
JobRole_Healthcare.Representative,70,0.2067290351707067,0.14412641436794113,0.26260639827158394
MaritalStatus_Divorced,73,0.20608440743986361,0.10902634700129,0.2798897828206845
Department_Human.Resources,100,0.206032173007032,0.008843463142112108,0.35443528922548545
PerformanceRating,87,-0.20584637546369836,0.029639774510582882,0.3342002285797351
RelationshipSatisfaction,89,0.20549976318557733,0.024607461514156204,0.3387857836774415
StockOptionLevel,78,0.2046552505128845,0.06847172340066532,0.30419410135566793
MaritalStatus_Married,100,0.20453529117893787,0.008843463142112108,0.35443528922548545
MaritalStatus_Married,99,0.2043011516904845,0.009705689881151381,0.35353045399695915
MaritalStatus_Married,98,0.20380574537677393,0.010651982662822088,0.3525440401067922
Department_Sales,97,-0.20379241249695376,0.011690537822500678,0.35146768034404935
EducationField_Marketing,78,-0.20378387926734273,0.06847172340066532,0.30419410135566793
BusinessTravel_Non.Travel,61,0.2036997488324847,0.33295071039787305,0.20085025136497922
JobSatisfaction,79,0.2035131767641985,0.06238888420972765,0.3083722059616063
MaritalStatus_Married,97,0.20323304290724797,0.011690537822500678,0.35146768034404935
JobRole_Manager,76,0.20287506786547316,0.08247443324372147,0.29515809049346203
WorkLifeBalance,85,0.20268070806281904,0.0357012133304691,0.3289250107963617
MaritalStatus_Married,96,0.20259863148145335,0.012830350828144373,0.35029496581932634
EducationField_Human.Resources,60,-0.20241706970350212,0.3654129936317017,0.19337878178375337
MaritalStatus_Married,95,0.20207377499833318,0.01408129419473126,0.34901816324757234
JobRole_Research.Director,61,0.20187931729172243,0.33295071039787305,0.20085025136497922
JobRole_Manufacturing.Director,63,0.201594518519707,0.2764215290943355,0.21555239569290216
OverTime_Yes,53,-0.20145370020481304,0.7008293302347044,0.1409300773546337
OverTime_No,53,0.20145301240789998,0.7008293302347044,0.1409300773546337
EducationField_Other,66,0.2013662897442604,0.2091027497064397,0.23671598444697853
MaritalStatus_Married,94,0.20123063813823797,0.015454202995262095,0.3476323679042937
MaritalStatus_Single,59,-0.20121271105976796,0.4010403094059146,0.18585556874564121
EducationField_Technical.Degree,65,-0.20115991082227705,0.22949000966402106,0.2298041132874453
EnvironmentSatisfaction,75,0.20034419121509178,0.09051558866972378,0.2902970347206943
MaritalStatus_Married,93,0.20029416286591528,0.01696096870897924,0.34612886181282204
RelationshipSatisfaction,88,0.19999944907230402,0.027006658633704324,0.33657437421617786
JobRole_Human.Resources,76,-0.19997410463023252,0.08247443324372147,0.29515809049346203
JobRole_Sales.Representative,50,-0.19984728912662247,0.9264551296891429,0.11965932261972216
MaritalStatus_Married,92,0.19926218237906623,0.01861464221967107,0.344500061431348
MaritalStatus_Divorced,72,0.19921851924547287,0.11965628124013335,0.27434710687085806
JobInvolvement,68,0.1992179267125161,0.1736007763509893,0.250037252376955
StockOptionLevel,77,0.19903708486574054,0.07514763190341218,0.29979010201004386
Department_Sales,96,-0.19873754484176287,0.012830350828144373,0.35029496581932634
JobRole_Healthcare.Representative,69,0.19862104544948408,0.15817856184375606,0.25642120490941533
PerformanceRating,86,-0.19831961146399946,0.032529615934857266,0.33165302277616854
BusinessTravel_Travel_Frequently,61,-0.19818606126429897,0.33295071039787305,0.20085025136497922
MaritalStatus_Married,91,0.19813295366844694,0.020429546856183922,0.34273819803571226
EducationField_Marketing,77,-0.19789668613797026,0.07514763190341218,0.29979010201004386
JobRole_Laboratory.Technician,63,-0.19781181784902774,0.2764215290943355,0.21555239569290216
JobRole_Manager,75,0.19745782310991938,0.09051558866972378,0.2902970347206943
WorkLifeBalance,84,0.1971318860065193,0.03918203755679407,0.32600871065873394
MaritalStatus_Married,90,0.1969115520616222,0.0224214024542444,0.34083549706942634
JobSatisfaction,78,0.1958331104571841,0.06847172340066532,0.30419410135566793
MaritalStatus_Married,89,0.19580659081341512,0.024607461514156204,0.3387857836774415
RelationshipSatisfaction,87,0.1943872613037934,0.029639774510582882,0.3342002285797351
MaritalStatus_Married,88,0.19414527886714122,0.027006658633704324,0.33657437421617786
Department_Sales,95,-0.19363941273949486,0.01408129419473126,0.34901816324757234
StockOptionLevel,76,0.1933691932283194,0.08247443324372147,0.29515809049346203
MaritalStatus_Married,87,0.19261104063445814,0.029639774510582882,0.3342002285797351
MaritalStatus_Divorced,71,0.192325667381602,0.13132262094453628,0.2685840919729863
JobRole_Manager,74,0.19217272733393392,0.0993407468228991,0.2852070720866199
JobRole_Human.Resources,75,-0.19215594106577766,0.09051558866972378,0.2902970347206943
EducationField_Marketing,76,-0.1919565348284348,0.08247443324372147,0.29515809049346203
WorkLifeBalance,83,0.1914631000314157,0.04300223784808405,0.32289698885976165
JobRole_Manufacturing.Director,62,0.19138352595768726,0.30337228693673607,0.20824831262114743
EnvironmentSatisfaction,74,0.19126179360637408,0.0993407468228991,0.2852070720866199
MaritalStatus_Single,58,-0.19114971365368874,0.44014124448594455,0.17830319446199555
PerformanceRating,85,-0.19099406781205402,0.0357012133304691,0.3289250107963617
MaritalStatus_Married,86,0.19097132446954707,0.032529615934857266,0.33165302277616854
JobRole_Research.Director,60,0.19089059022124238,0.3654129936317017,0.19337878178375337
JobRole_Healthcare.Representative,68,0.1905943463250574,0.1736007763509893,0.250037252376955
BusinessTravel_Non.Travel,60,0.19056666152360302,0.3654129936317017,0.19337878178375337
EducationField_Technical.Degree,64,-0.19035170872355606,0.2518650022992526,0.2227443296176399
EducationField_Other,65,0.19017118217595985,0.22949000966402106,0.2298041132874453
EducationField_Human.Resources,59,-0.18986616621624533,0.4010403094059146,0.18585556874564121
JobInvolvement,67,0.18936319647799932,0.1905266377338469,0.24346486972832568
MaritalStatus_Married,85,0.1892239294111881,0.0357012133304691,0.3289250107963617
Department_Sales,94,-0.18901147070745047,0.015454202995262095,0.3476323679042937
RelationshipSatisfaction,86,0.1886585600258705,0.032529615934857266,0.33165302277616854
OverTime_Yes,52,-0.18824037036683144,0.7691593247539134,0.13369889095342355
OverTime_No,52,0.18823967376843884,0.7691593247539134,0.13369889095342355
JobSatisfaction,77,0.1881293391127413,0.07514763190341218,0.29979010201004386
StockOptionLevel,75,0.18765904647808934,0.09051558866972378,0.2902970347206943
JobRole_Sales.Representative,49,-0.18742216925828717,1.0167833611185435,0.11289062811556416
MaritalStatus_Married,84,0.18736628606319958,0.03918203755679407,0.32600871065873394
JobRole_Manager,73,0.18703585823072036,0.10902634700129,0.2798897828206845
BusinessTravel_Travel_Frequently,60,-0.18684890471909948,0.3654129936317017,0.19337878178375337
EducationField_Medical,100,0.1867592279158677,0.008843463142112108,0.35443528922548545
JobRole_Laboratory.Technician,62,-0.1861262943517505,0.30337228693673607,0.20824831262114743
EducationField_Marketing,75,-0.18597273892226002,0.09051558866972378,0.2902970347206943
WorkLifeBalance,82,0.1856874714796139,0.04719490295171102,0.3195831771275536
MaritalStatus_Divorced,70,0.18541709849754384,0.14412641436794113,0.26260639827158394
MaritalStatus_Married,83,0.1853954334853721,0.04300223784808405,0.32289698885976165
JobRole_Human.Resources,74,-0.18466279807582425,0.0993407468228991,0.2852070720866199
Department_Sales,93,-0.18452899028306458,0.01696096870897924,0.34612886181282204
EducationField_Medical,99,0.1844277915298726,0.009705689881151381,0.35353045399695915
PerformanceRating,84,-0.18387362157041634,0.03918203755679407,0.32600871065873394
MaritalStatus_Married,82,0.1833079496261295,0.04719490295171102,0.3195831771275536
RelationshipSatisfaction,85,0.18282616808728014,0.0357012133304691,0.3289250107963617
JobRole_Healthcare.Representative,67,0.18266022223830927,0.1905266377338469,0.24346486972832568
EnvironmentSatisfaction,73,0.182278306193306,0.10902634700129,0.2798897828206845
EducationField_Medical,98,0.18195787459153864,0.010651982662822088,0.3525440401067922
JobRole_Manager,72,0.18191838395197849,0.11965628124013335,0.27434710687085806
StockOptionLevel,74,0.18191404706904973,0.0993407468228991,0.2852070720866199
Department_Human.Resources,99,0.181683317719097,0.009705689881151381,0.35353045399695915
JobRole_Manufacturing.Director,61,0.18144831813325077,0.33295071039787305,0.20085025136497922
MaritalStatus_Single,57,-0.18124088129153454,0.48305447246590155,0.17074495106833817
MaritalStatus_Married,81,0.1811728962359911,0.051796347727067434,0.316064069827691
JobSatisfaction,76,0.180421608481661,0.08247443324372147,0.29515809049346203
JobRole_Research.Director,59,0.18039925847126811,0.4010403094059146,0.18585556874564121
Department_Sales,92,-0.18018076624461665,0.01861464221967107,0.344500061431348
EducationField_Marketing,74,-0.17995473717079405,0.0993407468228991,0.2852070720866199
EducationField_Technical.Degree,63,-0.17985844197062828,0.2764215290943355,0.21555239569290216
WorkLifeBalance,81,0.17982098677847716,0.051796347727067434,0.316064069827691
JobInvolvement,66,0.17967422863122692,0.2091027497064397,0.23671598444697853
EducationField_Medical,97,0.17940938772702858,0.011690537822500678,0.35146768034404935
EducationField_Other,64,0.17926546629306733,0.2518650022992526,0.2227443296176399
MaritalStatus_Married,80,0.17882390509233528,0.05684642768750557,0.3123275256589967
MaritalStatus_Divorced,69,0.1785048323014396,0.15817856184375606,0.25642120490941533
BusinessTravel_Non.Travel,59,0.17804853046344338,0.4010403094059146,0.18585556874564121
EducationField_Human.Resources,58,-0.17781324412687752,0.44014124448594455,0.17830319446199555
JobRole_Human.Resources,73,-0.1774734290109349,0.10902634700129,0.2798897828206845
PerformanceRating,83,-0.17695968430731254,0.04300223784808405,0.32289698885976165
RelationshipSatisfaction,84,0.17690373967851128,0.03918203755679407,0.32600871065873394
JobRole_Manager,71,0.17686222068584026,0.13132262094453628,0.2685840919729863
EducationField_Medical,96,0.17679074451071658,0.012830350828144373,0.35029496581932634
MaritalStatus_Married,79,0.17634887219248344,0.06238888420972765,0.3083722059616063
StockOptionLevel,73,0.17612277547494185,0.10902634700129,0.2798897828206845
Department_Sales,91,-0.17595688355135447,0.020429546856183922,0.34273819803571226
BusinessTravel_Travel_Frequently,59,-0.17587978415746458,0.4010403094059146,0.18585556874564121
OverTime_Yes,51,-0.17560735916463338,0.8441514093848925,0.1266017686126627
OverTime_No,51,0.17560670028720324,0.8441514093848925,0.1266017686126627
JobRole_Sales.Representative,48,-0.17544198939431285,1.1159184836014817,0.10631298928575754
JobRole_Laboratory.Technician,61,-0.17489889983270218,0.33295071039787305,0.20085025136497922
JobRole_Healthcare.Representative,66,0.17482975845314824,0.2091027497064397,0.23671598444697853
EducationField_Medical,95,0.174148533774536,0.01408129419473126,0.34901816324757234
EducationField_Marketing,73,-0.17391165664376726,0.10902634700129,0.2798897828206845
WorkLifeBalance,80,0.1738743455711042,0.05684642768750557,0.3123275256589967
MaritalStatus_Married,78,0.17374389865574924,0.06847172340066532,0.30419410135566793
EnvironmentSatisfaction,72,0.17341261052856452,0.11965628124013335,0.27434710687085806
Department_Research...Development,100,0.17287128765500123,0.008843463142112108,0.35443528922548545
JobSatisfaction,75,0.1727302468374074,0.09051558866972378,0.2902970347206943
JobRole_Manager,70,0.17185182616559355,0.14412641436794113,0.26260639827158394
Department_Sales,90,-0.1718449063592114,0.0224214024542444,0.34083549706942634
JobRole_Manufacturing.Director,60,0.1717978500030618,0.3654129936317017,0.19337878178375337
MaritalStatus_Divorced,68,0.17160159157275193,0.1736007763509893,0.250037252376955
MaritalStatus_Single,56,-0.17151593692752776,0.5301516871972264,0.16320460471441373
EducationField_Medical,94,0.17137784071709913,0.015454202995262095,0.3476323679042937
Department_Research...Development,99,0.17132206008406903,0.009705689881151381,0.35353045399695915
MaritalStatus_Married,77,0.17100510733070245,0.07514763190341218,0.29979010201004386
RelationshipSatisfaction,83,0.1709056712274341,0.04300223784808405,0.32289698885976165
JobRole_Human.Resources,72,-0.1705378444678686,0.11965628124013335,0.27434710687085806
JobRole_Research.Director,58,0.17038107106635947,0.44014124448594455,0.17830319446199555
StockOptionLevel,72,0.17033362791624296,0.11965628124013335,0.27434710687085806
PerformanceRating,82,-0.17025132726439474,0.04719490295171102,0.3195831771275536
JobInvolvement,65,0.17017778816624463,0.22949000966402106,0.2298041132874453
EducationField_Technical.Degree,62,-0.1696976679396489,0.30337228693673607,0.20824831262114743
Department_Research...Development,98,0.16949904976452032,0.010651982662822088,0.3525440401067922
EducationField_Other,63,0.1686762031367445,0.2764215290943355,0.21555239569290216
EducationField_Medical,93,0.168542859847215,0.01696096870897924,0.34612886181282204
MaritalStatus_Married,76,0.16812882655928485,0.08247443324372147,0.29515809049346203
WorkLifeBalance,79,0.16786540880610473,0.06238888420972765,0.3083722059616063
EducationField_Marketing,72,-0.16785456518966316,0.11965628124013335,0.27434710687085806
Department_Sales,89,-0.16773059109026522,0.024607461514156204,0.3387857836774415
Department_Research...Development,97,0.16768748855011614,0.011690537822500678,0.35146768034404935
JobRole_Healthcare.Representative,65,0.16711387555788554,0.22949000966402106,0.2298041132874453
JobRole_Manager,69,0.16687501677897543,0.15817856184375606,0.25642120490941533
EducationField_Human.Resources,57,-0.16627124268025,0.48305447246590155,0.17074495106833817
BusinessTravel_Non.Travel,58,0.1661395345458791,0.44014124448594455,0.17830319446199555
Department_Research...Development,96,0.1659281536381966,0.012830350828144373,0.35029496581932634
EducationField_Medical,92,0.16564770700520337,0.01861464221967107,0.344500061431348
BusinessTravel_Travel_Frequently,58,-0.16529247690123014,0.44014124448594455,0.17830319446199555
MaritalStatus_Married,75,0.16511179982506036,0.09051558866972378,0.2902970347206943
JobSatisfaction,74,0.1650759927671275,0.0993407468228991,0.2852070720866199
RelationshipSatisfaction,82,0.16484711073668937,0.04719490295171102,0.3195831771275536
MaritalStatus_Divorced,67,0.16472070870725775,0.1905266377338469,0.24346486972832568
EnvironmentSatisfaction,71,0.1646894605939736,0.13132262094453628,0.2685840919729863
StockOptionLevel,71,0.16453282222772794,0.13132262094453628,0.2685840919729863
Department_Research...Development,95,0.16436677742986464,0.01408129419473126,0.34901816324757234
JobRole_Laboratory.Technician,60,-0.1641365859074911,0.3654129936317017,0.19337878178375337
JobRole_Sales.Representative,47,-0.16393219270756176,1.2247191581435093,0.09994174703233644
Department_Sales,88,-0.16390296843441324,0.027006658633704324,0.33657437421617786
JobRole_Human.Resources,71,-0.1638313927595971,0.13132262094453628,0.2685840919729863
PerformanceRating,81,-0.16374339304693034,0.051796347727067434,0.316064069827691
OverTime_Yes,50,-0.16356507052599023,0.9264551296891429,0.11965932261972216
OverTime_No,50,0.16356447643541844,0.9264551296891429,0.11965932261972216
EducationField_Medical,91,0.1626966484401551,0.020429546856183922,0.34273819803571226
Department_Research...Development,94,0.1624571967881385,0.015454202995262095,0.3476323679042937
JobRole_Manufacturing.Director,59,0.1624399258825501,0.4010403094059146,0.18585556874564121
MaritalStatus_Single,55,-0.16200320547450214,0.5818408222230168,0.15570613377828724
MaritalStatus_Married,74,0.16195139546620063,0.0993407468228991,0.2852070720866199
JobRole_Manager,68,0.16192272822693227,0.1736007763509893,0.250037252376955
WorkLifeBalance,78,0.16181034333346753,0.06847172340066532,0.30419410135566793
EducationField_Marketing,71,-0.16179319000550052,0.13132262094453628,0.2685840919729863
JobInvolvement,64,0.16089867089551274,0.2518650022992526,0.2227443296176399
JobRole_Research.Director,57,0.16081330388100726,0.48305447246590155,0.17074495106833817
Department_Research...Development,93,0.16051826858091875,0.01696096870897924,0.34612886181282204
Department_Human.Resources,98,0.1602401205678938,0.010651982662822088,0.3525440401067922
Department_Sales,87,-0.16005861392630275,0.029639774510582882,0.3342002285797351
EducationField_Technical.Degree,61,-0.1598768712150147,0.33295071039787305,0.20085025136497922
EducationField_Medical,90,0.1596958917949206,0.0224214024542444,0.34083549706942634
JobRole_Healthcare.Representative,64,0.159523311305487,0.2518650022992526,0.2227443296176399
RelationshipSatisfaction,81,0.15875274999225272,0.051796347727067434,0.316064069827691
StockOptionLevel,70,0.1587279718476311,0.14412641436794113,0.26260639827158394
MaritalStatus_Married,73,0.15865701290490392,0.10902634700129,0.2798897828206845
Department_Research...Development,92,0.15854451165052216,0.01861464221967107,0.344500061431348
EducationField_Other,62,0.15843188083396964,0.30337228693673607,0.20824831262114743
MaritalStatus_Divorced,66,0.15787600970837798,0.2091027497064397,0.23671598444697853
JobSatisfaction,73,0.15748070261482242,0.10902634700129,0.2798897828206845
PerformanceRating,80,-0.15743715120720858,0.05684642768750557,0.3123275256589967
JobRole_Human.Resources,70,-0.15733085775178732,0.14412641436794113,0.26260639827158394
JobRole_Manager,67,0.15698874509123037,0.1905266377338469,0.24346486972832568
EducationField_Medical,89,0.15669027136933186,0.024607461514156204,0.3387857836774415
Department_Research...Development,91,0.15653168955423385,0.020429546856183922,0.34273819803571226
Department_Sales,86,-0.1562852160946127,0.032529615934857266,0.33165302277616854
EnvironmentSatisfaction,70,0.15613027042433864,0.14412641436794113,0.26260639827158394
EducationField_Marketing,70,-0.15573825202753586,0.14412641436794113,0.26260639827158394
WorkLifeBalance,77,0.15572567610813706,0.07514763190341218,0.29979010201004386
EducationField_Human.Resources,56,-0.15524893578258395,0.5301516871972264,0.16320460471441373
MaritalStatus_Married,72,0.15519944021492552,0.11965628124013335,0.27434710687085806
BusinessTravel_Travel_Frequently,57,-0.15509867994009938,0.48305447246590155,0.17074495106833817
BusinessTravel_Non.Travel,57,0.15483167757738958,0.48305447246590155,0.17074495106833817
Department_Research...Development,90,0.1544953215755789,0.0224214024542444,0.34083549706942634
JobRole_Laboratory.Technician,59,-0.15384346581024153,0.4010403094059146,0.18585556874564121
EducationField_Medical,88,0.15354522433348283,0.027006658633704324,0.33657437421617786
JobRole_Manufacturing.Director,58,0.15338129223920893,0.44014124448594455,0.17830319446199555
StockOptionLevel,69,0.15292696916298767,0.15817856184375606,0.25642120490941533
JobRole_Sales.Representative,46,-0.15291293159779007,1.3441277641381963,0.09379013403298568
MaritalStatus_Single,54,-0.15272918569271945,0.6385695841032256,0.14827344551453722
Department_Research...Development,89,0.15267228697571292,0.024607461514156204,0.3387857836774415
RelationshipSatisfaction,80,0.15261829213567213,0.05684642768750557,0.3123275256589967
Department_Sales,85,-0.1525747970830122,0.0357012133304691,0.3289250107963617
OverTime_Yes,49,-0.15211909352730177,1.0167833611185435,0.11289062811556416
OverTime_No,49,0.1521185768403301,1.0167833611185435,0.11289062811556416
JobRole_Manager,66,0.15206939577767076,0.2091027497064397,0.23671598444697853
JobRole_Healthcare.Representative,63,0.15206707355311697,0.2764215290943355,0.21555239569290216
JobInvolvement,63,0.1518588725848689,0.2764215290943355,0.21555239569290216
JobRole_Research.Director,56,0.15167481467849264,0.5301516871972264,0.16320460471441373
MaritalStatus_Married,71,0.15159893738838476,0.13132262094453628,0.2685840919729863
PerformanceRating,79,-0.15132176860843186,0.06238888420972765,0.3083722059616063
MaritalStatus_Divorced,65,0.15108167897346633,0.22949000966402106,0.2298041132874453
JobRole_Human.Resources,69,-0.1510157003651426,0.15817856184375606,0.25642120490941533
EducationField_Medical,87,0.15040787858733518,0.029639774510582882,0.3342002285797351
EducationField_Technical.Degree,60,-0.15040455223857652,0.3654129936317017,0.19337878178375337
Department_Research...Development,88,0.1502350470167448,0.027006658633704324,0.33657437421617786
JobSatisfaction,72,0.14996317214174495,0.11965628124013335,0.27434710687085806
EducationField_Marketing,69,-0.14970073773846895,0.15817856184375606,0.25642120490941533
WorkLifeBalance,76,0.14962813129064426,0.08247443324372147,0.29515809049346203
Department_Sales,84,-0.14892036560981325,0.03918203755679407,0.32600871065873394
EducationField_Other,61,0.14855102409666854,0.33295071039787305,0.20085025136497922
Department_Research...Development,87,0.14804306555938973,0.029639774510582882,0.3342002285797351
MaritalStatus_Married,70,0.14785723395874573,0.14412641436794113,0.26260639827158394
EnvironmentSatisfaction,69,0.14775546833207898,0.15817856184375606,0.25642120490941533
EducationField_Medical,86,0.14723263974366796,0.032529615934857266,0.33165302277616854
JobRole_Manager,65,0.1471632183866665,0.22949000966402106,0.2298041132874453
StockOptionLevel,68,0.14713803728551625,0.1736007763509893,0.250037252376955
RelationshipSatisfaction,79,0.14647135920500615,0.06238888420972765,0.3083722059616063
TrainingTimesLastYear,100,0.1460195579524953,0.008843463142112108,0.35443528922548545
Department_Research...Development,86,0.14580346086275256,0.032529615934857266,0.33165302277616854
PerformanceRating,78,-0.1453894553043601,0.06847172340066532,0.30419410135566793
Department_Sales,83,-0.14531584766547376,0.04300223784808405,0.32289698885976165
BusinessTravel_Travel_Frequently,56,-0.1453079126200054,0.5301516871972264,0.16320460471441373
JobRole_Human.Resources,68,-0.1448681530350136,0.1736007763509893,0.250037252376955
JobRole_Healthcare.Representative,62,0.1447580565647958,0.30337228693673607,0.20824831262114743
EducationField_Human.Resources,55,-0.14475102979514776,0.5818408222230168,0.15570613377828724
JobRole_Manufacturing.Director,57,0.1446277056088409,0.48305447246590155,0.17074495106833817
MaritalStatus_Divorced,64,0.14435210182726746,0.2518650022992526,0.2227443296176399
BusinessTravel_Non.Travel,56,0.14411496299600904,0.5301516871972264,0.16320460471441373
TrainingTimesLastYear,99,0.14405681562604603,0.009705689881151381,0.35353045399695915
EducationField_Medical,85,0.14402251216762008,0.0357012133304691,0.3289250107963617
JobRole_Laboratory.Technician,58,-0.14402084326206954,0.44014124448594455,0.17830319446199555
MaritalStatus_Married,69,0.14397766199991238,0.15817856184375606,0.25642120490941533
MaritalStatus_Single,53,-0.14371816278097835,0.7008293302347044,0.1409300773546337
EducationField_Marketing,68,-0.1436918772146492,0.1736007763509893,0.250037252376955
NumCompaniesWorked,100,-0.1436876358948726,0.008843463142112108,0.35443528922548545
WorkLifeBalance,75,0.1435344747583231,0.09051558866972378,0.2902970347206943
Department_Research...Development,85,0.14351606581981588,0.0357012133304691,0.3289250107963617
JobInvolvement,62,0.1430802211188937,0.30337228693673607,0.20824831262114743
JobRole_Research.Director,55,0.14294607336122095,0.5818408222230168,0.15570613377828724
JobSatisfaction,71,0.14254564087538707,0.13132262094453628,0.2685840919729863
JobRole_Sales.Representative,45,-0.14239895806572647,1.4751785618066122,0.08786918051693175
JobRole_Manager,64,0.14227057887413908,0.2518650022992526,0.2227443296176399
TrainingTimesLastYear,98,0.14200967922902608,0.010651982662822088,0.3525440401067922
Department_Sales,82,-0.14175549595398176,0.04719490295171102,0.3195831771275536
StockOptionLevel,67,0.14136976323270836,0.1905266377338469,0.24346486972832568
EducationField_Technical.Degree,59,-0.1412875059834252,0.4010403094059146,0.18585556874564121
OverTime_Yes,48,-0.14127038177064027,1.1159184836014817,0.10631298928575754
OverTime_No,48,0.14126994507746332,1.1159184836014817,0.10631298928575754
Department_Research...Development,84,0.14118083333657402,0.03918203755679407,0.32600871065873394
NumCompaniesWorked,99,-0.14107508893337556,0.009705689881151381,0.35353045399695915
EducationField_Medical,84,0.14078027958791223,0.03918203755679407,0.32600871065873394
RelationshipSatisfaction,78,0.14032871309455508,0.06847172340066532,0.30419410135566793
Department_Human.Resources,97,0.140268875542135,0.011690537822500678,0.35146768034404935
MaritalStatus_Married,68,0.13996530032223295,0.1736007763509893,0.250037252376955
TrainingTimesLastYear,97,0.13987239675505087,0.011690537822500678,0.35146768034404935
PerformanceRating,77,-0.13963142505369186,0.07514763190341218,0.29979010201004386
EnvironmentSatisfaction,68,0.1395842909046702,0.1736007763509893,0.250037252376955
EducationField_Other,60,0.13905045497349683,0.3654129936317017,0.19337878178375337
JobRole_Human.Resources,67,-0.13887328834024337,0.1905266377338469,0.24346486972832568
Department_Research...Development,83,0.13879773295700396,0.04300223784808405,0.32289698885976165
Gender_Female,100,0.1384488520159263,0.008843463142112108,0.35443528922548545
NumCompaniesWorked,98,-0.1383826144072673,0.010651982662822088,0.3525440401067922
Department_Sales,81,-0.1382709632135643,0.051796347727067434,0.316064069827691
EducationField_Marketing,67,-0.1377230978868592,0.1905266377338469,0.24346486972832568
MaritalStatus_Divorced,63,0.1377010095471104,0.2764215290943355,0.21555239569290216
TrainingTimesLastYear,96,0.137644561406125,0.012830350828144373,0.35029496581932634
JobRole_Healthcare.Representative,61,0.1376056290596422,0.33295071039787305,0.20085025136497922
EducationField_Medical,83,0.13750852506052982,0.04300223784808405,0.32289698885976165
WorkLifeBalance,74,0.13746136646334844,0.0993407468228991,0.2852070720866199
Gender_Male,100,-0.13744765609421078,0.008843463142112108,0.35443528922548545
JobRole_Manager,63,0.13738961271746955,0.2764215290943355,0.21555239569290216
Gender_Female,99,0.13652532805254192,0.009705689881151381,0.35353045399695915
Department_Research...Development,82,0.13636521121622236,0.04719490295171102,0.3195831771275536
JobRole_Manufacturing.Director,56,0.13618397700912926,0.5301516871972264,0.16320460471441373
BusinessTravel_Travel_Frequently,55,-0.13592744474828822,0.5818408222230168,0.15570613377828724
MaritalStatus_Married,67,0.1358270668531263,0.1905266377338469,0.24346486972832568
StockOptionLevel,66,0.13563111270305797,0.2091027497064397,0.23671598444697853
NumCompaniesWorked,97,-0.13559522617677008,0.011690537822500678,0.35146768034404935
Gender_Male,99,-0.13543450086565817,0.009705689881151381,0.35353045399695915
TrainingTimesLastYear,95,0.13532322534140978,0.01408129419473126,0.34901816324757234
JobSatisfaction,70,0.13524839035595163,0.14412641436794113,0.26260639827158394
MaritalStatus_Single,52,-0.1349918745228204,0.7691593247539134,0.13369889095342355
Department_Sales,80,-0.1347855947240209,0.05684642768750557,0.3123275256589967
EducationField_Human.Resources,54,-0.13477834784005804,0.6385695841032256,0.14827344551453722
JobRole_Laboratory.Technician,57,-0.13466729556729964,0.48305447246590155,0.17074495106833817
JobRole_Research.Director,54,0.13460916492741268,0.6385695841032256,0.14827344551453722
JobInvolvement,61,0.1345794181616246,0.33295071039787305,0.20085025136497922
Gender_Female,98,0.1343778150361437,0.010651982662822088,0.3525440401067922
EducationField_Medical,82,0.13420966896501524,0.04719490295171102,0.3195831771275536
RelationshipSatisfaction,77,0.13420725380255258,0.07514763190341218,0.29979010201004386
PerformanceRating,76,-0.13403819510367138,0.08247443324372147,0.29515809049346203
BusinessTravel_Non.Travel,55,0.1339775694253294,0.5818408222230168,0.15570613377828724
Department_Research...Development,81,0.13392583364982139,0.051796347727067434,0.316064069827691
Gender_Male,98,-0.13339755290740624,0.010651982662822088,0.3525440401067922
JobRole_Human.Resources,66,-0.1330190358745798,0.2091027497064397,0.23671598444697853
TrainingTimesLastYear,94,0.1329164366493345,0.015454202995262095,0.3476323679042937
NumCompaniesWorked,96,-0.13271521826307753,0.012830350828144373,0.35029496581932634
EducationField_Technical.Degree,58,-0.13253089058096548,0.44014124448594455,0.17830319446199555
JobRole_Manager,62,0.13253013157302632,0.30337228693673607,0.20824831262114743
JobRole_Sales.Representative,44,-0.13239965578821009,1.6190066504645788,0.08218771800792075
Gender_Female,97,0.13211389128939724,0.011690537822500678,0.35146768034404935
EducationField_Marketing,66,-0.1318059535296268,0.2091027497064397,0.23671598444697853
EnvironmentSatisfaction,67,0.13163458021716928,0.1905266377338469,0.24346486972832568
MaritalStatus_Married,66,0.1315717544793539,0.2091027497064397,0.23671598444697853
WorkLifeBalance,73,0.1314256641479256,0.10902634700129,0.2798897828206845
Department_Research...Development,80,0.13137459433025794,0.05684642768750557,0.3123275256589967
Department_Sales,79,-0.13133024273178448,0.06238888420972765,0.3083722059616063
Gender_Male,97,-0.13124105953596887,0.011690537822500678,0.35146768034404935
MaritalStatus_Divorced,62,0.13114366395251034,0.30337228693673607,0.20824831262114743
OverTime_Yes,47,-0.13101552623596616,1.2247191581435093,0.09994174703233644
OverTime_No,47,0.13101516571448493,1.2247191581435093,0.09994174703233644
EducationField_Medical,81,0.13090102781669202,0.051796347727067434,0.316064069827691
JobRole_Healthcare.Representative,60,0.13061905301580096,0.3654129936317017,0.19337878178375337
TrainingTimesLastYear,93,0.13042103111784437,0.01696096870897924,0.34612886181282204
EducationField_Other,59,0.1299431618323641,0.4010403094059146,0.18585556874564121
StockOptionLevel,65,0.1299314274206392,0.22949000966402106,0.2298041132874453
Gender_Female,96,0.12974259377163547,0.012830350828144373,0.35029496581932634
NumCompaniesWorked,95,-0.1297313572863126,0.01408129419473126,0.34901816324757234
Gender_Male,96,-0.1289575919736218,0.012830350828144373,0.35029496581932634
Department_Research...Development,79,0.1287784505104028,0.06238888420972765,0.3083722059616063
PerformanceRating,75,-0.12859989399245708,0.09051558866972378,0.2902970347206943
RelationshipSatisfaction,76,0.1281239029244671,0.08247443324372147,0.29515809049346203
JobSatisfaction,69,0.12809098669547453,0.15817856184375606,0.25642120490941533
JobRole_Manufacturing.Director,55,0.12805399438307363,0.5818408222230168,0.15570613377828724
Department_Sales,78,-0.12790229075822246,0.06847172340066532,0.30419410135566793
TrainingTimesLastYear,92,0.12783857574510615,0.01861464221967107,0.344500061431348
JobRole_Manager,61,0.1276942411920313,0.33295071039787305,0.20085025136497922
EducationField_Medical,80,0.12755150814623434,0.05684642768750557,0.3123275256589967
Gender_Female,95,0.12736463092970451,0.01408129419473126,0.34901816324757234
JobRole_Human.Resources,65,-0.1272961294874105,0.22949000966402106,0.2298041132874453
MaritalStatus_Married,65,0.1272100090713913,0.22949000966402106,0.2298041132874453
BusinessTravel_Travel_Frequently,54,-0.12696225220316465,0.6385695841032256,0.14827344551453722
NumCompaniesWorked,94,-0.1266765184956458,0.015454202995262095,0.3476323679042937
JobRole_Research.Director,53,0.12664776212388362,0.7008293302347044,0.1409300773546337
MaritalStatus_Single,51,-0.12656924158627594,0.8441514093848925,0.1266017686126627
Gender_Male,95,-0.12646743306065478,0.01408129419473126,0.34901816324757234
JobInvolvement,60,0.12637170062244718,0.3654129936317017,0.19337878178375337
Department_Research...Development,78,0.12613697918074965,0.06847172340066532,0.30419410135566793
EducationField_Marketing,65,-0.12595203220789358,0.22949000966402106,0.2298041132874453
JobRole_Laboratory.Technician,56,-0.12577880975762204,0.5301516871972264,0.16320460471441373
WorkLifeBalance,72,0.12544231178241527,0.11965628124013335,0.27434710687085806
EducationField_Human.Resources,53,-0.12532808741639753,0.7008293302347044,0.1409300773546337
TrainingTimesLastYear,91,0.12517117104599576,0.020429546856183922,0.34273819803571226
Gender_Female,94,0.1247426705883655,0.015454202995262095,0.3476323679042937
MaritalStatus_Divorced,61,0.12469439031200641,0.33295071039787305,0.20085025136497922
Department_Sales,77,-0.12449929488952745,0.07514763190341218,0.29979010201004386
BusinessTravel_Non.Travel,54,0.12440602492723016,0.6385695841032256,0.14827344551453722
StockOptionLevel,64,0.1242804043078139,0.2518650022992526,0.2227443296176399
EducationField_Medical,79,0.1241819205185508,0.06238888420972765,0.3083722059616063
EducationField_Technical.Degree,57,-0.12413828117588993,0.48305447246590155,0.17074495106833817
Gender_Male,94,-0.12396016069321708,0.015454202995262095,0.3476323679042937
EnvironmentSatisfaction,66,0.12392259128088325,0.2091027497064397,0.23671598444697853
JobRole_Healthcare.Representative,59,0.12380717600941653,0.4010403094059146,0.18585556874564121
NumCompaniesWorked,93,-0.12353837196855547,0.01696096870897924,0.34612886181282204
Department_Research...Development,77,0.12344965011427861,0.07514763190341218,0.29979010201004386
PerformanceRating,74,-0.12330657113521161,0.0993407468228991,0.2852070720866199
JobRole_Sales.Representative,43,-0.12291943383399725,1.7768578002099231,0.07675218463479885
JobRole_Manager,60,0.1228861628244503,0.3654129936317017,0.19337878178375337
MaritalStatus_Married,64,0.12275424557346311,0.2518650022992526,0.2227443296176399
TrainingTimesLastYear,90,0.12242136985817796,0.0224214024542444,0.34083549706942634
RelationshipSatisfaction,75,0.12209548178408552,0.09051558866972378,0.2902970347206943
Gender_Female,93,0.12200772289890605,0.01696096870897924,0.34612886181282204
JobRole_Human.Resources,64,-0.12169796708867298,0.2518650022992526,0.2227443296176399
Department_Human.Resources,96,0.12166344165673756,0.012830350828144373,0.35029496581932634
OverTime_Yes,46,-0.1213471049532859,1.3441277641381963,0.09379013403298568
OverTime_No,46,0.12134681313275725,1.3441277641381963,0.09379013403298568
Gender_Male,93,-0.12133448235050502,0.01696096870897924,0.34612886181282204
EducationField_Other,58,0.12123843683733357,0.44014124448594455,0.17830319446199555
Department_Sales,76,-0.1211188856092893,0.08247443324372147,0.29515809049346203
JobSatisfaction,68,0.12109203533209245,0.1736007763509893,0.250037252376955
EducationField_Medical,78,0.12079445168868215,0.06847172340066532,0.30419410135566793
Department_Research...Development,76,0.12071602653937723,0.08247443324372147,0.29515809049346203
NumCompaniesWorked,92,-0.12032141035870199,0.01861464221967107,0.344500061431348
JobRole_Manufacturing.Director,54,0.12024072514310226,0.6385695841032256,0.14827344551453722
EducationField_Marketing,64,-0.12017284831653505,0.2518650022992526,0.2227443296176399
TrainingTimesLastYear,89,0.11959102112127236,0.024607461514156204,0.3387857836774415
WorkLifeBalance,71,0.11952767929642258,0.13132262094453628,0.2685840919729863
Gender_Female,92,0.11916332300050271,0.01861464221967107,0.344500061431348
JobRole_Research.Director,52,0.11904706554940003,0.7691593247539134,0.13369889095342355
StockOptionLevel,63,0.11868398312335929,0.2764215290943355,0.21555239569290216
Gender_Male,92,-0.11859266421850737,0.01861464221967107,0.344500061431348
JobInvolvement,59,0.11846970628309607,0.4010403094059146,0.18585556874564121
MaritalStatus_Single,50,-0.11846616979377629,0.9264551296891429,0.11965932261972216
BusinessTravel_Travel_Frequently,53,-0.11841500218846263,0.7008293302347044,0.1409300773546337
MaritalStatus_Divorced,60,0.11836664922938292,0.3654129936317017,0.19337878178375337
MaritalStatus_Married,63,0.11821561114446896,0.2764215290943355,0.21555239569290216
PerformanceRating,73,-0.11815028263760151,0.10902634700129,0.2798897828206845
JobRole_Manager,59,0.1181107263743454,0.4010403094059146,0.18585556874564121
Department_Research...Development,75,0.11793596948739714,0.09051558866972378,0.2902970347206943
Department_Sales,75,-0.1177587433128729,0.09051558866972378,0.2902970347206943
EducationField_Medical,77,0.11739134153758979,0.07514763190341218,0.29979010201004386
JobRole_Laboratory.Technician,55,-0.11734896770781568,0.5818408222230168,0.15570613377828724
JobRole_Healthcare.Representative,58,0.11717835728713372,0.44014124448594455,0.17830319446199555
NumCompaniesWorked,91,-0.11703078849427759,0.020429546856183922,0.34273819803571226
TrainingTimesLastYear,88,0.1166885584535843,0.027006658633704324,0.33657437421617786
EnvironmentSatisfaction,65,0.11646281710335789,0.22949000966402106,0.2298041132874453
EducationField_Human.Resources,52,-0.11639413537957052,0.7691593247539134,0.13369889095342355
JobRole_Human.Resources,63,-0.1162254545542376,0.2764215290943355,0.21555239569290216
Gender_Female,91,0.11621394449156877,0.020429546856183922,0.34273819803571226
RelationshipSatisfaction,74,0.11613857783619508,0.0993407468228991,0.2852070720866199
EducationField_Technical.Degree,56,-0.11611171023112209,0.5301516871972264,0.16320460471441373
Gender_Male,91,-0.11573798912002867,0.020429546856183922,0.34273819803571226
BusinessTravel_Non.Travel,53,0.11538537881682573,0.7008293302347044,0.1409300773546337
YearsSinceLastPromotion,100,-0.11515879951701526,0.008843463142112108,0.35443528922548545
Department_Research...Development,74,0.11510991510476921,0.0993407468228991,0.2852070720866199
EducationField_Marketing,63,-0.11447845774183486,0.2764215290943355,0.21555239569290216
Department_Sales,74,-0.11441656103274515,0.0993407468228991,0.2852070720866199
JobSatisfaction,67,0.1142689439670386,0.1905266377338469,0.24346486972832568
EducationField_Medical,76,0.1139749276026438,0.08247443324372147,0.29515809049346203
JobRole_Sales.Representative,42,-0.1139577913673549,1.950099242187098,0.0715670054939172
TrainingTimesLastYear,87,0.11371361906517025,0.029639774510582882,0.3342002285797351
WorkLifeBalance,70,0.11369679529154461,0.14412641436794113,0.26260639827158394
NumCompaniesWorked,90,-0.11367245035571519,0.0224214024542444,0.34083549706942634
MaritalStatus_Married,62,0.11361603266198991,0.30337228693673607,0.20824831262114743
JobRole_Manager,58,0.11337324312381587,0.44014124448594455,0.17830319446199555
Gender_Female,90,0.11316758755266788,0.0224214024542444,0.34083549706942634
StockOptionLevel,62,0.11316221164174867,0.30337228693673607,0.20824831262114743
PerformanceRating,72,-0.1131177167524327,0.11965628124013335,0.27434710687085806
EducationField_Other,57,0.11294206154339102,0.48305447246590155,0.17074495106833817
Gender_Male,90,-0.1127736596741724,0.0224214024542444,0.34083549706942634
JobRole_Manufacturing.Director,53,0.11274620182962759,0.7008293302347044,0.1409300773546337
YearsSinceLastPromotion,99,-0.1125067776006021,0.009705689881151381,0.35353045399695915
OverTime_Yes,45,-0.1122540909507286,1.4751785618066122,0.08786918051693175
OverTime_No,45,0.1122538586976924,1.4751785618066122,0.08786918051693175
Department_Research...Development,73,0.11221029826265642,0.10902634700129,0.2798897828206845
MaritalStatus_Divorced,59,0.11217341838920727,0.4010403094059146,0.18585556874564121
EducationField_Life.Sciences,100,0.1118075687539945,0.008843463142112108,0.35443528922548545
JobRole_Research.Director,51,0.11179371074453588,0.8441514093848925,0.1266017686126627
Department_Sales,73,-0.11109943008402627,0.10902634700129,0.2798897828206845
JobInvolvement,58,0.110883474783536,0.44014124448594455,0.17830319446199555
JobRole_Human.Resources,62,-0.11086441057216363,0.30337228693673607,0.20824831262114743
JobRole_Healthcare.Representative,57,0.11074039065519455,0.48305447246590155,0.17074495106833817
MaritalStatus_Single,49,-0.11069542893943794,1.0167833611185435,0.11289062811556416
TrainingTimesLastYear,86,0.11067283403398845,0.032529615934857266,0.33165302277616854
EducationField_Medical,75,0.11054768750237134,0.09051558866972378,0.2902970347206943
BusinessTravel_Travel_Frequently,52,-0.11028607016636734,0.7691593247539134,0.13369889095342355
RelationshipSatisfaction,73,0.11027190887238174,0.10902634700129,0.2798897828206845
NumCompaniesWorked,89,-0.11024521252412409,0.024607461514156204,0.3387857836774415
Gender_Female,89,0.11013615850243258,0.024607461514156204,0.3387857836774415
EducationField_Life.Sciences,99,0.11012494175704138,0.009705689881151381,0.35353045399695915
YearsSinceLastPromotion,98,-0.10972427474666328,0.010651982662822088,0.3525440401067922
Gender_Male,89,-0.10963714900362338,0.024607461514156204,0.3387857836774415
JobRole_Laboratory.Technician,54,-0.10936917317243047,0.6385695841032256,0.14827344551453722
Department_Research...Development,72,0.10929744561817614,0.11965628124013335,0.27434710687085806
EnvironmentSatisfaction,64,0.10926783668215011,0.2518650022992526,0.2227443296176399
MaritalStatus_Married,61,0.10896887547904606,0.33295071039787305,0.20085025136497922
EducationField_Marketing,62,-0.10888281025212286,0.30337228693673607,0.20824831262114743
JobRole_Manager,57,0.1086794076760482,0.48305447246590155,0.17074495106833817
EducationField_Technical.Degree,55,-0.10845169749424023,0.5818408222230168,0.15570613377828724
EducationField_Life.Sciences,98,0.10830061888735323,0.010651982662822088,0.3525440401067922
PerformanceRating,71,-0.1082028488996579,0.13132262094453628,0.2685840919729863
EducationField_Human.Resources,51,-0.10796742316407491,0.8441514093848925,0.1266017686126627
WorkLifeBalance,69,0.10796402363763549,0.15817856184375606,0.25642120490941533
Department_Sales,72,-0.10778219923705028,0.11965628124013335,0.27434710687085806
StockOptionLevel,61,0.10771944078951931,0.33295071039787305,0.20085025136497922
JobSatisfaction,66,0.10763770195224263,0.2091027497064397,0.23671598444697853
TrainingTimesLastYear,85,0.10757180931372871,0.0357012133304691,0.3289250107963617
EducationField_Medical,74,0.10711225993352694,0.0993407468228991,0.2852070720866199
BusinessTravel_Non.Travel,52,0.10689937082836214,0.7691593247539134,0.13369889095342355
YearsSinceLastPromotion,97,-0.10680320923361666,0.011690537822500678,0.35146768034404935
Gender_Female,88,0.10679151053969825,0.027006658633704324,0.33657437421617786
NumCompaniesWorked,88,-0.10677795193142223,0.027006658633704324,0.33657437421617786
Gender_Male,88,-0.10654419337220308,0.027006658633704324,0.33657437421617786
EducationField_Life.Sciences,97,0.1064078008906686,0.011690537822500678,0.35146768034404935
Department_Research...Development,71,0.1063447960234712,0.13132262094453628,0.2685840919729863
MaritalStatus_Divorced,58,0.1061270506177886,0.44014124448594455,0.17830319446199555
JobRole_Human.Resources,61,-0.10562272384701306,0.33295071039787305,0.20085025136497922
JobRole_Manufacturing.Director,52,0.10557149507125496,0.7691593247539134,0.13369889095342355
JobRole_Sales.Representative,41,-0.10550997680708511,2.140231510889284,0.06663444590104296
YearsWithCurrManager,100,0.10550446738184337,0.008843463142112108,0.35443528922548545
EducationField_Other,56,0.10505653151737118,0.5301516871972264,0.16320460471441373
JobRole_Research.Director,50,0.10487564416225684,0.9264551296891429,0.11965932261972216
RelationshipSatisfaction,72,0.104505141294471,0.11965628124013335,0.27434710687085806
JobRole_Healthcare.Representative,56,0.1045004286457839,0.5301516871972264,0.16320460471441373
Department_Sales,71,-0.10447953623919479,0.13132262094453628,0.2685840919729863
EducationField_Life.Sciences,96,0.10445442959997203,0.012830350828144373,0.35029496581932634
TrainingTimesLastYear,84,0.10441672167525054,0.03918203755679407,0.32600871065873394
MaritalStatus_Married,60,0.10429180427760623,0.3654129936317017,0.19337878178375337
JobRole_Manager,56,0.10403522692699234,0.5301516871972264,0.16320460471441373
YearsSinceLastPromotion,96,-0.10374883070396376,0.012830350828144373,0.35029496581932634
OverTime_Yes,44,-0.10372229848102058,1.6190066504645788,0.08218771800792075
OverTime_No,44,0.10372212110017018,1.6190066504645788,0.08218771800792075
EducationField_Medical,73,0.10367416490965779,0.10902634700129,0.2798897828206845
JobInvolvement,57,0.10362048744643942,0.48305447246590155,0.17074495106833817
Gender_Female,87,0.10348155716006179,0.029639774510582882,0.3342002285797351
Department_Human.Resources,95,0.10343105965617584,0.01408129419473126,0.34901816324757234
PerformanceRating,70,-0.10339848905331665,0.14412641436794113,0.26260639827158394
EducationField_Marketing,61,-0.10339486803731622,0.33295071039787305,0.20085025136497922
Department_Research...Development,70,0.10335387126847351,0.14412641436794113,0.26260639827158394
Gender_Male,87,-0.10329064093857289,0.029639774510582882,0.3342002285797351
MaritalStatus_Single,48,-0.10326660920315085,1.1159184836014817,0.10631298928575754
NumCompaniesWorked,87,-0.1032566895022034,0.029639774510582882,0.3342002285797351
BusinessTravel_Travel_Frequently,51,-0.1025735900280648,0.8441514093848925,0.1266017686126627
EducationField_Life.Sciences,95,0.10249918257289671,0.01408129419473126,0.34901816324757234
YearsWithCurrManager,99,0.10239378909158728,0.009705689881151381,0.35353045399695915
StockOptionLevel,60,0.10236635735393332,0.3654129936317017,0.19337878178375337
EnvironmentSatisfaction,63,0.10234821043262184,0.2764215290943355,0.21555239569290216
WorkLifeBalance,68,0.10234298261969939,0.1736007763509893,0.250037252376955
JobRole_Laboratory.Technician,53,-0.10182891112141441,0.7008293302347044,0.1409300773546337
TrainingTimesLastYear,83,0.10121428607857355,0.04300223784808405,0.32289698885976165
JobSatisfaction,65,0.10121268418895116,0.22949000966402106,0.2298041132874453
Department_Sales,70,-0.10119033079102717,0.14412641436794113,0.26260639827158394
EducationField_Technical.Degree,54,-0.10115727439598703,0.6385695841032256,0.14827344551453722
YearsSinceLastPromotion,95,-0.1005569980710875,0.01408129419473126,0.34901816324757234
JobRole_Human.Resources,60,-0.10050175040658488,0.3654129936317017,0.19337878178375337
EducationField_Life.Sciences,94,0.1003994983505452,0.015454202995262095,0.3476323679042937
Department_Research...Development,69,0.10032685235446466,0.15817856184375606,0.25642120490941533
MaritalStatus_Divorced,57,0.10023913759266052,0.48305447246590155,0.17074495106833817
EducationField_Medical,72,0.1002298553395109,0.11965628124013335,0.27434710687085806
YearsInCurrentRole,100,0.10020381621878001,0.008843463142112108,0.35443528922548545
Gender_Female,86,0.1000996005680815,0.032529615934857266,0.33165302277616854
EducationField_Human.Resources,50,-0.10003630536869952,0.9264551296891429,0.11965932261972216
Gender_Male,86,-0.0999553555767749,0.032529615934857266,0.33165302277616854
NumCompaniesWorked,86,-0.09969657620290784,0.032529615934857266,0.33165302277616854
MaritalStatus_Married,59,0.09960325231430517,0.4010403094059146,0.18585556874564121
JobRole_Manager,55,0.09944697039898562,0.5818408222230168,0.15570613377828724
YearsWithCurrManager,98,0.09926790616362742,0.010651982662822088,0.3525440401067922
BusinessTravel_Non.Travel,51,0.09893059808738883,0.8441514093848925,0.1266017686126627
RelationshipSatisfaction,71,0.0988571933501316,0.13132262094453628,0.2685840919729863
JobRole_Manufacturing.Director,51,0.09871667915440782,0.8441514093848925,0.1266017686126627
PerformanceRating,69,-0.0986986760518977,0.15817856184375606,0.25642120490941533
JobRole_Healthcare.Representative,55,0.09846491051512128,0.5818408222230168,0.15570613377828724
JobRole_Research.Director,49,0.09828197236146403,1.0167833611185435,0.11289062811556416
EducationField_Life.Sciences,93,0.09823776236203689,0.01696096870897924,0.34612886181282204
EducationField_Marketing,60,-0.09802477159583474,0.3654129936317017,0.19337878178375337
TrainingTimesLastYear,82,0.09797173914308396,0.04719490295171102,0.3195831771275536
Department_Sales,69,-0.09791377228126276,0.15817856184375606,0.25642120490941533
JobLevel,86,0.09786690340382202,0.032529615934857266,0.33165302277616854
JobLevel,85,0.0978416230101908,0.0357012133304691,0.3289250107963617
JobLevel,87,0.09775668142712664,0.029639774510582882,0.3342002285797351
JobLevel,84,0.0976801016164286,0.03918203755679407,0.32600871065873394
EducationField_Other,55,0.09758131051800145,0.5818408222230168,0.15570613377828724
JobRole_Sales.Representative,40,-0.09756742385881646,2.3489014410703275,0.06195480370237651
JobLevel,88,0.09751222527054487,0.027006658633704324,0.33657437421617786
JobLevel,83,0.09738213660968846,0.04300223784808405,0.32289698885976165
YearsInCurrentRole,99,0.0973356988699894,0.009705689881151381,0.35353045399695915
Department_Research...Development,68,0.09726653903732793,0.1736007763509893,0.250037252376955
YearsSinceLastPromotion,94,-0.09725685706375785,0.015454202995262095,0.3476323679042937
JobLevel,89,0.09712709044815136,0.024607461514156204,0.3387857836774415
StockOptionLevel,59,0.09711366724779599,0.4010403094059146,0.18585556874564121
JobLevel,82,0.09694802662064318,0.04719490295171102,0.3195831771275536
WorkLifeBalance,67,0.09684646918726669,0.1905266377338469,0.24346486972832568
EducationField_Medical,71,0.09678722037389723,0.13132262094453628,0.2685840919729863
JobInvolvement,56,0.09668574160672187,0.5301516871972264,0.16320460471441373
Gender_Female,85,0.09665391815744992,0.0357012133304691,0.3289250107963617
JobLevel,90,0.09662764058471322,0.0224214024542444,0.34083549706942634
Gender_Male,85,-0.09654721824512297,0.0357012133304691,0.3289250107963617
JobLevel,81,0.09633820905894704,0.051796347727067434,0.316064069827691
MaritalStatus_Single,47,-0.09618615265059331,1.2247191581435093,0.09994174703233644
YearsWithCurrManager,97,0.09613427437669325,0.011690537822500678,0.35146768034404935
NumCompaniesWorked,85,-0.09610605602556253,0.0357012133304691,0.3289250107963617
EducationField_Life.Sciences,92,0.09601707609026176,0.01861464221967107,0.344500061431348
JobLevel,91,0.09599587315070435,0.020429546856183922,0.34273819803571226
OverTime_Yes,43,-0.09573485402408327,1.7768578002099231,0.07675218463479885
OverTime_No,43,0.09573471610533536,1.7768578002099231,0.07675218463479885
EnvironmentSatisfaction,62,0.09571237038491023,0.30337228693673607,0.20824831262114743
JobLevel,80,0.09563869904475862,0.05684642768750557,0.3123275256589967
JobRole_Human.Resources,59,-0.09550398509271817,0.4010403094059146,0.18585556874564121
BusinessTravel_Travel_Frequently,50,-0.09527353813650662,0.9264551296891429,0.11965932261972216
JobLevel,92,0.09524070790648739,0.01861464221967107,0.344500061431348
JobSatisfaction,64,0.09500648481230398,0.2518650022992526,0.2227443296176399
MaritalStatus_Married,58,0.09492210042286298,0.44014124448594455,0.17830319446199555
JobRole_Manager,54,0.09492113380421614,0.6385695841032256,0.14827344551453722
JobLevel,79,0.09481048251225889,0.06238888420972765,0.3083722059616063
JobRole_Laboratory.Technician,52,-0.09471602798570006,0.7691593247539134,0.13369889095342355
TrainingTimesLastYear,81,0.09469606835189494,0.051796347727067434,0.316064069827691
Department_Sales,68,-0.09464943091975206,0.1736007763509893,0.250037252376955
MaritalStatus_Divorced,56,0.09452038194815855,0.5301516871972264,0.16320460471441373
YearsInCurrentRole,98,0.09444313296547784,0.010651982662822088,0.3525440401067922
JobLevel,93,0.0943693012814915,0.01696096870897924,0.34612886181282204
EducationField_Technical.Degree,53,-0.09422600862501887,0.7008293302347044,0.1409300773546337
Department_Research...Development,67,0.0941762842675591,0.1905266377338469,0.24346486972832568
PerformanceRating,68,-0.09409883121190928,0.1736007763509893,0.250037252376955
JobLevel,78,0.09385637894814204,0.06847172340066532,0.30419410135566793
YearsSinceLastPromotion,93,-0.09384705556467797,0.01696096870897924,0.34612886181282204
EducationField_Life.Sciences,91,0.09374115912707673,0.020429546856183922,0.34273819803571226
JobLevel,94,0.09338817951020668,0.015454202995262095,0.3476323679042937
EducationField_Medical,70,0.09334988538991089,0.14412641436794113,0.26260639827158394
RelationshipSatisfaction,70,0.09334224930489833,0.14412641436794113,0.26260639827158394
Gender_Female,84,0.09315319465846172,0.03918203755679407,0.32600871065873394
Gender_Male,84,-0.09307578883671454,0.03918203755679407,0.32600871065873394
YearsWithCurrManager,96,0.09300317902639131,0.012830350828144373,0.35029496581932634
EducationField_Marketing,59,-0.09278211703442098,0.4010403094059146,0.18585556874564121
JobLevel,77,0.09277984036933294,0.07514763190341218,0.29979010201004386
JobRole_Healthcare.Representative,54,0.09263949527077037,0.6385695841032256,0.14827344551453722
EducationField_Human.Resources,49,-0.09258694620704297,1.0167833611185435,0.11289062811556416
NumCompaniesWorked,84,-0.0924939137678031,0.03918203755679407,0.32600871065873394
JobLevel,95,0.09230528528876332,0.01408129419473126,0.34901816324757234
JobRole_Manufacturing.Director,50,0.09218079628962492,0.9264551296891429,0.11965932261972216
JobRole_Research.Director,48,0.09200279087884161,1.1159184836014817,0.10631298928575754
StockOptionLevel,58,0.091971957089335,0.44014124448594455,0.17830319446199555
JobLevel,76,0.09158496909464033,0.08247443324372147,0.29515809049346203
YearsInCurrentRole,97,0.09154155715715638,0.011690537822500678,0.35146768034404935
WorkLifeBalance,66,0.09148638654383963,0.2091027497064397,0.23671598444697853
BusinessTravel_Non.Travel,50,0.09146068064197217,0.9264551296891429,0.11965932261972216
EducationField_Life.Sciences,90,0.09141720721054622,0.0224214024542444,0.34083549706942634
Department_Sales,67,-0.09139730837874657,0.1905266377338469,0.24346486972832568
TrainingTimesLastYear,80,0.0913964501807075,0.05684642768750557,0.3123275256589967
JobLevel,96,0.09116643759624041,0.012830350828144373,0.35029496581932634
Department_Research...Development,66,0.09105992553758381,0.2091027497064397,0.23671598444697853
JobRole_Human.Resources,58,-0.09063275581636754,0.44014124448594455,0.17830319446199555
EducationField_Other,54,0.090513105041314,0.6385695841032256,0.14827344551453722
JobRole_Manager,53,0.09046440669174345,0.7008293302347044,0.1409300773546337
YearsSinceLastPromotion,92,-0.09033874399981918,0.01861464221967107,0.344500061431348
JobLevel,75,0.09027648839918015,0.09051558866972378,0.2902970347206943
MaritalStatus_Married,57,0.0902673442265598,0.48305447246590155,0.17074495106833817
JobRole_Sales.Representative,39,-0.09011828416812143,2.577916431839545,0.05752656232753796
JobInvolvement,55,0.09008185483296875,0.5818408222230168,0.15570613377828724
JobLevel,97,0.08992186984386102,0.011690537822500678,0.35146768034404935
EducationField_Medical,69,0.08992175128138175,0.15817856184375606,0.25642120490941533
YearsWithCurrManager,95,0.0898879788957564,0.01408129419473126,0.34901816324757234
Gender_Female,83,0.08960648235461231,0.04300223784808405,0.32289698885976165
PerformanceRating,67,-0.0895958598484826,0.1905266377338469,0.24346486972832568
Gender_Male,83,-0.08955119448713206,0.04300223784808405,0.32289698885976165
MaritalStatus_Single,46,-0.08945745401117747,1.3441277641381963,0.09379013403298568
EnvironmentSatisfaction,61,0.08936658792361246,0.33295071039787305,0.20085025136497922
EducationField_Life.Sciences,89,0.08910759277966607,0.024607461514156204,0.3387857836774415
JobSatisfaction,63,0.08902970769339895,0.2764215290943355,0.21555239569290216
MaritalStatus_Divorced,55,0.08898048009494273,0.5818408222230168,0.15570613377828724
NumCompaniesWorked,83,-0.08886920150477322,0.04300223784808405,0.32289698885976165
JobLevel,74,0.08885964229515808,0.0993407468228991,0.2852070720866199
YearsInCurrentRole,96,0.08863955319796765,0.012830350828144373,0.35029496581932634
JobLevel,98,0.0885997725789893,0.010651982662822088,0.3525440401067922
BusinessTravel_Travel_Frequently,49,-0.08837985054372194,1.0167833611185435,0.11289062811556416
OverTime_Yes,42,-0.08827266105227924,1.950099242187098,0.0715670054939172
OverTime_No,42,0.08827255504191982,1.950099242187098,0.0715670054939172
Department_Sales,66,-0.08815786155479892,0.2091027497064397,0.23671598444697853
TrainingTimesLastYear,79,0.08808070474454437,0.06238888420972765,0.3083722059616063
JobRole_Laboratory.Technician,51,-0.08801702070386302,0.8441514093848925,0.1266017686126627
RelationshipSatisfaction,69,0.08797350516179178,0.15817856184375606,0.25642120490941533
Department_Research...Development,65,0.08792172961201089,0.22949000966402106,0.2298041132874453
Department_Human.Resources,94,0.08768590686099333,0.015454202995262095,0.3476323679042937
EducationField_Marketing,58,-0.08767588512411069,0.44014124448594455,0.17830319446199555
EducationField_Technical.Degree,52,-0.08765403489297693,0.7691593247539134,0.13369889095342355
JobLevel,73,0.08731905972141979,0.10902634700129,0.2798897828206845
JobLevel,99,0.08721919789965965,0.009705689881151381,0.35353045399695915
JobRole_Healthcare.Representative,53,0.08702900030950154,0.7008293302347044,0.1409300773546337
StockOptionLevel,57,0.08695154646466097,0.48305447246590155,0.17074495106833817
YearsWithCurrManager,94,0.08679427232072684,0.015454202995262095,0.3476323679042937
YearsSinceLastPromotion,91,-0.0867445134818475,0.020429546856183922,0.34273819803571226
EducationField_Life.Sciences,88,0.08662091272366469,0.027006658633704324,0.33657437421617786
EducationField_Medical,68,0.08650699887720918,0.1736007763509893,0.250037252376955
WorkLifeBalance,65,0.08627367405747707,0.22949000966402106,0.2298041132874453
JobRole_Manager,52,0.08608363553010143,0.7691593247539134,0.13369889095342355
JobRole_Research.Director,47,0.08602900071488714,1.2247191581435093,0.09994174703233644
Gender_Female,82,0.08602315842058315,0.04719490295171102,0.3195831771275536
Gender_Male,82,-0.08598416365127123,0.04719490295171102,0.3195831771275536
JobRole_Manufacturing.Director,49,0.08596182589150918,1.0167833611185435,0.11289062811556416
JobRole_Human.Resources,57,-0.08589192491145864,0.48305447246590155,0.17074495106833817
JobLevel,100,0.08585838483843786,0.008843463142112108,0.35443528922548545
YearsInCurrentRole,95,0.08575167802049029,0.01408129419473126,0.34901816324757234
JobLevel,72,0.0857104926087994,0.11965628124013335,0.27434710687085806
MaritalStatus_Married,56,0.0856577603095125,0.5301516871972264,0.16320460471441373
EducationField_Human.Resources,48,-0.08560370052628867,1.1159184836014817,0.10631298928575754
NumCompaniesWorked,82,-0.08524116290408823,0.04719490295171102,0.3195831771275536
PerformanceRating,66,-0.08518819412620487,0.2091027497064397,0.23671598444697853
Department_Sales,65,-0.0849320091695448,0.22949000966402106,0.2298041132874453
Department_Research...Development,64,0.0847663588861917,0.2518650022992526,0.2227443296176399
TrainingTimesLastYear,78,0.08475739074871508,0.06847172340066532,0.30419410135566793
BusinessTravel_Non.Travel,49,0.08447042621431698,1.0167833611185435,0.11289062811556416
EducationField_Life.Sciences,87,0.08416581895818043,0.029639774510582882,0.3342002285797351
JobLevel,71,0.0840105255713308,0.13132262094453628,0.2685840919729863
EducationField_Other,53,0.08384615081396342,0.7008293302347044,0.1409300773546337
JobInvolvement,54,0.08380919445017795,0.6385695841032256,0.14827344551453722
YearsWithCurrManager,93,0.08373243066960134,0.01696096870897924,0.34612886181282204
MaritalStatus_Divorced,54,0.08362801789907036,0.6385695841032256,0.14827344551453722
EnvironmentSatisfaction,60,0.08331497264103423,0.3654129936317017,0.19337878178375337
JobSatisfaction,62,0.08329124884204296,0.30337228693673607,0.20824831262114743
JobRole_Sales.Representative,38,-0.08314796644396232,2.8292601014881646,0.053346563326138276
EducationField_Medical,67,0.08311008515548467,0.1905266377338469,0.24346486972832568
MaritalStatus_Single,45,-0.08308102220196557,1.4751785618066122,0.08786918051693175
YearsSinceLastPromotion,90,-0.08307844452071006,0.0224214024542444,0.34083549706942634
YearsInCurrentRole,94,0.082874330220685,0.015454202995262095,0.3476323679042937
RelationshipSatisfaction,68,0.0827630279016999,0.1736007763509893,0.250037252376955
EducationField_Marketing,57,-0.08271437929301105,0.48305447246590155,0.17074495106833817
Gender_Female,81,0.08243828328298551,0.051796347727067434,0.316064069827691
Gender_Male,81,-0.08238143977316865,0.051796347727067434,0.316064069827691
JobLevel,70,0.08222519569173067,0.14412641436794113,0.26260639827158394
StockOptionLevel,56,0.08206233459764603,0.5301516871972264,0.16320460471441373
BusinessTravel_Travel_Frequently,48,-0.08188457110710805,1.1159184836014817,0.10631298928575754
JobRole_Manager,51,0.08178577533464282,0.8441514093848925,0.1266017686126627
Department_Sales,64,-0.0817211306629154,0.2518650022992526,0.2227443296176399
JobRole_Laboratory.Technician,50,-0.08171732284163322,0.9264551296891429,0.11965932261972216
EducationField_Life.Sciences,86,0.081678368185668,0.032529615934857266,0.33165302277616854
JobRole_Healthcare.Representative,52,0.08163734630102319,0.7691593247539134,0.13369889095342355
NumCompaniesWorked,81,-0.08161887813212626,0.051796347727067434,0.316064069827691
Department_Research...Development,63,0.08159331936721978,0.2764215290943355,0.21555239569290216
EducationField_Technical.Degree,51,-0.08143609743112887,0.8441514093848925,0.1266017686126627
TrainingTimesLastYear,77,0.0814351926301172,0.07514763190341218,0.29979010201004386
OverTime_Yes,41,-0.08131486612678097,2.140231510889284,0.06663444590104296
OverTime_No,41,0.08131478548923164,2.140231510889284,0.06663444590104296
JobRole_Human.Resources,56,-0.08128561269012674,0.5301516871972264,0.16320460471441373
WorkLifeBalance,64,0.08121823798550698,0.2518650022992526,0.2227443296176399
MaritalStatus_Married,55,0.08111158164317997,0.5818408222230168,0.15570613377828724
PerformanceRating,65,-0.08087577365357325,0.22949000966402106,0.2298041132874453
YearsWithCurrManager,92,0.08071154455805428,0.01861464221967107,0.344500061431348
JobRole_Sales.Executive,100,0.08060578473921098,0.008843463142112108,0.35443528922548545
JobLevel,69,0.0803607548198056,0.15817856184375606,0.25642120490941533
JobRole_Research.Director,46,0.08035212106806812,1.3441277641381963,0.09379013403298568
JobRole_Manufacturing.Director,48,0.08005666478486932,1.1159184836014817,0.10631298928575754
YearsInCurrentRole,93,0.08002263127937738,0.01696096870897924,0.34612886181282204
EducationField_Medical,66,0.07973573099029017,0.2091027497064397,0.23671598444697853
YearsSinceLastPromotion,89,-0.07935166299383625,0.024607461514156204,0.3387857836774415
EducationField_Life.Sciences,85,0.0791640716960405,0.0357012133304691,0.3289250107963617
EducationField_Human.Resources,47,-0.07906947876456755,1.2247191581435093,0.09994174703233644
Gender_Female,80,0.07880432340595983,0.05684642768750557,0.3123275256589967
Gender_Male,80,-0.07876501378555253,0.05684642768750557,0.3123275256589967
Department_Sales,63,-0.07852404489801762,0.2764215290943355,0.21555239569290216
MaritalStatus_Divorced,53,0.07847038141297065,0.7008293302347044,0.1409300773546337
JobLevel,68,0.07842357677122647,0.1736007763509893,0.250037252376955
Department_Research...Development,62,0.0784215086062012,0.30337228693673607,0.20824831262114743
TrainingTimesLastYear,76,0.07812283018816997,0.08247443324372147,0.29515809049346203
NumCompaniesWorked,80,-0.07801250965380711,0.05684642768750557,0.3123275256589967
BusinessTravel_Non.Travel,48,0.07793999441753066,1.1159184836014817,0.10631298928575754
EducationField_Marketing,56,-0.07790517037910016,0.5301516871972264,0.16320460471441373
JobInvolvement,53,0.07786602797695313,0.7008293302347044,0.1409300773546337
JobSatisfaction,61,0.07779767423406789,0.33295071039787305,0.20085025136497922
YearsWithCurrManager,91,0.0777400939504906,0.020429546856183922,0.34273819803571226
RelationshipSatisfaction,67,0.07772162533384343,0.1905266377338469,0.24346486972832568
JobRole_Manager,50,0.07757782552225628,0.9264551296891429,0.11965932261972216
EducationField_Other,52,0.07757250390976575,0.7691593247539134,0.13369889095342355
EnvironmentSatisfaction,59,0.07755951540972378,0.4010403094059146,0.18585556874564121
JobRole_Sales.Executive,99,0.07732473791931375,0.009705689881151381,0.35353045399695915
StockOptionLevel,55,0.07731364575368292,0.5818408222230168,0.15570613377828724
YearsInCurrentRole,92,0.07720466929581499,0.01861464221967107,0.344500061431348
MaritalStatus_Single,44,-0.07705468243587744,1.6190066504645788,0.08218771800792075
JobRole_Human.Resources,55,-0.07681795452313442,0.5818408222230168,0.15570613377828724
PerformanceRating,64,-0.0766599605519841,0.2518650022992526,0.2227443296176399
MaritalStatus_Married,54,0.0766461920145178,0.6385695841032256,0.14827344551453722
JobRole_Sales.Representative,37,-0.07663966213394084,3.105109468642019,0.04941019154362132
EducationField_Life.Sciences,84,0.0766286447578131,0.03918203755679407,0.32600871065873394
JobRole_Healthcare.Representative,51,0.07646750943135454,0.8441514093848925,0.1266017686126627
JobLevel,67,0.07642007677345844,0.1905266377338469,0.24346486972832568
EducationField_Medical,65,0.07638890088234766,0.22949000966402106,0.2298041132874453
WorkLifeBalance,63,0.07632866670157602,0.2764215290943355,0.21555239569290216
JobRole_Laboratory.Technician,49,-0.07580157741609736,1.0167833611185435,0.11289062811556416
BusinessTravel_Travel_Frequently,47,-0.0757780266284933,1.2247191581435093,0.09994174703233644
YearsSinceLastPromotion,88,-0.07558966882240133,0.027006658633704324,0.33657437421617786
EducationField_Technical.Degree,50,-0.07556560861080559,0.9264551296891429,0.11965932261972216
BusinessTravel_Travel_Rarely,80,0.07538771917997411,0.05684642768750557,0.3123275256589967
Department_Sales,62,-0.07534994660223794,0.30337228693673607,0.20824831262114743
BusinessTravel_Travel_Rarely,79,0.07534399176640989,0.06238888420972765,0.3083722059616063
BusinessTravel_Travel_Rarely,81,0.07528712042193257,0.051796347727067434,0.316064069827691
Department_Research...Development,61,0.0752480857753269,0.33295071039787305,0.20085025136497922
Gender_Female,79,0.07516518127404778,0.06238888420972765,0.3083722059616063
BusinessTravel_Travel_Rarely,78,0.07515165272664191,0.06847172340066532,0.30419410135566793
Gender_Male,79,-0.07513837489303196,0.06238888420972765,0.3083722059616063
BusinessTravel_Travel_Rarely,82,0.07504114305414515,0.04719490295171102,0.3195831771275536
JobRole_Research.Director,45,0.07496410690967076,1.4751785618066122,0.08786918051693175
OverTime_Yes,40,-0.07483929430476989,2.3489014410703275,0.06195480370237651
OverTime_No,40,0.07483923354457686,2.3489014410703275,0.06195480370237651
TrainingTimesLastYear,75,0.07482896829864145,0.09051558866972378,0.2902970347206943
YearsWithCurrManager,90,0.07482580481244536,0.0224214024542444,0.34083549706942634
BusinessTravel_Travel_Rarely,77,0.07480749476399294,0.07514763190341218,0.29979010201004386
BusinessTravel_Travel_Rarely,83,0.0746656423003843,0.04300223784808405,0.32289698885976165
JobRole_Manufacturing.Director,47,0.07446112325454282,1.2247191581435093,0.09994174703233644
NumCompaniesWorked,79,-0.07443096519395767,0.06238888420972765,0.3083722059616063
YearsInCurrentRole,91,0.07442808117939644,0.020429546856183922,0.34273819803571226
JobLevel,66,0.07435665146010853,0.2091027497064397,0.23671598444697853
BusinessTravel_Travel_Rarely,76,0.07430947106056146,0.08247443324372147,0.29515809049346203
JobRole_Sales.Executive,98,0.07428415166275769,0.010651982662822088,0.3525440401067922
BusinessTravel_Travel_Rarely,84,0.07416331855630323,0.03918203755679407,0.32600871065873394
EducationField_Life.Sciences,83,0.07407795255455635,0.04300223784808405,0.32289698885976165
BusinessTravel_Travel_Rarely,75,0.07365676403291924,0.09051558866972378,0.2902970347206943
BusinessTravel_Travel_Rarely,85,0.07354159413940262,0.0357012133304691,0.3289250107963617
MaritalStatus_Divorced,52,0.07351368497936345,0.7691593247539134,0.13369889095342355
JobRole_Manager,49,0.07346674856898422,1.0167833611185435,0.11289062811556416
EducationField_Marketing,55,-0.07325504553088664,0.5818408222230168,0.15570613377828724
Department_Human.Resources,93,0.0731848097168202,0.01696096870897924,0.34612886181282204
EducationField_Medical,64,0.07307477393686518,0.2518650022992526,0.2227443296176399
EducationField_Human.Resources,46,-0.07296608802364739,1.3441277641381963,0.09379013403298568
RelationshipSatisfaction,66,0.07285873181311228,0.2091027497064397,0.23671598444697853
BusinessTravel_Travel_Rarely,74,0.0728498227426241,0.0993407468228991,0.2852070720866199
BusinessTravel_Travel_Rarely,86,0.07280841201150104,0.032529615934857266,0.33165302277616854
StockOptionLevel,54,0.07271407838924189,0.6385695841032256,0.14827344551453722
JobSatisfaction,60,0.07255361759573277,0.3654129936317017,0.19337878178375337
PerformanceRating,63,-0.07254266981604557,0.2764215290943355,0.21555239569290216
JobRole_Human.Resources,54,-0.07249289809361933,0.6385695841032256,0.14827344551453722
MaritalStatus_Married,53,0.07227784849064722,0.7008293302347044,0.1409300773546337
JobInvolvement,52,0.07224869036040604,0.7691593247539134,0.13369889095342355
JobLevel,65,0.07223964392567403,0.22949000966402106,0.2298041132874453
Department_Sales,61,-0.07219774781474268,0.33295071039787305,0.20085025136497922
EnvironmentSatisfaction,58,0.07210016265219224,0.44014124448594455,0.17830319446199555
Department_Research...Development,60,0.07207951010662375,0.3654129936317017,0.19337878178375337
YearsWithCurrManager,89,0.07198192620378434,0.024607461514156204,0.3387857836774415
BusinessTravel_Travel_Rarely,87,0.07197210660372758,0.029639774510582882,0.3342002285797351
BusinessTravel_Travel_Rarely,73,0.07188980553436644,0.10902634700129,0.2798897828206845
BusinessTravel_Non.Travel,47,0.0718490600614358,1.2247191581435093,0.09994174703233644
YearsSinceLastPromotion,87,-0.07179968301067392,0.029639774510582882,0.3342002285797351
YearsInCurrentRole,90,0.07169997684853183,0.0224214024542444,0.34083549706942634
EducationField_Other,51,0.07168233038973212,0.8441514093848925,0.1266017686126627
WorkLifeBalance,62,0.07161310015099748,0.30337228693673607,0.20824831262114743
TrainingTimesLastYear,74,0.07156212332614842,0.0993407468228991,0.2852070720866199
Gender_Female,78,0.07153132758509594,0.06847172340066532,0.30419410135566793
JobRole_Healthcare.Representative,50,0.07152148271468604,0.9264551296891429,0.11965932261972216
EducationField_Life.Sciences,82,0.07151801297789497,0.04719490295171102,0.3195831771275536
Gender_Male,78,-0.07151311619488583,0.06847172340066532,0.30419410135566793
JobRole_Sales.Executive,97,0.07143829210762405,0.011690537822500678,0.35146768034404935
MaritalStatus_Single,43,-0.07137386815442763,1.7768578002099231,0.07675218463479885
BusinessTravel_Travel_Rarely,88,0.0710412807799322,0.027006658633704324,0.33657437421617786
NumCompaniesWorked,78,-0.07088352389264767,0.06847172340066532,0.30419410135566793
BusinessTravel_Travel_Rarely,72,0.0707808786917983,0.11965628124013335,0.27434710687085806
JobRole_Sales.Representative,36,-0.07057484257885531,3.4078538085554153,0.0457115666254235
JobRole_Laboratory.Technician,48,-0.0702538881452762,1.1159184836014817,0.10631298928575754
JobLevel,64,0.07007534397921199,0.2518650022992526,0.2227443296176399
BusinessTravel_Travel_Rarely,89,0.07006959897387054,0.024607461514156204,0.3387857836774415
BusinessTravel_Travel_Frequently,46,-0.07004902374490905,1.3441277641381963,0.09379013403298568
EducationField_Technical.Degree,49,-0.07003472642515808,1.0167833611185435,0.11289062811556416
JobRole_Research.Director,44,0.06985712961636152,1.6190066504645788,0.08218771800792075
EducationField_Medical,63,0.06979766007757914,0.2764215290943355,0.21555239569290216
BusinessTravel_Travel_Rarely,71,0.069527315230542,0.13132262094453628,0.2685840919729863
JobRole_Manager,48,0.06945937281210782,1.1159184836014817,0.10631298928575754
YearsWithCurrManager,88,0.06919556729460387,0.027006658633704324,0.33657437421617786
JobRole_Manufacturing.Director,46,0.06916994041489327,1.3441277641381963,0.09379013403298568
JobRole_Research.Scientist,100,-0.0691067824119357,0.008843463142112108,0.35443528922548545
Department_Sales,60,-0.06907073981142398,0.3654129936317017,0.19337878178375337
YearsInCurrentRole,89,0.06902773612008477,0.024607461514156204,0.3387857836774415
EducationField_Life.Sciences,81,0.06898016754845795,0.051796347727067434,0.316064069827691
BusinessTravel_Travel_Rarely,90,0.0689324136070863,0.0224214024542444,0.34083549706942634
Department_Research...Development,59,0.06892267610254507,0.4010403094059146,0.18585556874564121
OverTime_Yes,39,-0.06882285500652849,2.577916431839545,0.05752656232753796
OverTime_No,39,0.06882280961325749,2.577916431839545,0.05752656232753796
JobRole_Sales.Executive,96,0.06877344768490981,0.012830350828144373,0.35029496581932634
EducationField_Marketing,54,-0.06876995915363356,0.6385695841032256,0.14827344551453722
MaritalStatus_Divorced,51,0.0687627190642825,0.8441514093848925,0.1266017686126627
PerformanceRating,62,-0.06852907572982198,0.30337228693673607,0.20824831262114743
TrainingTimesLastYear,73,0.06832965814198566,0.10902634700129,0.2798897828206845
JobRole_Human.Resources,53,-0.06831404283048494,0.7008293302347044,0.1409300773546337
StockOptionLevel,53,0.06827136360372009,0.7008293302347044,0.1409300773546337
RelationshipSatisfaction,65,0.06818231496684272,0.22949000966402106,0.2298041132874453
BusinessTravel_Travel_Rarely,70,0.0681349230514659,0.14412641436794113,0.26260639827158394
MaritalStatus_Married,52,0.06802143996628215,0.7691593247539134,0.13369889095342355
YearsSinceLastPromotion,86,-0.06800135525077976,0.032529615934857266,0.33165302277616854
Gender_Female,77,0.06791339194145453,0.07514763190341218,0.29979010201004386
Gender_Male,77,-0.06790086277099898,0.07514763190341218,0.29979010201004386
JobLevel,63,0.0678733303937879,0.2764215290943355,0.21555239569290216
BusinessTravel_Travel_Rarely,91,0.06776943234385843,0.020429546856183922,0.34273819803571226
JobSatisfaction,59,0.06756173108958217,0.4010403094059146,0.18585556874564121
NumCompaniesWorked,77,-0.06737927940064506,0.07514763190341218,0.29979010201004386
EducationField_Human.Resources,45,-0.06727454412606675,1.4751785618066122,0.08786918051693175
WorkLifeBalance,61,0.06707772795270947,0.33295071039787305,0.20085025136497922
JobInvolvement,51,0.06695176414390223,0.8441514093848925,0.1266017686126627
EnvironmentSatisfaction,57,0.0669349262178235,0.48305447246590155,0.17074495106833817
JobRole_Healthcare.Representative,49,0.06680024852223294,1.0167833611185435,0.11289062811556416
BusinessTravel_Travel_Rarely,69,0.0666108010823314,0.15817856184375606,0.25642120490941533
EducationField_Medical,62,0.06656538974849406,0.30337228693673607,0.20824831262114743
BusinessTravel_Travel_Rarely,92,0.0665479702794999,0.01861464221967107,0.344500061431348
YearsWithCurrManager,87,0.06649077353375397,0.029639774510582882,0.3342002285797351
EducationField_Life.Sciences,80,0.06641454211187411,0.05684642768750557,0.3123275256589967
YearsInCurrentRole,88,0.06641414721572195,0.027006658633704324,0.33657437421617786
JobRole_Sales.Executive,95,0.06629936251117399,0.01408129419473126,0.34901816324757234
BusinessTravel_Non.Travel,46,0.06617697449064054,1.3441277641381963,0.09379013403298568
EducationField_Other,50,0.06616418957128872,0.9264551296891429,0.11965932261972216
MaritalStatus_Single,42,-0.06603182656793802,1.950099242187098,0.0715670054939172
Department_Sales,59,-0.0659728133602586,0.4010403094059146,0.18585556874564121
Department_Research...Development,58,0.06578487541914425,0.44014124448594455,0.17830319446199555
JobLevel,62,0.06563377581498848,0.30337228693673607,0.20824831262114743
JobRole_Manager,47,0.06556228304248171,1.2247191581435093,0.09994174703233644
BusinessTravel_Travel_Rarely,93,0.06527539773847586,0.01696096870897924,0.34612886181282204
TrainingTimesLastYear,72,0.06514156058149032,0.11965628124013335,0.27434710687085806
JobRole_Laboratory.Technician,47,-0.06505804334176403,1.2247191581435093,0.09994174703233644
JobRole_Research.Director,43,0.06502364382862377,1.7768578002099231,0.07675218463479885
BusinessTravel_Travel_Rarely,68,0.06496327345483939,0.1736007763509893,0.250037252376955
JobRole_Sales.Representative,35,-0.06493371710192995,3.7401153478703777,0.042243735256353186
EducationField_Technical.Degree,48,-0.0648344516531072,1.1159184836014817,0.10631298928575754
BusinessTravel_Travel_Frequently,45,-0.06468506130861146,1.4751785618066122,0.08786918051693175
PerformanceRating,61,-0.06462319183142884,0.33295071039787305,0.20085025136497922
EducationField_Marketing,53,-0.06445498505010644,0.7008293302347044,0.1409300773546337
Gender_Female,76,0.06432212304032157,0.08247443324372147,0.29515809049346203
Gender_Male,76,-0.06431320147525336,0.08247443324372147,0.29515809049346203
JobRole_Human.Resources,52,-0.06428451964211833,0.7691593247539134,0.13369889095342355
MaritalStatus_Divorced,50,0.06422091996767403,0.9264551296891429,0.11965932261972216
YearsSinceLastPromotion,85,-0.06421144055532191,0.0357012133304691,0.3289250107963617
JobRole_Manufacturing.Director,45,0.06417682071477852,1.4751785618066122,0.08786918051693175
StockOptionLevel,52,0.06399223864581499,0.7691593247539134,0.13369889095342355
BusinessTravel_Travel_Rarely,94,0.06395981371337961,0.015454202995262095,0.3476323679042937
JobRole_Sales.Executive,94,0.06392742592902277,0.015454202995262095,0.3476323679042937
NumCompaniesWorked,76,-0.06392707366174798,0.08247443324372147,0.29515809049346203
MaritalStatus_Married,51,0.06389028847320183,0.8441514093848925,0.1266017686126627
YearsInCurrentRole,87,0.06386746711233436,0.029639774510582882,0.3342002285797351
YearsWithCurrManager,86,0.06386538591609799,0.032529615934857266,0.33165302277616854
EducationField_Life.Sciences,79,0.0638578238333063,0.06238888420972765,0.3083722059616063
RelationshipSatisfaction,64,0.06369880604711212,0.2518650022992526,0.2227443296176399
EducationField_Medical,61,0.06338231361343516,0.33295071039787305,0.20085025136497922
JobLevel,61,0.06336488647955707,0.33295071039787305,0.20085025136497922
OverTime_Yes,38,-0.06324190993433411,2.8292601014881646,0.053346563326138276
OverTime_No,38,0.06324187628168876,2.8292601014881646,0.053346563326138276
BusinessTravel_Travel_Rarely,67,0.06320179994984937,0.1905266377338469,0.24346486972832568
Department_Sales,58,-0.06290844300224356,0.44014124448594455,0.17830319446199555
JobSatisfaction,58,0.06282276594888254,0.44014124448594455,0.17830319446199555
WorkLifeBalance,60,0.06272773618379557,0.3654129936317017,0.19337878178375337
Department_Research...Development,57,0.06267374767781127,0.48305447246590155,0.17074495106833817
BusinessTravel_Travel_Rarely,95,0.06260908835174389,0.01408129419473126,0.34901816324757234
JobRole_Healthcare.Representative,48,0.06230376458527861,1.1159184836014817,0.10631298928575754
JobRole_Research.Scientist,99,-0.062277504759068396,0.009705689881151381,0.35353045399695915
EnvironmentSatisfaction,56,0.06206002411198074,0.5301516871972264,0.16320460471441373
TrainingTimesLastYear,71,0.06200441666849742,0.13132262094453628,0.2685840919729863
EducationField_Human.Resources,44,-0.0619753132176228,1.6190066504645788,0.08218771800792075
JobInvolvement,50,0.061968268892931125,0.9264551296891429,0.11965932261972216
JobRole_Manager,46,0.061781704171938075,1.3441277641381963,0.09379013403298568
JobRole_Sales.Executive,93,0.06168263566471084,0.01696096870897924,0.34612886181282204
YearsInCurrentRole,86,0.06139101365593607,0.032529615934857266,0.33165302277616854
BusinessTravel_Travel_Rarely,66,0.061336862901530474,0.2091027497064397,0.23671598444697853
YearsWithCurrManager,85,0.06132261202143327,0.0357012133304691,0.3289250107963617
EducationField_Life.Sciences,78,0.061315828405390224,0.06847172340066532,0.30419410135566793
BusinessTravel_Travel_Rarely,96,0.0611439980486691,0.012830350828144373,0.35029496581932634
JobLevel,60,0.06107320756557769,0.3654129936317017,0.19337878178375337
MaritalStatus_Single,41,-0.06101996408876127,2.140231510889284,0.06663444590104296
EducationField_Other,49,0.06100530711421639,1.0167833611185435,0.11289062811556416
BusinessTravel_Non.Travel,45,0.06090292330957594,1.4751785618066122,0.08786918051693175
PerformanceRating,60,-0.0608301830845578,0.3654129936317017,0.19337878178375337
Gender_Female,75,0.06076833419295577,0.09051558866972378,0.2902970347206943
Gender_Male,75,-0.0607616164280863,0.09051558866972378,0.2902970347206943
NumCompaniesWorked,75,-0.060535432009029874,0.09051558866972378,0.2902970347206943
JobRole_Research.Director,42,0.060455893959745204,1.950099242187098,0.0715670054939172
YearsSinceLastPromotion,84,-0.06044647876267986,0.03918203755679407,0.32600871065873394
JobRole_Human.Resources,51,-0.06040690636188219,0.8441514093848925,0.1266017686126627
EducationField_Marketing,52,-0.06031427052992846,0.7691593247539134,0.13369889095342355
EducationField_Medical,60,0.060254059401307326,0.3654129936317017,0.19337878178375337
JobRole_Laboratory.Technician,46,-0.060197709249088016,1.3441277641381963,0.09379013403298568
EducationField_Technical.Degree,47,-0.05995474361558739,1.2247191581435093,0.09994174703233644
Education,100,-0.059915749189249905,0.008843463142112108,0.35443528922548545
MaritalStatus_Married,50,0.05989599815348291,0.9264551296891429,0.11965932261972216
MaritalStatus_Divorced,49,0.059890363033019124,1.0167833611185435,0.11289062811556416
Department_Sales,57,-0.05988265370524352,0.48305447246590155,0.17074495106833817
StockOptionLevel,51,0.059882340938500214,0.8441514093848925,0.1266017686126627
Department_Human.Resources,92,0.05986499246786933,0.01861464221967107,0.344500061431348
BusinessTravel_Travel_Rarely,97,0.05972656451131495,0.011690537822500678,0.35146768034404935
JobRole_Sales.Representative,34,-0.05969564546279961,4.104771977089372,0.038998859368274345
BusinessTravel_Travel_Frequently,44,-0.05967255801561552,1.6190066504645788,0.08218771800792075
Department_Research...Development,56,0.059597213390099664,0.5301516871972264,0.16320460471441373
JobRole_Sales.Executive,92,0.059551711422379486,0.01861464221967107,0.344500061431348
JobRole_Manufacturing.Director,44,0.05947447875024222,1.6190066504645788,0.08218771800792075
RelationshipSatisfaction,63,0.05941288090420016,0.2764215290943355,0.21555239569290216
BusinessTravel_Travel_Rarely,65,0.05937983208357459,0.22949000966402106,0.2298041132874453
Education,99,-0.059273563350980045,0.009705689881151381,0.35353045399695915
YearsInCurrentRole,85,0.0589884342649092,0.0357012133304691,0.3289250107963617
TrainingTimesLastYear,70,0.0589253933354125,0.14412641436794113,0.26260639827158394
YearsWithCurrManager,84,0.05886474048952178,0.03918203755679407,0.32600871065873394
EducationField_Life.Sciences,77,0.058794187319322046,0.07514763190341218,0.29979010201004386
JobLevel,59,0.05876531739958967,0.4010403094059146,0.18585556874564121
WorkLifeBalance,59,0.05856703299046171,0.4010403094059146,0.18585556874564121
Education,98,-0.05856262849314127,0.010651982662822088,0.3525440401067922
JobSatisfaction,57,0.05833568602757029,0.48305447246590155,0.17074495106833817
BusinessTravel_Travel_Rarely,98,0.05830138880710477,0.010651982662822088,0.3525440401067922
JobRole_Manager,45,0.058123384219142774,1.4751785618066122,0.08786918051693175
OverTime_Yes,37,-0.05807259939402341,3.105109468642019,0.04941019154362132
OverTime_No,37,0.058072574617838775,3.105109468642019,0.04941019154362132
JobRole_Healthcare.Representative,47,0.05803096544702194,1.2247191581435093,0.09994174703233644
Education,97,-0.05779463088058431,0.011690537822500678,0.35146768034404935
JobRole_Sales.Executive,91,0.05752392835844223,0.020429546856183922,0.34273819803571226
EnvironmentSatisfaction,55,0.05747004626037626,0.5818408222230168,0.15570613377828724
BusinessTravel_Travel_Rarely,64,0.05734280818071975,0.2518650022992526,0.2227443296176399
JobInvolvement,49,0.05728985632924016,1.0167833611185435,0.11289062811556416
Gender_Female,74,0.05726283453283214,0.0993407468228991,0.2852070720866199
Gender_Male,74,-0.057257435646424916,0.0993407468228991,0.2852070720866199
NumCompaniesWorked,74,-0.057212501859371837,0.0993407468228991,0.2852070720866199
EducationField_Medical,59,0.05718626901266769,0.4010403094059146,0.18585556874564121
PerformanceRating,59,-0.057155544552552714,0.4010403094059146,0.18585556874564121
EducationField_Human.Resources,43,-0.057048727935946814,1.7768578002099231,0.07675218463479885
Education,96,-0.05696618222755399,0.012830350828144373,0.35029496581932634
Department_Sales,56,-0.056900964964701435,0.5301516871972264,0.16320460471441373
BusinessTravel_Travel_Rarely,99,0.05686964962048241,0.009705689881151381,0.35353045399695915
YearsSinceLastPromotion,83,-0.056722543352260985,0.04300223784808405,0.32289698885976165
JobRole_Human.Resources,50,-0.05668317289693129,0.9264551296891429,0.11965932261972216
YearsInCurrentRole,84,0.056662622582540706,0.03918203755679407,0.32600871065873394
Department_Research...Development,55,0.056563384663017066,0.5818408222230168,0.15570613377828724
YearsWithCurrManager,83,0.05649318724756256,0.04300223784808405,0.32289698885976165
JobLevel,58,0.05644783520115804,0.44014124448594455,0.17830319446199555
EducationField_Marketing,51,-0.05635099483694894,0.8441514093848925,0.1266017686126627
MaritalStatus_Single,40,-0.056328125154032245,2.3489014410703275,0.06195480370237651
EducationField_Life.Sciences,76,0.056298306293970174,0.08247443324372147,0.29515809049346203
EducationField_Other,48,0.056191835015019766,1.1159184836014817,0.10631298928575754
JobRole_Research.Director,41,0.05614609227326001,2.140231510889284,0.06663444590104296
Education,95,-0.056088198045910594,0.01408129419473126,0.34901816324757234
MaritalStatus_Married,49,0.05604835467212748,1.0167833611185435,0.11289062811556416
BusinessTravel_Non.Travel,44,0.05600607699608274,1.6190066504645788,0.08218771800792075
StockOptionLevel,50,0.05594612728064511,0.9264551296891429,0.11965932261972216
TrainingTimesLastYear,69,0.05591117166386918,0.15817856184375606,0.25642120490941533
JobRole_Research.Scientist,98,-0.055813351349698066,0.010651982662822088,0.3525440401067922
MaritalStatus_Divorced,48,0.05577178014384126,1.1159184836014817,0.10631298928575754
JobRole_Laboratory.Technician,45,-0.055656592023983105,1.4751785618066122,0.08786918051693175
JobRole_Sales.Executive,90,0.05559981285356972,0.0224214024542444,0.34083549706942634
EducationField_Technical.Degree,46,-0.055384651770044126,1.3441277641381963,0.09379013403298568
BusinessTravel_Travel_Rarely,100,0.055342320319207806,0.008843463142112108,0.35443528922548545
RelationshipSatisfaction,62,0.055328169090929524,0.30337228693673607,0.20824831262114743
BusinessTravel_Travel_Rarely,63,0.055237569892514216,0.2764215290943355,0.21555239569290216
Education,94,-0.0551249620748304,0.015454202995262095,0.3476323679042937
JobRole_Manufacturing.Director,43,0.05505477382345045,1.7768578002099231,0.07675218463479885
BusinessTravel_Travel_Frequently,43,-0.05499704757868609,1.7768578002099231,0.07675218463479885
JobRole_Sales.Representative,33,-0.05483950141393371,4.5049821774860765,0.03596839641967879
WorkLifeBalance,58,0.05459823515821548,0.44014124448594455,0.17830319446199555
JobRole_Manager,44,0.05459242398148005,1.6190066504645788,0.08218771800792075
YearsInCurrentRole,83,0.05441570945904956,0.04300223784808405,0.32289698885976165
YearsWithCurrManager,82,0.05420856684611322,0.04719490295171102,0.3195831771275536
EducationField_Medical,58,0.05418453350201846,0.44014124448594455,0.17830319446199555
JobLevel,57,0.05412742497488746,0.48305447246590155,0.17074495106833817
JobSatisfaction,56,0.054097808221343836,0.5301516871972264,0.16320460471441373
Education,93,-0.054090793214599114,0.01696096870897924,0.34612886181282204
JobRole_Healthcare.Representative,46,0.05397978070480351,1.3441277641381963,0.09379013403298568
Department_Sales,55,-0.05396930871141987,0.5818408222230168,0.15570613377828724
NumCompaniesWorked,73,-0.053966365596220735,0.10902634700129,0.2798897828206845
JobRole_Sales.Executive,89,0.05384482745952114,0.024607461514156204,0.3387857836774415
EducationField_Life.Sciences,75,0.05383333504589876,0.09051558866972378,0.2902970347206943
Gender_Female,73,0.05381979376021468,0.10902634700129,0.2798897828206845
Gender_Male,73,-0.05381571237763529,0.10902634700129,0.2798897828206845
PerformanceRating,58,-0.05360482459313269,0.44014124448594455,0.17830319446199555
Department_Research...Development,54,0.05358045264789402,0.6385695841032256,0.14827344551453722
OverTime_Yes,36,-0.05329112555180097,3.4078538085554153,0.0457115666254235
OverTime_No,36,0.05329110742431439,3.4078538085554153,0.0457115666254235
EnvironmentSatisfaction,54,0.05315813884670521,0.6385695841032256,0.14827344551453722
JobRole_Human.Resources,49,-0.053114649806789656,1.0167833611185435,0.11289062811556416
BusinessTravel_Travel_Rarely,62,0.05307915634183338,0.30337228693673607,0.20824831262114743
YearsSinceLastPromotion,82,-0.0530550203744701,0.04719490295171102,0.3195831771275536
Education,92,-0.05298315172363267,0.01861464221967107,0.344500061431348
TrainingTimesLastYear,68,0.05296790635464654,0.1736007763509893,0.250037252376955
JobInvolvement,48,0.052907007709345415,1.1159184836014817,0.10631298928575754
EducationField_Marketing,50,-0.052567335397197976,0.9264551296891429,0.11965932261972216
EducationField_Human.Resources,42,-0.05247492227193173,1.950099242187098,0.0715670054939172
MaritalStatus_Married,48,0.05235527551865552,1.1159184836014817,0.10631298928575754
YearsInCurrentRole,82,0.052249095816749254,0.04719490295171102,0.3195831771275536
StockOptionLevel,49,0.052186821624694985,1.0167833611185435,0.11289062811556416
JobRole_Research.Director,40,0.05208626329638018,2.3489014410703275,0.06195480370237651
YearsWithCurrManager,81,0.052013266259038786,0.051796347727067434,0.316064069827691
MaritalStatus_Single,39,-0.05194488238677936,2.577916431839545,0.05752656232753796
JobRole_Sales.Executive,88,0.05193537547906985,0.027006658633704324,0.33657437421617786
MaritalStatus_Divorced,47,0.05186460124469646,1.2247191581435093,0.09994174703233644
JobLevel,56,0.05181079034566483,0.5301516871972264,0.16320460471441373
Education,91,-0.05180007477947878,0.020429546856183922,0.34273819803571226
EducationField_Other,47,0.05170909631726294,1.2247191581435093,0.09994174703233644
BusinessTravel_Non.Travel,43,0.05146574072419149,1.7768578002099231,0.07675218463479885
RelationshipSatisfaction,61,0.05144626599836856,0.33295071039787305,0.20085025136497922
JobRole_Laboratory.Technician,44,-0.051418546548634377,1.6190066504645788,0.08218771800792075
EducationField_Life.Sciences,74,0.05140414091719698,0.0993407468228991,0.2852070720866199
EducationField_Medical,57,0.051254321614576305,0.48305447246590155,0.17074495106833817
JobRole_Manager,43,0.05119343603642701,1.7768578002099231,0.07675218463479885
EducationField_Technical.Degree,45,-0.051112459160811655,1.4751785618066122,0.08786918051693175
Department_Sales,54,-0.051093919937991464,0.6385695841032256,0.14827344551453722
JobRole_Manufacturing.Director,42,0.05090870672824749,1.950099242187098,0.0715670054939172
BusinessTravel_Travel_Rarely,61,0.05087970128146592,0.33295071039787305,0.20085025136497922
WorkLifeBalance,57,0.05082267357245003,0.48305447246590155,0.17074495106833817
NumCompaniesWorked,72,-0.05080364218555634,0.11965628124013335,0.27434710687085806
Department_Research...Development,53,0.050656554187105185,0.7008293302347044,0.1409300773546337
BusinessTravel_Travel_Frequently,42,-0.050643440978131,1.950099242187098,0.0715670054939172
Education,90,-0.05054041842480382,0.0224214024542444,0.34083549706942634
Gender_Female,72,0.05044096320624476,0.11965628124013335,0.27434710687085806
Gender_Male,72,-0.05043880394681506,0.11965628124013335,0.27434710687085806
JobRole_Sales.Representative,32,-0.05034398671466865,4.944212378359189,0.03314326871487094
JobRole_Sales.Executive,87,0.05021117478561793,0.029639774510582882,0.3342002285797351
PerformanceRating,57,-0.05018335751870072,0.48305447246590155,0.17074495106833817
YearsInCurrentRole,81,0.05016359339018551,0.051796347727067434,0.316064069827691
JobRole_Healthcare.Representative,45,0.05014717053233001,1.4751785618066122,0.08786918051693175
JobSatisfaction,55,0.05010496314301383,0.5818408222230168,0.15570613377828724
TrainingTimesLastYear,67,0.050101193577797944,0.1905266377338469,0.24346486972832568
YearsWithCurrManager,80,0.04990109204033495,0.05684642768750557,0.3123275256589967
JobRole_Human.Resources,48,-0.04970201463710317,1.1159184836014817,0.10631298928575754
JobRole_Research.Scientist,97,-0.049577983084022496,0.011690537822500678,0.35146768034404935
JobLevel,55,0.049504656632017384,0.5818408222230168,0.15570613377828724
YearsSinceLastPromotion,81,-0.04945870050727413,0.051796347727067434,0.316064069827691
Education,89,-0.04921714195487822,0.024607461514156204,0.3387857836774415
EnvironmentSatisfaction,53,0.04911620052961677,0.7008293302347044,0.1409300773546337
EducationField_Life.Sciences,73,0.04902200729023714,0.10902634700129,0.2798897828206845
EducationField_Marketing,49,-0.04896444587960777,1.0167833611185435,0.11289062811556416
OverTime_Yes,35,-0.04887399293850173,3.7401153478703777,0.042243735256353186
OverTime_No,35,0.04887397974988227,3.7401153478703777,0.042243735256353186
Department_Human.Resources,69,-0.04885692699646466,0.15817856184375606,0.25642120490941533
MaritalStatus_Married,47,0.04882280932301702,1.2247191581435093,0.09994174703233644
JobInvolvement,47,0.04880923007278943,1.2247191581435093,0.09994174703233644
Department_Human.Resources,68,-0.04876333720460027,0.1736007763509893,0.250037252376955
Department_Human.Resources,70,-0.048719383320588755,0.14412641436794113,0.26260639827158394
BusinessTravel_Travel_Rarely,60,0.04865244883960761,0.3654129936317017,0.19337878178375337
StockOptionLevel,48,0.048606393259208604,1.1159184836014817,0.10631298928575754
JobRole_Sales.Executive,86,0.0485453558206964,0.032529615934857266,0.33165302277616854
Department_Human.Resources,67,-0.04845392228482636,0.1905266377338469,0.24346486972832568
EducationField_Medical,56,0.04840090330142073,0.5301516871972264,0.16320460471441373
Department_Human.Resources,71,-0.048335581027179025,0.13132262094453628,0.2685840919729863
Department_Sales,53,-0.0482812022053358,0.7008293302347044,0.1409300773546337
JobRole_Research.Director,39,0.04826819813076008,2.577916431839545,0.05752656232753796
EducationField_Human.Resources,41,-0.04823422650775775,2.140231510889284,0.06663444590104296
MaritalStatus_Divorced,46,0.04816701849354728,1.3441277641381963,0.09379013403298568
YearsInCurrentRole,80,0.04815834320018561,0.05684642768750557,0.3123275256589967
Department_Human.Resources,66,-0.04794429277780655,0.2091027497064397,0.23671598444697853
JobRole_Manager,42,0.04793002737869112,1.950099242187098,0.0715670054939172
YearsWithCurrManager,79,0.04787336227432857,0.06238888420972765,0.3083722059616063
MaritalStatus_Single,38,-0.04785781423099523,2.8292601014881646,0.053346563326138276
Department_Research...Development,52,0.04779962323480558,0.7691593247539134,0.13369889095342355
Education,88,-0.047789222846726064,0.027006658633704324,0.33657437421617786
RelationshipSatisfaction,60,0.047767365702579154,0.3654129936317017,0.19337878178375337
NumCompaniesWorked,71,-0.047731104525476666,0.13132262094453628,0.2685840919729863
Department_Human.Resources,72,-0.047690408319341814,0.11965628124013335,0.27434710687085806
Department_Human.Resources,91,0.04766313742026813,0.020429546856183922,0.34273819803571226
EducationField_Other,46,0.04754181289421597,1.3441277641381963,0.09379013403298568
JobRole_Laboratory.Technician,43,-0.04746778157238828,1.7768578002099231,0.07675218463479885
TrainingTimesLastYear,66,0.04731604663467232,0.2091027497064397,0.23671598444697853
BusinessTravel_Non.Travel,42,0.047261478348371924,1.950099242187098,0.0715670054939172
Department_Human.Resources,65,-0.04725042721101116,0.22949000966402106,0.2298041132874453
WorkLifeBalance,56,0.04724041945145989,0.5301516871972264,0.16320460471441373
JobLevel,54,0.04721573835761753,0.6385695841032256,0.14827344551453722
Gender_Female,71,0.04714254785692707,0.13132262094453628,0.2685840919729863
Gender_Male,71,-0.047141428787620926,0.13132262094453628,0.2685840919729863
EducationField_Technical.Degree,44,-0.047125829148523486,1.6190066504645788,0.08218771800792075
JobRole_Manufacturing.Director,41,0.04702660307693976,2.140231510889284,0.06663444590104296
JobRole_Sales.Executive,85,0.0469336927258551,0.0357012133304691,0.3289250107963617
PerformanceRating,56,-0.04689601863230437,0.5301516871972264,0.16320460471441373
Department_Human.Resources,73,-0.04676854770557352,0.10902634700129,0.2798897828206845
EducationField_Life.Sciences,72,0.04667540136522084,0.11965628124013335,0.27434710687085806
BusinessTravel_Travel_Frequently,41,-0.04659620480758798,2.140231510889284,0.06663444590104296
JobRole_Healthcare.Representative,44,0.046529163891846255,1.6190066504645788,0.08218771800792075
JobRole_Human.Resources,47,-0.0464452914446851,1.2247191581435093,0.09994174703233644
BusinessTravel_Travel_Rarely,59,0.0464104792887843,0.4010403094059146,0.18585556874564121
Department_Human.Resources,64,-0.046388672784135686,0.2518650022992526,0.2227443296176399
JobSatisfaction,54,0.046351669328671616,0.6385695841032256,0.14827344551453722
Education,87,-0.04629967744451028,0.029639774510582882,0.3342002285797351
YearsInCurrentRole,79,0.04623281278802758,0.06238888420972765,0.3083722059616063
JobRole_Sales.Representative,31,-0.046187896923860515,5.426266981584696,0.030514019550383013
YearsSinceLastPromotion,80,-0.04594623176562135,0.05684642768750557,0.3123275256589967
YearsWithCurrManager,78,0.045928008575625505,0.06847172340066532,0.30419410135566793
EducationField_Medical,55,0.045629270122914026,0.5818408222230168,0.15570613377828724
Department_Human.Resources,74,-0.045552964955196125,0.0993407468228991,0.2852070720866199
EducationField_Marketing,48,-0.0455424498136096,1.1159184836014817,0.10631298928575754
Department_Sales,52,-0.04553757347090898,0.7691593247539134,0.13369889095342355
MaritalStatus_Married,46,0.04545518020000897,1.3441277641381963,0.09379013403298568
JobRole_Sales.Executive,84,0.04537320453071335,0.03918203755679407,0.32600871065873394
Department_Human.Resources,63,-0.04537030135517324,0.2764215290943355,0.21555239569290216
EnvironmentSatisfaction,52,0.04533508399174749,0.7691593247539134,0.13369889095342355
StockOptionLevel,47,0.045205565523342206,1.2247191581435093,0.09994174703233644
YearsAtCompany,100,-0.045060892339665426,0.008843463142112108,0.35443528922548545
Department_Research...Development,51,0.04501723494369806,0.8441514093848925,0.1266017686126627
JobInvolvement,46,0.044985248121681844,1.3441277641381963,0.09379013403298568
JobLevel,53,0.04495069235150396,0.7008293302347044,0.1409300773546337
JobRole_Manager,41,0.04480506531884165,2.140231510889284,0.06663444590104296
OverTime_Yes,34,-0.044798207884961125,4.104771977089372,0.038998859368274345
OverTime_No,34,0.044798198338053985,4.104771977089372,0.038998859368274345
NumCompaniesWorked,70,-0.0447548023151332,0.14412641436794113,0.26260639827158394
Education,86,-0.044736848368587274,0.032529615934857266,0.33165302277616854
JobRole_Research.Director,38,0.04468343405658316,2.8292601014881646,0.053346563326138276
MaritalStatus_Divorced,45,0.044676070605580806,1.4751785618066122,0.08786918051693175
TrainingTimesLastYear,65,0.04461687878523961,0.22949000966402106,0.2298041132874453
YearsInCurrentRole,78,0.04438550227256741,0.06847172340066532,0.30419410135566793
EducationField_Life.Sciences,71,0.04437810590638121,0.13132262094453628,0.2685840919729863
EducationField_Human.Resources,40,-0.0443072618873534,2.3489014410703275,0.06195480370237651
RelationshipSatisfaction,59,0.04429024688577304,0.4010403094059146,0.18585556874564121
Department_Human.Resources,62,-0.04422451168972769,0.30337228693673607,0.20824831262114743
BusinessTravel_Travel_Rarely,58,0.04416653087256541,0.44014124448594455,0.17830319446199555
YearsWithCurrManager,77,0.04406248545551452,0.07514763190341218,0.29979010201004386
MaritalStatus_Single,37,-0.04405376435287579,3.105109468642019,0.04941019154362132
Department_Human.Resources,75,-0.044017483314384584,0.09051558866972378,0.2902970347206943
Gender_Female,70,0.04393424082977686,0.14412641436794113,0.26260639827158394
Gender_Male,70,-0.043933610911739224,0.14412641436794113,0.26260639827158394
JobRole_Sales.Executive,83,0.04386187192577434,0.04300223784808405,0.32289698885976165
WorkLifeBalance,55,0.043850332065096316,0.5818408222230168,0.15570613377828724
JobRole_Laboratory.Technician,42,-0.04378876984336195,1.950099242187098,0.0715670054939172
PerformanceRating,55,-0.043747012452220166,0.5818408222230168,0.15570613377828724
EducationField_Other,45,0.043674315088445236,1.4751785618066122,0.08786918051693175
JobRole_Research.Scientist,96,-0.043590551458879884,0.012830350828144373,0.35029496581932634
EducationField_Technical.Degree,43,-0.0434119755423472,1.7768578002099231,0.07675218463479885
JobRole_Manufacturing.Director,40,0.04339820696897226,2.3489014410703275,0.06195480370237651
BusinessTravel_Non.Travel,41,0.04337324131872564,2.140231510889284,0.06663444590104296
JobRole_Human.Resources,46,-0.043343860236627896,1.3441277641381963,0.09379013403298568
JobRole_Healthcare.Representative,43,0.04312098877680414,1.7768578002099231,0.07675218463479885
Education,85,-0.043104071698316024,0.0357012133304691,0.3289250107963617
Department_Human.Resources,61,-0.042961328395067,0.33295071039787305,0.20085025136497922
EducationField_Medical,54,0.04294405499840508,0.6385695841032256,0.14827344551453722
Department_Sales,51,-0.04286930037322427,0.8441514093848925,0.1266017686126627
BusinessTravel_Travel_Frequently,40,-0.042839563174091655,2.3489014410703275,0.06195480370237651
JobSatisfaction,53,0.04283131454799004,0.7008293302347044,0.1409300773546337
JobLevel,52,0.042716058289973796,0.7691593247539134,0.13369889095342355
YearsInCurrentRole,77,0.04261431050672237,0.07514763190341218,0.29979010201004386
YearsSinceLastPromotion,79,-0.04253055292484815,0.06238888420972765,0.3083722059616063
JobRole_Sales.Executive,82,0.04239751869519993,0.04719490295171102,0.3195831771275536
JobRole_Sales.Representative,30,-0.0423503416810953,5.955321313524936,0.02807095472488541
Department_Research...Development,50,0.042316451556351886,0.9264551296891429,0.11965932261972216
EducationField_Marketing,47,-0.04230045260650953,1.2247191581435093,0.09994174703233644
YearsWithCurrManager,76,0.04227383953109062,0.08247443324372147,0.29515809049346203
MaritalStatus_Married,45,0.04225487143748476,1.4751785618066122,0.08786918051693175
Department_Human.Resources,76,-0.042148686092000585,0.08247443324372147,0.29515809049346203
EducationField_Life.Sciences,70,0.042133728643694586,0.14412641436794113,0.26260639827158394
YearsAtCompany,99,-0.04212423704392719,0.009705689881151381,0.35353045399695915
TrainingTimesLastYear,64,0.04200749153559603,0.2518650022992526,0.2227443296176399
StockOptionLevel,46,0.04198385353296418,1.3441277641381963,0.09379013403298568
BusinessTravel_Travel_Rarely,57,0.041932832248579154,0.48305447246590155,0.17074495106833817
NumCompaniesWorked,69,-0.04188014621882091,0.15817856184375606,0.25642120490941533
JobRole_Manager,40,0.041820539784342414,2.3489014410703275,0.06195480370237651
EnvironmentSatisfaction,51,0.04180479674262247,0.8441514093848925,0.1266017686126627
Department_Human.Resources,60,-0.04159771997836767,0.3654129936317017,0.19337878178375337
JobInvolvement,45,0.04142318871799763,1.4751785618066122,0.08786918051693175
Education,84,-0.041405715946503246,0.03918203755679407,0.32600871065873394
MaritalStatus_Divorced,44,0.0413877298148108,1.6190066504645788,0.08218771800792075
JobRole_Research.Director,37,0.04132325659934945,3.105109468642019,0.04941019154362132
JobRole_Sales.Executive,81,0.04105474582004687,0.051796347727067434,0.316064069827691
OverTime_Yes,33,-0.04104143956003382,4.5049821774860765,0.03596839641967879
OverTime_No,33,0.04104143268071457,4.5049821774860765,0.03596839641967879
RelationshipSatisfaction,58,0.041012375481617395,0.44014124448594455,0.17830319446199555
YearsInCurrentRole,76,0.040916598977403254,0.08247443324372147,0.29515809049346203
Gender_Female,69,0.04082523328844859,0.15817856184375606,0.25642120490941533
Gender_Male,69,-0.040824775884724204,0.15817856184375606,0.25642120490941533
PerformanceRating,54,-0.040739702154471355,0.6385695841032256,0.14827344551453722
EducationField_Human.Resources,39,-0.04067507021753176,2.577916431839545,0.05752656232753796
WorkLifeBalance,54,0.04065012734971234,0.6385695841032256,0.14827344551453722
YearsWithCurrManager,75,0.04055877778681494,0.09051558866972378,0.2902970347206943
MaritalStatus_Single,36,-0.04051907879307909,3.4078538085554153,0.0457115666254235
JobLevel,51,0.040518189804417994,0.8441514093848925,0.1266017686126627
JobRole_Human.Resources,45,-0.04039647426908472,1.4751785618066122,0.08786918051693175
JobRole_Laboratory.Technician,41,-0.04036643720288207,2.140231510889284,0.06663444590104296
EducationField_Medical,53,0.040349454272386315,0.7008293302347044,0.1409300773546337
Department_Sales,50,-0.04028233076587913,0.9264551296891429,0.11965932261972216
Department_Human.Resources,59,-0.040150465448309844,0.4010403094059146,0.18585556874564121
EducationField_Other,44,0.040090733451091536,1.6190066504645788,0.08218771800792075
JobRole_Manufacturing.Director,39,0.040012802753844515,2.577916431839545,0.05752656232753796
EducationField_Technical.Degree,42,-0.039957781989973934,1.950099242187098,0.0715670054939172
EducationField_Life.Sciences,69,0.039945548247480964,0.15817856184375606,0.25642120490941533
Department_Human.Resources,77,-0.03992578741683046,0.07514763190341218,0.29979010201004386
JobRole_Healthcare.Representative,42,0.03991704569686413,1.950099242187098,0.0715670054939172
BusinessTravel_Non.Travel,40,0.03978147406867875,2.3489014410703275,0.06195480370237651
BusinessTravel_Travel_Rarely,56,0.03972094941330696,0.5301516871972264,0.16320460471441373
Department_Research...Development,49,0.03970367934069345,1.0167833611185435,0.11289062811556416
JobRole_Sales.Executive,80,0.03966889725523497,0.05684642768750557,0.3123275256589967
Education,83,-0.03964715205348843,0.04300223784808405,0.32289698885976165
JobSatisfaction,52,0.03953633840041112,0.7691593247539134,0.13369889095342355
TrainingTimesLastYear,63,0.03949085579073598,0.2764215290943355,0.21555239569290216
BusinessTravel_Travel_Frequently,39,-0.03935767445883828,2.577916431839545,0.05752656232753796
YearsInCurrentRole,75,0.03928927006110491,0.09051558866972378,0.2902970347206943
EducationField_Marketing,46,-0.039236573449337675,1.3441277641381963,0.09379013403298568
YearsAtCompany,98,-0.03923493881914354,0.010651982662822088,0.3525440401067922
MaritalStatus_Married,44,0.03922273927412093,1.6190066504645788,0.08218771800792075
YearsSinceLastPromotion,78,-0.03922270976773404,0.06847172340066532,0.30419410135566793
NumCompaniesWorked,68,-0.03911186724739044,0.1736007763509893,0.250037252376955
JobRole_Manager,39,0.03897754590273033,2.577916431839545,0.05752656232753796
StockOptionLevel,45,0.03893962797994106,1.4751785618066122,0.08786918051693175
YearsWithCurrManager,74,0.03891374065911588,0.0993407468228991,0.2852070720866199
JobRole_Sales.Representative,29,-0.03881092308989158,6.535957789708103,0.02580426860937734
Department_Human.Resources,58,-0.03863594464301312,0.44014124448594455,0.17830319446199555
EnvironmentSatisfaction,50,0.03851469581895577,0.9264551296891429,0.11965932261972216
JobLevel,50,0.03836318005094435,0.9264551296891429,0.11965932261972216
JobRole_Sales.Executive,79,0.03832755694640249,0.06238888420972765,0.3083722059616063
MaritalStatus_Divorced,43,0.03829707823162381,1.7768578002099231,0.07675218463479885
JobRole_Research.Director,36,0.03817872056504924,3.4078538085554153,0.0457115666254235
JobInvolvement,44,0.038110758990517975,1.6190066504645788,0.08218771800792075
RelationshipSatisfaction,57,0.03793002646817239,0.48305447246590155,0.17074495106833817
PerformanceRating,53,-0.037876485104716286,0.7008293302347044,0.1409300773546337
EducationField_Medical,52,0.03784915541979008,0.7691593247539134,0.13369889095342355
Education,82,-0.03783475227542088,0.04719490295171102,0.3195831771275536
Gender_Female,68,0.037824094652696406,0.1736007763509893,0.250037252376955
Gender_Male,68,-0.03782365090750714,0.1736007763509893,0.250037252376955
EducationField_Life.Sciences,68,0.03781652092232989,0.1736007763509893,0.250037252376955
Department_Sales,49,-0.03778213470529177,1.0167833611185435,0.11289062811556416
JobRole_Research.Scientist,95,-0.03774000505171411,0.01408129419473126,0.34901816324757234
YearsInCurrentRole,74,0.037728845355716925,0.0993407468228991,0.2852070720866199
WorkLifeBalance,53,0.03763646554628237,0.7008293302347044,0.1409300773546337
JobRole_Human.Resources,44,-0.03760126241830336,1.6190066504645788,0.08218771800792075
OverTime_Yes,32,-0.037582145931248,4.944212378359189,0.03314326871487094
OverTime_No,32,0.037582140994481573,4.944212378359189,0.03314326871487094
BusinessTravel_Travel_Rarely,55,0.03754165048844203,0.5818408222230168,0.15570613377828724
YearsWithCurrManager,73,0.037336633355297064,0.10902634700129,0.2798897828206845
Department_Human.Resources,78,-0.03732609547815038,0.06847172340066532,0.30419410135566793
EducationField_Human.Resources,38,-0.03731921960992705,2.8292601014881646,0.053346563326138276
MaritalStatus_Single,35,-0.03723981839094545,3.7401153478703777,0.042243735256353186
JobRole_Laboratory.Technician,40,-0.037186167673747286,2.3489014410703275,0.06195480370237651
Department_Research...Development,48,0.03718454486101993,1.1159184836014817,0.10631298928575754
TrainingTimesLastYear,62,0.03707007104044884,0.30337228693673607,0.20824831262114743
Department_Human.Resources,57,-0.037069939051534974,0.48305447246590155,0.17074495106833817
JobRole_Sales.Executive,78,0.03702986062350374,0.06847172340066532,0.30419410135566793
JobRole_Healthcare.Representative,41,0.036911081916615136,2.140231510889284,0.06663444590104296
JobRole_Manufacturing.Director,38,0.036859337560732175,2.8292601014881646,0.053346563326138276
EducationField_Other,43,0.036775164622993156,1.7768578002099231,0.07675218463479885
EducationField_Technical.Degree,41,-0.03674997031941489,2.140231510889284,0.06663444590104296
Department_Human.Resources,90,0.036512797867307066,0.0224214024542444,0.34083549706942634
BusinessTravel_Non.Travel,39,0.036467206819158965,2.577916431839545,0.05752656232753796
JobSatisfaction,51,0.03645841119580857,0.8441514093848925,0.1266017686126627
NumCompaniesWorked,67,-0.03645398222086427,0.1905266377338469,0.24346486972832568
YearsAtCompany,97,-0.036394136412041624,0.011690537822500678,0.35146768034404935
MaritalStatus_Married,43,0.036358164808126266,1.7768578002099231,0.07675218463479885
EducationField_Marketing,45,-0.03634799705514741,1.4751785618066122,0.08786918051693175
JobRole_Manager,38,0.03627628924726114,2.8292601014881646,0.053346563326138276
JobLevel,49,0.036256785930216334,1.0167833611185435,0.11289062811556416
YearsInCurrentRole,73,0.036230258783425444,0.10902634700129,0.2798897828206845
BusinessTravel_Travel_Frequently,38,-0.0361347883124868,2.8292601014881646,0.053346563326138276
StockOptionLevel,44,0.03607021216481882,1.6190066504645788,0.08218771800792075
YearsSinceLastPromotion,77,-0.0360323939133587,0.07514763190341218,0.29979010201004386
Education,81,-0.03598160813494973,0.051796347727067434,0.316064069827691
YearsWithCurrManager,72,0.03581966642121887,0.11965628124013335,0.27434710687085806
JobRole_Sales.Executive,77,0.03577442244834217,0.07514763190341218,0.29979010201004386
EducationField_Life.Sciences,67,0.03574928474005635,0.1905266377338469,0.24346486972832568
JobRole_Sales.Representative,28,-0.03554987632898638,7.1732056055193665,0.02370415453768145
Department_Human.Resources,56,-0.03546745318003953,0.5301516871972264,0.16320460471441373
EnvironmentSatisfaction,49,0.03545367192331537,1.0167833611185435,0.11289062811556416
EducationField_Medical,51,0.03544627379462207,0.8441514093848925,0.1266017686126627
BusinessTravel_Travel_Rarely,54,0.03540479123901516,0.6385695841032256,0.14827344551453722
MaritalStatus_Divorced,42,0.035398326614957565,1.950099242187098,0.0715670054939172
Department_Sales,48,-0.0353735632873766,1.1159184836014817,0.10631298928575754
JobRole_Research.Director,35,0.035240686200151215,3.7401153478703777,0.042243735256353186
PerformanceRating,52,-0.03515871613614786,0.7691593247539134,0.13369889095342355
RelationshipSatisfaction,56,0.035038420030135735,0.5301516871972264,0.16320460471441373
JobInvolvement,43,0.03503539249443801,1.7768578002099231,0.07675218463479885
JobRole_Human.Resources,43,-0.03495585298523434,1.7768578002099231,0.07675218463479885
Gender_Female,67,0.034938652184443975,0.1905266377338469,0.24346486972832568
Gender_Male,67,-0.03493816249424906,0.1905266377338469,0.24346486972832568
WorkLifeBalance,52,0.034805054868661776,0.7691593247539134,0.13369889095342355
YearsInCurrentRole,72,0.03479203218492051,0.11965628124013335,0.27434710687085806
Department_Research...Development,47,0.03476379710810955,1.2247191581435093,0.09994174703233644
TrainingTimesLastYear,61,0.034746763496457465,0.33295071039787305,0.20085025136497922
JobRole_Sales.Executive,76,0.03455927565450199,0.08247443324372147,0.29515809049346203
OverTime_Yes,31,-0.03439966833113374,5.426266981584696,0.030514019550383013
OverTime_No,31,0.034399664801509744,5.426266981584696,0.030514019550383013
YearsWithCurrManager,71,0.03436119549250116,0.13132262094453628,0.2685840919729863
Department_Human.Resources,79,-0.034324653346803236,0.06238888420972765,0.3083722059616063
JobRole_Laboratory.Technician,39,-0.034233834114249205,2.577916431839545,0.05752656232753796
EducationField_Human.Resources,37,-0.034221888825973226,3.105109468642019,0.04941019154362132
JobLevel,48,0.034204355034400516,1.1159184836014817,0.10631298928575754
MaritalStatus_Single,34,-0.034201945325541626,4.104771977089372,0.038998859368274345
DistanceFromHome,100,-0.034114156761735605,0.008843463142112108,0.35443528922548545
JobRole_Healthcare.Representative,40,0.03409626390362723,2.3489014410703275,0.06195480370237651
Education,80,-0.034082446672115144,0.05684642768750557,0.3123275256589967
JobRole_Manufacturing.Director,37,0.03392654095137205,3.105109468642019,0.04941019154362132
NumCompaniesWorked,66,-0.03390976645487071,0.2091027497064397,0.23671598444697853
Department_Human.Resources,55,-0.03384256391256567,0.5818408222230168,0.15570613377828724
EducationField_Technical.Degree,40,-0.03377522579371309,2.3489014410703275,0.06195480370237651
EducationField_Life.Sciences,66,0.0337461611365411,0.2091027497064397,0.23671598444697853
JobRole_Manager,37,0.0337161121050101,3.105109468642019,0.04941019154362132
EducationField_Other,42,0.03371183102383493,1.950099242187098,0.0715670054939172
DistanceFromHome,99,-0.03366010338001841,0.009705689881151381,0.35353045399695915
MaritalStatus_Married,42,0.03365919167024427,1.950099242187098,0.0715670054939172
EducationField_Marketing,44,-0.03363104526789666,1.6190066504645788,0.08218771800792075
YearsAtCompany,96,-0.03361161751620957,0.012830350828144373,0.35029496581932634
JobSatisfaction,50,0.03358860504343537,0.9264551296891429,0.11965932261972216
BusinessTravel_Non.Travel,38,0.03341213297845417,2.8292601014881646,0.053346563326138276
YearsInCurrentRole,71,0.03340926778210616,0.13132262094453628,0.2685840919729863
JobRole_Sales.Executive,75,0.03338190864305693,0.09051558866972378,0.2902970347206943
StockOptionLevel,43,0.033371936895702774,1.7768578002099231,0.07675218463479885
BusinessTravel_Travel_Rarely,53,0.03331922364232127,0.7008293302347044,0.1409300773546337
DistanceFromHome,98,-0.03318428108020218,0.010651982662822088,0.3525440401067922
BusinessTravel_Travel_Frequently,37,-0.03315538183705645,3.105109468642019,0.04941019154362132
EducationField_Medical,50,0.033143301571543556,0.9264551296891429,0.11965932261972216
Department_Sales,47,-0.03306073292500727,1.2247191581435093,0.09994174703233644
YearsSinceLastPromotion,76,-0.03296791208586359,0.08247443324372147,0.29515809049346203
YearsWithCurrManager,70,0.0329573560752088,0.14412641436794113,0.26260639827158394
DistanceFromHome,97,-0.03268598711437435,0.011690537822500678,0.35146768034404935
MaritalStatus_Divorced,41,0.032685020219296645,2.140231510889284,0.06663444590104296
EnvironmentSatisfaction,48,0.032610319536784615,1.1159184836014817,0.10631298928575754
PerformanceRating,51,-0.03258667724402755,0.8441514093848925,0.1266017686126627
JobRole_Sales.Representative,27,-0.03254817682859383,7.872584296685375,0.02176089974062768
TrainingTimesLastYear,60,0.032522303413774815,0.3654129936317017,0.19337878178375337
JobRole_Research.Director,34,0.03249986656209777,4.104771977089372,0.038998859368274345
JobRole_Human.Resources,42,-0.032457255341727186,1.950099242187098,0.0715670054939172
Department_Research...Development,46,0.03244523973514248,1.3441277641381963,0.09379013403298568
RelationshipSatisfaction,55,0.03233186702049686,0.5818408222230168,0.15570613377828724
JobRole_Research.Scientist,94,-0.032267564011076624,0.015454202995262095,0.3476323679042937
JobRole_Sales.Executive,74,0.032239367159411884,0.0993407468228991,0.2852070720866199
JobLevel,47,0.03221075897969313,1.2247191581435093,0.09994174703233644
Department_Human.Resources,54,-0.03220830243946469,0.6385695841032256,0.14827344551453722
JobInvolvement,42,0.0321844223057399,1.950099242187098,0.0715670054939172
Gender_Female,66,0.032175873815461574,0.2091027497064397,0.23671598444697853
Gender_Male,66,-0.0321753349527332,0.2091027497064397,0.23671598444697853
DistanceFromHome,96,-0.032165167732717305,0.012830350828144373,0.35029496581932634
Education,79,-0.03215299041329054,0.06238888420972765,0.3083722059616063
WorkLifeBalance,51,0.03215076736882137,0.8441514093848925,0.1266017686126627
YearsInCurrentRole,70,0.0320779723996819,0.14412641436794113,0.26260639827158394
EducationField_Life.Sciences,65,0.03180915403887294,0.22949000966402106,0.2298041132874453
DistanceFromHome,95,-0.031621744374365504,0.01408129419473126,0.34901816324757234
YearsWithCurrManager,69,0.03160435955958596,0.15817856184375606,0.25642120490941533
JobRole_Laboratory.Technician,38,-0.031495819092856266,2.8292601014881646,0.053346563326138276
NumCompaniesWorked,65,-0.03148173458449178,0.22949000966402106,0.2298041132874453
OverTime_Yes,30,-0.03147429844657322,5.955321313524936,0.02807095472488541
OverTime_No,30,0.031474295931450964,5.955321313524936,0.02807095472488541
JobRole_Healthcare.Representative,39,0.031465279222195594,2.577916431839545,0.05752656232753796
MaritalStatus_Single,33,-0.031391483704891705,4.5049821774860765,0.03596839641967879
EducationField_Human.Resources,36,-0.03136593258338554,3.4078538085554153,0.0457115666254235
JobRole_Manager,36,0.03129553825780118,3.4078538085554153,0.0457115666254235
BusinessTravel_Travel_Rarely,52,0.031292729192779346,0.7691593247539134,0.13369889095342355
JobRole_Manufacturing.Director,36,0.031203038630841277,3.4078538085554153,0.0457115666254235
JobRole_Sales.Executive,73,0.03113689372887036,0.10902634700129,0.2798897828206845
MaritalStatus_Married,41,0.031122711748644633,2.140231510889284,0.06663444590104296
EducationField_Marketing,43,-0.031081255326472823,1.7768578002099231,0.07675218463479885
DistanceFromHome,94,-0.03105595235550376,0.015454202995262095,0.3476323679042937
EducationField_Technical.Degree,39,-0.031020317928642016,2.577916431839545,0.05752656232753796
EducationField_Medical,49,0.030942071439326174,1.0167833611185435,0.11289062811556416
JobSatisfaction,49,0.03091755402052651,1.0167833611185435,0.11289062811556416
YearsAtCompany,95,-0.030895267898221133,0.01408129419473126,0.34901816324757234
Department_Human.Resources,80,-0.030893829939410686,0.05684642768750557,0.3123275256589967
EducationField_Other,41,0.030885205600016397,2.140231510889284,0.06663444590104296
Department_Sales,46,-0.030846940210674887,1.3441277641381963,0.09379013403298568
StockOptionLevel,42,0.03084033292040357,1.950099242187098,0.0715670054939172
YearsInCurrentRole,69,0.03079422540232215,0.15817856184375606,0.25642120490941533
BusinessTravel_Non.Travel,37,0.030598671155319456,3.105109468642019,0.04941019154362132
Department_Human.Resources,53,-0.030576570478178782,0.7008293302347044,0.1409300773546337
DistanceFromHome,93,-0.03046800991909694,0.01696096870897924,0.34612886181282204
BusinessTravel_Travel_Frequently,36,-0.030404274811752726,3.4078538085554153,0.0457115666254235
TrainingTimesLastYear,59,0.030397478983209925,0.4010403094059146,0.18585556874564121
YearsWithCurrManager,68,0.03029855287295714,0.1736007763509893,0.250037252376955
JobLevel,46,0.03028033615573442,1.3441277641381963,0.09379013403298568
Department_Research...Development,45,0.030231695202029937,1.4751785618066122,0.08786918051693175
Education,78,-0.030202387039618937,0.06847172340066532,0.30419410135566793
PerformanceRating,50,-0.030159589837211065,0.9264551296891429,0.11965932261972216
MaritalStatus_Divorced,40,0.030150143502596483,2.3489014410703275,0.06195480370237651
JobRole_Human.Resources,41,-0.030102015936058164,2.140231510889284,0.06663444590104296
JobRole_Sales.Executive,72,0.030047878173566432,0.11965628124013335,0.27434710687085806
YearsSinceLastPromotion,75,-0.03003617917942105,0.09051558866972378,0.2902970347206943
EnvironmentSatisfaction,47,0.02997309055849234,1.2247191581435093,0.09994174703233644
JobRole_Research.Director,33,0.029946882343237356,4.5049821774860765,0.03596839641967879
EducationField_Life.Sciences,64,0.029939947280079225,0.2518650022992526,0.2227443296176399
DistanceFromHome,92,-0.029858345622225568,0.01861464221967107,0.344500061431348
RelationshipSatisfaction,54,0.029803918689321637,0.6385695841032256,0.14827344551453722
JobRole_Sales.Representative,26,-0.029787618336052302,8.640151546852218,0.01996496541353593
WorkLifeBalance,50,0.02966776267659652,0.9264551296891429,0.11965932261972216
YearsInCurrentRole,68,0.029554257047617383,0.1736007763509893,0.250037252376955
JobInvolvement,41,0.029545195271587638,2.140231510889284,0.06663444590104296
Gender_Female,65,0.02954175819549757,0.22949000966402106,0.2298041132874453
Gender_Male,65,-0.029541193497731245,0.22949000966402106,0.2298041132874453
BusinessTravel_Travel_Rarely,51,0.029331977875932478,0.8441514093848925,0.1266017686126627
DistanceFromHome,91,-0.029227540660131463,0.020429546856183922,0.34273819803571226
NumCompaniesWorked,64,-0.029171631100395855,0.2518650022992526,0.2227443296176399
YearsWithCurrManager,67,0.029036473200079058,0.1905266377338469,0.24346486972832568
JobRole_Manager,35,0.029012333165569133,3.7401153478703777,0.042243735256353186
JobRole_Healthcare.Representative,38,0.029010439108773507,2.8292601014881646,0.053346563326138276
JobRole_Sales.Executive,71,0.028985874642759722,0.13132262094453628,0.2685840919729863
JobRole_Laboratory.Technician,37,-0.02895902847045132,3.105109468642019,0.04941019154362132
Department_Human.Resources,52,-0.02895808997634737,0.7691593247539134,0.13369889095342355
EducationField_Medical,48,0.02884373674267721,1.1159184836014817,0.10631298928575754
MaritalStatus_Single,32,-0.028794654982209796,4.944212378359189,0.03314326871487094
OverTime_Yes,29,-0.028787321508239337,6.535957789708103,0.02580426860937734
OverTime_No,29,0.028787319721446453,6.535957789708103,0.02580426860937734
MaritalStatus_Married,40,0.028744630285137813,2.3489014410703275,0.06195480370237651
EducationField_Human.Resources,35,-0.028734930039910206,3.7401153478703777,0.042243735256353186
Department_Sales,45,-0.02873460982013804,1.4751785618066122,0.08786918051693175
EducationField_Marketing,42,-0.028693489064270758,1.950099242187098,0.0715670054939172
JobRole_Manufacturing.Director,35,0.028677457806155018,3.7401153478703777,0.042243735256353186
DistanceFromHome,90,-0.02857635567593877,0.0224214024542444,0.34083549706942634
EducationField_Technical.Degree,38,-0.028472207093901778,2.8292601014881646,0.053346563326138276
StockOptionLevel,41,0.028470198057972095,2.140231510889284,0.06663444590104296
JobSatisfaction,48,0.028435601195619577,1.1159184836014817,0.10631298928575754
JobLevel,45,0.028416846153875422,1.4751785618066122,0.08786918051693175
TrainingTimesLastYear,58,0.02837251572322471,0.44014124448594455,0.17830319446199555
YearsInCurrentRole,67,0.028354514890130595,0.1905266377338469,0.24346486972832568
EducationField_Other,40,0.028280125258180057,2.3489014410703275,0.06195480370237651
YearsAtCompany,94,-0.02826123313990844,0.015454202995262095,0.3476323679042937
Education,77,-0.028240180647194073,0.07514763190341218,0.29979010201004386
EducationField_Life.Sciences,63,0.028139800650978514,0.2764215290943355,0.21555239569290216
Department_Research...Development,44,0.028125015985664442,1.6190066504645788,0.08218771800792075
BusinessTravel_Non.Travel,36,0.02801001226720608,3.4078538085554153,0.0457115666254235
JobRole_Sales.Executive,70,0.027946957970562576,0.14412641436794113,0.26260639827158394
DistanceFromHome,89,-0.027906341955723103,0.024607461514156204,0.3387857836774415
JobRole_Human.Resources,40,-0.027886232601204843,2.3489014410703275,0.06195480370237651
PerformanceRating,49,-0.0278756637643709,1.0167833611185435,0.11289062811556416
BusinessTravel_Travel_Frequently,35,-0.027866724551358347,3.7401153478703777,0.042243735256353186
YearsWithCurrManager,66,0.02781489544055703,0.2091027497064397,0.23671598444697853
MaritalStatus_Divorced,39,0.027786244943286274,2.577916431839545,0.05752656232753796
JobRole_Research.Director,32,0.027572320719378207,4.944212378359189,0.03314326871487094
EnvironmentSatisfaction,46,0.0275304299989291,1.3441277641381963,0.09379013403298568
RelationshipSatisfaction,53,0.02744751597308231,0.7008293302347044,0.1409300773546337
BusinessTravel_Travel_Rarely,50,0.02744251287111046,0.9264551296891429,0.11965932261972216
Department_Human.Resources,51,-0.027362383488016534,0.8441514093848925,0.1266017686126627
WorkLifeBalance,49,0.027349615172304803,1.0167833611185435,0.11289062811556416
JobRole_Sales.Representative,25,-0.027250866025712042,9.482555656343228,0.018307052781592482
YearsSinceLastPromotion,74,-0.027242729651508122,0.0993407468228991,0.2852070720866199
DistanceFromHome,88,-0.027216301790505812,0.027006658633704324,0.33657437421617786
YearsInCurrentRole,66,0.02719171685898921,0.2091027497064397,0.23671598444697853
Age,100,0.027172697914888973,0.008843463142112108,0.35443528922548545
TotalWorkingYears,100,0.027109342376145058,0.008843463142112108,0.35443528922548545
JobInvolvement,40,0.027105192923238743,2.3489014410703275,0.06195480370237651
JobRole_Research.Scientist,93,-0.02706551218084587,0.01696096870897924,0.34612886181282204
Gender_Female,64,0.02704123511180882,0.2518650022992526,0.2227443296176399
Gender_Male,64,-0.027040675569983155,0.2518650022992526,0.2227443296176399
Department_Human.Resources,81,-0.027002885307658975,0.051796347727067434,0.316064069827691
NumCompaniesWorked,63,-0.026980896380306412,0.2764215290943355,0.21555239569290216
JobRole_Sales.Executive,69,0.026927260010586464,0.15817856184375606,0.25642120490941533
Age,99,0.026885334297768595,0.009705689881151381,0.35353045399695915
JobRole_Manager,34,0.02686357610955059,4.104771977089372,0.038998859368274345
EducationField_Medical,47,0.026848768746001693,1.2247191581435093,0.09994174703233644
Department_Sales,44,-0.026725277210071712,1.6190066504645788,0.08218771800792075
JobRole_Healthcare.Representative,37,0.026723778927958294,3.105109468642019,0.04941019154362132
YearsWithCurrManager,65,0.026630870657798702,0.22949000966402106,0.2298041132874453
JobLevel,44,0.026623574524775585,1.6190066504645788,0.08218771800792075
JobRole_Laboratory.Technician,36,-0.02661089960032131,3.4078538085554153,0.0457115666254235
Age,98,0.026572932384995866,0.010651982662822088,0.3525440401067922
MaritalStatus_Married,39,0.026520034957993772,2.577916431839545,0.05752656232753796
DistanceFromHome,87,-0.02650972821633759,0.029639774510582882,0.3342002285797351
EducationField_Marketing,41,-0.026462028895155865,2.140231510889284,0.06663444590104296
TrainingTimesLastYear,57,0.026447101050818076,0.48305447246590155,0.17074495106833817
EducationField_Life.Sciences,62,0.026409859748364777,0.30337228693673607,0.20824831262114743
MaritalStatus_Single,31,-0.026397989601356593,5.426266981584696,0.030514019550383013
JobRole_Manufacturing.Director,34,0.026338522452784903,4.104771977089372,0.038998859368274345
OverTime_Yes,28,-0.026321039290850154,7.1732056055193665,0.02370415453768145
OverTime_No,28,0.026321038024951473,7.1732056055193665,0.02370415453768145
EducationField_Human.Resources,34,-0.026313218514763478,4.104771977089372,0.038998859368274345
Education,76,-0.026276170349814717,0.08247443324372147,0.29515809049346203
StockOptionLevel,40,0.026255736569655776,2.3489014410703275,0.06195480370237651
Age,97,0.026236692040844757,0.011690537822500678,0.35146768034404935
TotalWorkingYears,99,0.026171732710795016,0.009705689881151381,0.35353045399695915
JobSatisfaction,47,0.026132931096688815,1.2247191581435093,0.09994174703233644
Department_Research...Development,43,0.026126040695157754,1.7768578002099231,0.07675218463479885
EducationField_Technical.Degree,37,-0.026118136117377382,3.105109468642019,0.04941019154362132
YearsInCurrentRole,65,0.026062890900248305,0.22949000966402106,0.2298041132874453
JobRole_Sales.Executive,68,0.025923110260372854,0.1736007763509893,0.250037252376955
EducationField_Other,39,0.02588188355211312,2.577916431839545,0.05752656232753796
Age,96,0.0258763914656898,0.012830350828144373,0.35029496581932634
JobRole_Human.Resources,39,-0.025805605697772193,2.577916431839545,0.05752656232753796
Department_Human.Resources,50,-0.02579778107642775,0.9264551296891429,0.11965932261972216
DistanceFromHome,86,-0.02578715840694517,0.032529615934857266,0.33165302277616854
PerformanceRating,48,-0.02573217608869024,1.1159184836014817,0.10631298928575754
YearsAtCompany,93,-0.02571147066431319,0.01696096870897924,0.34612886181282204
Department_Human.Resources,89,0.02565531152177559,0.024607461514156204,0.3387857836774415
BusinessTravel_Non.Travel,35,0.0256301526062492,3.7401153478703777,0.042243735256353186
BusinessTravel_Travel_Rarely,49,0.02562876008638804,1.0167833611185435,0.11289062811556416
MaritalStatus_Divorced,38,0.02558555593646186,2.8292601014881646,0.053346563326138276
BusinessTravel_Travel_Frequently,34,-0.025528501537877345,4.104771977089372,0.038998859368274345
Age,95,0.025492443636576573,0.01408129419473126,0.34901816324757234
YearsWithCurrManager,64,0.025481751968787113,0.2518650022992526,0.2227443296176399
JobRole_Research.Director,31,0.02536679523670716,5.426266981584696,0.030514019550383013
TotalWorkingYears,98,0.025272244052253326,0.010651982662822088,0.3525440401067922
EnvironmentSatisfaction,45,0.02527089313481193,1.4751785618066122,0.08786918051693175
RelationshipSatisfaction,52,0.025255134189697655,0.7691593247539134,0.13369889095342355
WorkLifeBalance,48,0.025189440372004792,1.1159184836014817,0.10631298928575754
Age,94,0.025084924485829618,0.015454202995262095,0.3476323679042937
DistanceFromHome,85,-0.0250500475362372,0.0357012133304691,0.3289250107963617
YearsInCurrentRole,64,0.024965401098328704,0.2518650022992526,0.2227443296176399
EducationField_Medical,46,0.024956970640542597,1.3441277641381963,0.09379013403298568
JobRole_Sales.Executive,67,0.024931151569335522,0.1905266377338469,0.24346486972832568
JobRole_Sales.Representative,24,-0.024921488534844854,10.407093126555889,0.016778156220877662
NumCompaniesWorked,62,-0.024908699281591028,0.30337228693673607,0.20824831262114743
JobLevel,43,0.024902715052518225,1.7768578002099231,0.07675218463479885
JobInvolvement,39,0.024852131117518557,2.577916431839545,0.05752656232753796
JobRole_Manager,33,0.02484574076609974,4.5049821774860765,0.03596839641967879
Department_Sales,43,-0.024819591681652386,1.7768578002099231,0.07675218463479885
PercentSalaryHike,100,0.024796107530625316,0.008843463142112108,0.35443528922548545
EducationField_Life.Sciences,61,0.024750924877862894,0.33295071039787305,0.20085025136497922
Gender_Male,63,-0.02467850437140018,0.2764215290943355,0.21555239569290216
Gender_Female,63,0.024677150491208485,0.2764215290943355,0.21555239569290216
Age,93,0.02465466956352467,0.01696096870897924,0.34612886181282204
TrainingTimesLastYear,56,0.024620413961159146,0.5301516871972264,0.16320460471441373
JobRole_Healthcare.Representative,36,0.024597154123371174,3.4078538085554153,0.0457115666254235
YearsSinceLastPromotion,73,-0.02459192090051164,0.10902634700129,0.2798897828206845
MaritalStatus_Married,38,0.024443358022979197,2.8292601014881646,0.053346563326138276
JobRole_Laboratory.Technician,35,-0.02443940553066826,3.7401153478703777,0.042243735256353186
TotalWorkingYears,97,0.02439563443133439,0.011690537822500678,0.35146768034404935
EducationField_Marketing,40,-0.024380688632365307,2.3489014410703275,0.06195480370237651
YearsWithCurrManager,63,0.024364830386163234,0.2764215290943355,0.21555239569290216
Education,75,-0.024320272634571136,0.09051558866972378,0.2902970347206943
DistanceFromHome,84,-0.02429997373780787,0.03918203755679407,0.32600871065873394
Department_Human.Resources,49,-0.02427144894021213,1.0167833611185435,0.11289062811556416
Department_Research...Development,42,0.02423475533124191,1.950099242187098,0.0715670054939172
Age,92,0.024202563860126522,0.01861464221967107,0.344500061431348
StockOptionLevel,39,0.024190682327956712,2.577916431839545,0.05752656232753796
MaritalStatus_Single,30,-0.02418841669841143,5.955321313524936,0.02807095472488541
JobRole_Manufacturing.Director,33,0.02417513738604135,4.5049821774860765,0.03596839641967879
EducationField_Human.Resources,33,-0.024085914353960285,4.5049821774860765,0.03596839641967879
OverTime_Yes,27,-0.024058776283890887,7.872584296685375,0.02176089974062768
OverTime_No,27,0.024058775389256604,7.872584296685375,0.02176089974062768
JobSatisfaction,46,0.023999686915486925,1.3441277641381963,0.09379013403298568
JobRole_Sales.Executive,66,0.02394843669771682,0.2091027497064397,0.23671598444697853
EducationField_Technical.Degree,36,-0.02394570680296815,3.4078538085554153,0.0457115666254235
PercentSalaryHike,99,0.023934831174766365,0.009705689881151381,0.35353045399695915
YearsInCurrentRole,63,0.023895816944689185,0.2764215290943355,0.21555239569290216
BusinessTravel_Travel_Rarely,48,0.023894060668715824,1.1159184836014817,0.10631298928575754
JobRole_Human.Resources,38,-0.023855492765202553,2.8292601014881646,0.053346563326138276
Age,91,0.0237297251235581,0.020429546856183922,0.34273819803571226
PerformanceRating,47,-0.023725572014414432,1.2247191581435093,0.09994174703233644
EducationField_Other,38,0.023676305303398523,2.8292601014881646,0.053346563326138276
TotalWorkingYears,96,0.02354454989815532,0.012830350828144373,0.35029496581932634
MaritalStatus_Divorced,37,0.023540101497855487,3.105109468642019,0.04941019154362132
DistanceFromHome,83,-0.023538626573156203,0.04300223784808405,0.32289698885976165
BusinessTravel_Non.Travel,34,0.0234439140118029,4.104771977089372,0.038998859368274345
BusinessTravel_Travel_Frequently,33,-0.023375947349411032,4.5049821774860765,0.03596839641967879
JobRole_Research.Director,30,0.0233210042559595,5.955321313524936,0.02807095472488541
YearsWithCurrManager,62,0.023278889132850547,0.30337228693673607,0.20824831262114743
JobLevel,42,0.023256357770771115,1.950099242187098,0.0715670054939172
YearsAtCompany,92,-0.023252818584897226,0.01861464221967107,0.344500061431348
Age,90,0.023237544695778434,0.0224214024542444,0.34083549706942634
RelationshipSatisfaction,51,0.023218919689796655,0.8441514093848925,0.1266017686126627
EnvironmentSatisfaction,44,0.023183247790316455,1.6190066504645788,0.08218771800792075
WorkLifeBalance,47,0.023180016800078147,1.2247191581435093,0.09994174703233644
EducationField_Medical,45,0.02316750696708041,1.4751785618066122,0.08786918051693175
EducationField_Life.Sciences,60,0.023163358932290917,0.3654129936317017,0.19337878178375337
PercentSalaryHike,98,0.023064653611023292,0.010651982662822088,0.3525440401067922
Department_Sales,42,-0.023017367356940176,1.950099242187098,0.0715670054939172
JobRole_Sales.Executive,65,0.022972512183591576,0.22949000966402106,0.2298041132874453
NumCompaniesWorked,61,-0.022955077145010022,0.33295071039787305,0.20085025136497922
JobRole_Manager,32,0.022954780802583116,4.944212378359189,0.03314326871487094
TrainingTimesLastYear,55,0.022891159542434675,0.5818408222230168,0.15570613377828724
YearsInCurrentRole,62,0.022854839765137108,0.30337228693673607,0.20824831262114743
Department_Human.Resources,48,-0.022789434904445474,1.1159184836014817,0.10631298928575754
JobRole_Sales.Representative,23,-0.022783972472682868,11.421771858766357,0.015369604614057982
JobInvolvement,38,0.022774043492967504,2.8292601014881646,0.053346563326138276
DistanceFromHome,82,-0.022767802126300408,0.04719490295171102,0.3195831771275536
Age,89,0.022724739594758524,0.024607461514156204,0.3387857836774415
TotalWorkingYears,95,0.022707619629518533,0.01408129419473126,0.34901816324757234
JobRole_Healthcare.Representative,35,0.022622329754898463,3.7401153478703777,0.042243735256353186
MaritalStatus_Married,37,0.02250852806626209,3.105109468642019,0.04941019154362132
Department_Human.Resources,82,-0.0224906953119168,0.04719490295171102,0.3195831771275536
Gender_Male,62,-0.0224549904296369,0.30337228693673607,0.20824831262114743
Gender_Female,62,0.022454002126941017,0.30337228693673607,0.20824831262114743
Department_Research...Development,41,0.0224502799777768,2.140231510889284,0.06663444590104296
EducationField_Marketing,39,-0.02244292148447596,2.577916431839545,0.05752656232753796
JobRole_Laboratory.Technician,34,-0.022433056153343227,4.104771977089372,0.038998859368274345
Education,74,-0.022382382919054415,0.0993407468228991,0.2852070720866199
StockOptionLevel,38,0.022268416878425182,2.8292601014881646,0.053346563326138276
BusinessTravel_Travel_Rarely,47,0.02224072376279367,1.2247191581435093,0.09994174703233644
YearsWithCurrManager,61,0.022221946037199635,0.33295071039787305,0.20085025136497922
Age,88,0.022201133377679864,0.027006658633704324,0.33657437421617786
PercentSalaryHike,97,0.022184402991879005,0.011690537822500678,0.35146768034404935
JobRole_Manufacturing.Director,32,0.022176460604400622,4.944212378359189,0.03314326871487094
MaritalStatus_Single,29,-0.02215333394262784,6.535957789708103,0.02580426860937734
JobRole_Research.Scientist,92,-0.022142193946686786,0.01861464221967107,0.344500061431348
YearsSinceLastPromotion,72,-0.02208661332293518,0.11965628124013335,0.27434710687085806
EducationField_Human.Resources,32,-0.022038922698162672,4.944212378359189,0.03314326871487094
JobRole_Human.Resources,37,-0.022030965484123595,3.105109468642019,0.04941019154362132
JobSatisfaction,45,0.02202607232131206,1.4751785618066122,0.08786918051693175
JobRole_Sales.Executive,64,0.022001493467460952,0.2518650022992526,0.2227443296176399
DistanceFromHome,81,-0.021989626577523937,0.051796347727067434,0.316064069827691
OverTime_Yes,26,-0.021984872090319182,8.640151546852218,0.01996496541353593
OverTime_No,26,0.021984871459485612,8.640151546852218,0.01996496541353593
EducationField_Technical.Degree,35,-0.021942941823690807,3.7401153478703777,0.042243735256353186
TotalWorkingYears,94,0.02191403271835697,0.015454202995262095,0.3476323679042937
PerformanceRating,46,-0.021851580403186563,1.3441277641381963,0.09379013403298568
YearsInCurrentRole,61,0.02183938252237264,0.33295071039787305,0.20085025136497922
JobLevel,41,0.02168575654746903,2.140231510889284,0.06663444590104296
Age,87,0.02166055726092644,0.029639774510582882,0.3342002285797351
EducationField_Other,37,0.021649804323676088,3.105109468642019,0.04941019154362132
EducationField_Life.Sciences,59,0.02164723123205785,0.4010403094059146,0.18585556874564121
MaritalStatus_Divorced,36,0.02164180114956248,3.4078538085554153,0.0457115666254235
EducationField_Medical,44,0.021478945209379482,1.6190066504645788,0.08218771800792075
BusinessTravel_Non.Travel,33,0.021436952489693177,4.5049821774860765,0.03596839641967879
JobRole_Research.Director,29,0.021425785996696783,6.535957789708103,0.02580426860937734
BusinessTravel_Travel_Frequently,32,-0.021396016645104793,4.944212378359189,0.03314326871487094
Department_Human.Resources,47,-0.021356726314507173,1.2247191581435093,0.09994174703233644
RelationshipSatisfaction,50,0.02133081580029726,0.9264551296891429,0.11965932261972216
Department_Sales,41,-0.021317633446504728,2.140231510889284,0.06663444590104296
WorkLifeBalance,46,0.021313900303508028,1.3441277641381963,0.09379013403298568
PercentSalaryHike,96,0.021296449034782606,0.012830350828144373,0.35029496581932634
TrainingTimesLastYear,54,0.02125760783159656,0.6385695841032256,0.14827344551453722
EnvironmentSatisfaction,43,0.02125654003522759,1.7768578002099231,0.07675218463479885
DistanceFromHome,80,-0.021205390626520035,0.05684642768750557,0.3123275256589967
YearsWithCurrManager,60,0.02119264737157617,0.3654129936317017,0.19337878178375337
JobRole_Manager,31,0.021186217367999135,5.426266981584696,0.030514019550383013
TotalWorkingYears,93,0.021149807148625754,0.01696096870897924,0.34612886181282204
NumCompaniesWorked,60,-0.021118784926556215,0.3654129936317017,0.19337878178375337
Age,86,0.021107619383113233,0.032529615934857266,0.33165302277616854
JobRole_Sales.Executive,63,0.021031294415495474,0.2764215290943355,0.21555239569290216
YearsAtCompany,91,-0.020891085111437713,0.020429546856183922,0.34273819803571226
JobInvolvement,37,0.020859349401393796,3.105109468642019,0.04941019154362132
YearsInCurrentRole,60,0.02084821797406992,0.3654129936317017,0.19337878178375337
JobRole_Sales.Representative,22,-0.02082372263468311,12.535380514739407,0.014073092201573845
JobRole_Healthcare.Representative,34,0.020791062208977872,4.104771977089372,0.038998859368274345
Department_Research...Development,40,0.020770975911559363,2.3489014410703275,0.06195480370237651
MaritalStatus_Married,36,0.02070910896308673,3.4078538085554153,0.0457115666254235
BusinessTravel_Travel_Rarely,46,0.020670096105750657,1.3441277641381963,0.09379013403298568
EducationField_Marketing,38,-0.020641924268313894,2.8292601014881646,0.053346563326138276
JobRole_Laboratory.Technician,33,-0.02058089689913515,4.5049821774860765,0.03596839641967879
Age,85,0.020544353580309337,0.0357012133304691,0.3289250107963617
StockOptionLevel,37,0.020482079772913678,3.105109468642019,0.04941019154362132
Education,73,-0.02047351693493791,0.10902634700129,0.2798897828206845
DistanceFromHome,79,-0.020417505540933644,0.06238888420972765,0.3083722059616063
TotalWorkingYears,92,0.020415753307797695,0.01861464221967107,0.344500061431348
PercentSalaryHike,95,0.020400954636021172,0.01408129419473126,0.34901816324757234
Gender_Male,61,-0.020372844318602756,0.33295071039787305,0.20085025136497922
Gender_Female,61,0.020372172242635603,0.33295071039787305,0.20085025136497922
JobRole_Manufacturing.Director,31,0.020331963855612967,5.426266981584696,0.030514019550383013
JobRole_Human.Resources,36,-0.02032686764020919,3.4078538085554153,0.0457115666254235
MaritalStatus_Single,28,-0.020280659719842983,7.1732056055193665,0.02370415453768145
JobSatisfaction,44,0.020202438150335452,1.6190066504645788,0.08218771800792075
EducationField_Life.Sciences,58,0.02020232383367563,0.44014124448594455,0.17830319446199555
JobLevel,40,0.020191561776199813,2.3489014410703275,0.06195480370237651
YearsWithCurrManager,59,0.020189961301173263,0.4010403094059146,0.18585556874564121
EducationField_Human.Resources,31,-0.02015893777161616,5.426266981584696,0.030514019550383013
PerformanceRating,45,-0.020105336851734545,1.4751785618066122,0.08786918051693175
EducationField_Technical.Degree,34,-0.02009833286109168,4.104771977089372,0.038998859368274345
OverTime_Yes,25,-0.020084662783903365,9.482555656343228,0.018307052781592482
OverTime_No,25,0.02008466233999083,9.482555656343228,0.018307052781592482
JobRole_Sales.Executive,62,0.020067694881102233,0.30337228693673607,0.20824831262114743
Department_Human.Resources,46,-0.01997731653808796,1.3441277641381963,0.09379013403298568
Age,84,0.01997284336293224,0.03918203755679407,0.32600871065873394
EducationField_Medical,43,0.019889314606163482,1.7768578002099231,0.07675218463479885
MaritalStatus_Divorced,35,0.019882558964710105,3.7401153478703777,0.042243735256353186
YearsInCurrentRole,59,0.01988046409316962,0.4010403094059146,0.18585556874564121
EducationField_Other,36,0.019789425613103845,3.4078538085554153,0.0457115666254235
YearsSinceLastPromotion,71,-0.019728200627736323,0.13132262094453628,0.2685840919729863
Department_Sales,40,-0.019718711854713182,2.3489014410703275,0.06195480370237651
TrainingTimesLastYear,53,0.019717636305756975,0.7008293302347044,0.1409300773546337
TotalWorkingYears,91,0.019712373073721638,0.020429546856183922,0.34273819803571226
JobRole_Research.Director,28,0.01967216873296583,7.1732056055193665,0.02370415453768145
DistanceFromHome,78,-0.019628020212758654,0.06847172340066532,0.30419410135566793
BusinessTravel_Non.Travel,32,0.019595756722629726,4.944212378359189,0.03314326871487094
WorkLifeBalance,45,0.019583528535506968,1.4751785618066122,0.08786918051693175
RelationshipSatisfaction,49,0.019582676195453043,1.0167833611185435,0.11289062811556416
BusinessTravel_Travel_Frequently,31,-0.01957630507660261,5.426266981584696,0.030514019550383013
JobRole_Manager,30,0.019535225743701628,5.955321313524936,0.02807095472488541
PercentSalaryHike,94,0.019506398962726608,0.015454202995262095,0.3476323679042937
EnvironmentSatisfaction,42,0.01948018439635031,1.950099242187098,0.0715670054939172
NumCompaniesWorked,59,-0.01939789501595735,0.4010403094059146,0.18585556874564121
Age,83,0.019395194157567686,0.04300223784808405,0.32289698885976165
YearsWithCurrManager,58,0.01921316031298772,0.44014124448594455,0.17830319446199555
Department_Research...Development,39,0.019194539151112584,2.577916431839545,0.05752656232753796
BusinessTravel_Travel_Rarely,45,0.019182644613232838,1.4751785618066122,0.08786918051693175
JobRole_Sales.Executive,61,0.01910729359951217,0.33295071039787305,0.20085025136497922
JobInvolvement,36,0.01909690729051324,3.4078538085554153,0.0457115666254235
JobRole_Healthcare.Representative,33,0.01909517214673852,4.5049821774860765,0.03596839641967879
TotalWorkingYears,90,0.01903990031919458,0.0224214024542444,0.34083549706942634
MaritalStatus_Married,35,0.01903842456895846,3.7401153478703777,0.042243735256353186
JobRole_Sales.Representative,21,-0.019028900387813262,13.757564639912209,0.012892289388382489
EducationField_Marketing,37,-0.01897073514304161,3.105109468642019,0.04941019154362132
YearsInCurrentRole,58,0.01893555948302404,0.44014124448594455,0.17830319446199555
JobRole_Laboratory.Technician,32,-0.018872505332983958,4.944212378359189,0.03314326871487094
DistanceFromHome,77,-0.018839006651294028,0.07514763190341218,0.29979010201004386
EducationField_Life.Sciences,57,0.01882814049976697,0.48305447246590155,0.17074495106833817
StockOptionLevel,36,0.01882466929686849,3.4078538085554153,0.0457115666254235
Age,82,0.018813484359429103,0.04719490295171102,0.3195831771275536
JobLevel,39,0.018773851380116897,2.577916431839545,0.05752656232753796
JobRole_Human.Resources,35,-0.01873787275882656,3.7401153478703777,0.042243735256353186
Department_Human.Resources,45,-0.018654277061108483,1.4751785618066122,0.08786918051693175
JobRole_Manufacturing.Director,30,0.01863148176559137,5.955321313524936,0.02807095472488541
YearsAtCompany,90,-0.018630814712514966,0.0224214024542444,0.34083549706942634
PercentSalaryHike,93,0.01861226018356088,0.01696096870897924,0.34612886181282204
Education,72,-0.018599508041975327,0.11965628124013335,0.27434710687085806
MaritalStatus_Single,27,-0.018558869874983674,7.872584296685375,0.02176089974062768
JobSatisfaction,43,0.018519354943097546,1.7768578002099231,0.07675218463479885
PerformanceRating,44,-0.018481487282881324,1.6190066504645788,0.08218771800792075
EducationField_Human.Resources,30,-0.018433435176954466,5.955321313524936,0.02807095472488541
Gender_Male,60,-0.018432087047292656,0.3654129936317017,0.19337878178375337
Gender_Female,60,0.018431668910951573,0.3654129936317017,0.19337878178375337
EducationField_Technical.Degree,33,-0.01840087613992731,4.5049821774860765,0.03596839641967879
EducationField_Medical,42,0.018396157181638943,1.950099242187098,0.0715670054939172
TotalWorkingYears,89,0.01839520642991766,0.024607461514156204,0.3387857836774415
OverTime_Yes,24,-0.018344453623986446,10.407093126555889,0.016778156220877662
OverTime_No,24,0.018344453312187217,10.407093126555889,0.016778156220877662
TrainingTimesLastYear,52,0.018268775128217327,0.7691593247539134,0.13369889095342355
YearsWithCurrManager,57,0.018261797276969898,0.48305447246590155,0.17074495106833817
MaritalStatus_Divorced,34,0.01825434228175919,4.104771977089372,0.038998859368274345
Age,81,0.01822756514888341,0.051796347727067434,0.316064069827691
Department_Sales,39,-0.01821830326448301,2.577916431839545,0.05752656232753796
JobRole_Sales.Executive,60,0.01815092906364557,0.3654129936317017,0.19337878178375337
EducationField_Other,35,0.018082873561408128,3.7401153478703777,0.042243735256353186
DistanceFromHome,76,-0.018052544046539814,0.08247443324372147,0.29515809049346203
JobRole_Research.Director,27,0.018051415159638186,7.872584296685375,0.02176089974062768
YearsInCurrentRole,57,0.018013233529023752,0.48305447246590155,0.17074495106833817
JobRole_Manager,29,0.017996718877399134,6.535957789708103,0.02580426860937734
WorkLifeBalance,44,0.017981313028467755,1.6190066504645788,0.08218771800792075
RelationshipSatisfaction,48,0.017966364588130765,1.1159184836014817,0.10631298928575754
BusinessTravel_Non.Travel,31,0.01790763794582661,5.426266981584696,0.030514019550383013
BusinessTravel_Travel_Frequently,30,-0.01790506501101298,5.955321313524936,0.02807095472488541
EnvironmentSatisfaction,41,0.01784399447120302,2.140231510889284,0.06663444590104296
NumCompaniesWorked,58,-0.01778984657019484,0.44014124448594455,0.17830319446199555
TotalWorkingYears,88,0.01778717354449185,0.027006658633704324,0.33657437421617786
BusinessTravel_Travel_Rarely,44,0.017778047882655884,1.6190066504645788,0.08218771800792075
PercentSalaryHike,92,0.01772120985914974,0.01861464221967107,0.344500061431348
Department_Research...Development,38,0.017718098704319403,2.8292601014881646,0.053346563326138276
Age,80,0.017644523789530298,0.05684642768750557,0.3123275256589967
JobRole_Healthcare.Representative,32,0.017526608190247657,4.944212378359189,0.03314326871487094
EducationField_Life.Sciences,56,0.017523918360666836,0.5301516871972264,0.16320460471441373
Department_Human.Resources,83,-0.017518498442807253,0.04300223784808405,0.32289698885976165
YearsSinceLastPromotion,70,-0.017517115066613676,0.14412641436794113,0.26260639827158394
JobRole_Research.Scientist,91,-0.01750412857920324,0.020429546856183922,0.34273819803571226
MaritalStatus_Married,34,0.017489668465295566,4.104771977089372,0.038998859368274345
JobInvolvement,35,0.017476054742674562,3.7401153478703777,0.042243735256353186
JobLevel,38,0.017432170520156925,2.8292601014881646,0.053346563326138276
EducationField_Marketing,36,-0.017422322876082235,3.4078538085554153,0.0457115666254235
Department_Human.Resources,44,-0.017389822292443416,1.6190066504645788,0.08218771800792075
JobRole_Sales.Representative,20,-0.017382734571392444,15.09891020849457,0.011794682731018911
YearsWithCurrManager,56,0.017335676271269022,0.5301516871972264,0.16320460471441373
JobRole_Laboratory.Technician,31,-0.017297985841184426,5.426266981584696,0.030514019550383013
StockOptionLevel,35,0.017289132404186683,3.7401153478703777,0.042243735256353186
DistanceFromHome,75,-0.017270702768911458,0.09051558866972378,0.2902970347206943
JobRole_Human.Resources,34,-0.017258540145762048,4.104771977089372,0.038998859368274345
TotalWorkingYears,87,0.017206182104393328,0.029639774510582882,0.3342002285797351
JobRole_Sales.Executive,59,0.017200188064542505,0.4010403094059146,0.18585556874564121
YearsInCurrentRole,56,0.017113472417119347,0.5301516871972264,0.16320460471441373
Department_Human.Resources,88,0.017090490070328385,0.027006658633704324,0.33657437421617786
JobRole_Manufacturing.Director,29,0.017065250165220834,6.535957789708103,0.02580426860937734
Age,79,0.017063477750424227,0.06238888420972765,0.3083722059616063
JobRole_Research.Scientist,75,0.017002988373678415,0.09051558866972378,0.2902970347206943
EducationField_Medical,41,0.01699660265896854,2.140231510889284,0.06663444590104296
MaritalStatus_Single,26,-0.016977021165014407,8.640151546852218,0.01996496541353593
PerformanceRating,43,-0.01697439929876084,1.7768578002099231,0.07675218463479885
JobSatisfaction,42,0.016967671589803886,1.950099242187098,0.0715670054939172
JobRole_Research.Scientist,74,0.016959373910071577,0.0993407468228991,0.2852070720866199
TrainingTimesLastYear,51,0.01690825414747356,0.8441514093848925,0.1266017686126627
EducationField_Human.Resources,29,-0.016850657551469406,6.535957789708103,0.02580426860937734
JobRole_Research.Scientist,76,0.01684195993659587,0.08247443324372147,0.29515809049346203
EducationField_Technical.Degree,32,-0.016840096671420685,4.944212378359189,0.03314326871487094
PercentSalaryHike,91,0.01683587247490054,0.020429546856183922,0.34273819803571226
Department_Sales,38,-0.016813578814102663,2.8292601014881646,0.053346563326138276
Education,71,-0.016772259242582518,0.13132262094453628,0.2685840919729863
OverTime_Yes,23,-0.016751485203725335,11.421771858766357,0.015369604614057982
OverTime_No,23,0.016751484985089517,11.421771858766357,0.015369604614057982
MaritalStatus_Divorced,33,0.01674924904762057,4.5049821774860765,0.03596839641967879
JobRole_Research.Scientist,73,0.0167347379876083,0.10902634700129,0.2798897828206845
TotalWorkingYears,86,0.0166545785753696,0.032529615934857266,0.33165302277616854
Gender_Male,59,-0.016631493861066736,0.4010403094059146,0.18585556874564121
Gender_Female,59,0.01663126700864211,0.4010403094059146,0.18585556874564121
JobRole_Manager,28,0.01656542600577224,7.1732056055193665,0.02370415453768145
JobRole_Research.Director,26,0.016555060360385888,8.640151546852218,0.01996496541353593
EducationField_Other,34,0.016518527770130798,4.104771977089372,0.038998859368274345
WorkLifeBalance,43,0.016499725002344826,1.7768578002099231,0.07675218463479885
DistanceFromHome,74,-0.016495526874274333,0.0993407468228991,0.2852070720866199
Age,78,0.01648618823092172,0.06847172340066532,0.30419410135566793
YearsAtCompany,89,-0.016476900310906106,0.024607461514156204,0.3387857836774415
RelationshipSatisfaction,47,0.016473840309881582,1.2247191581435093,0.09994174703233644
JobRole_Research.Scientist,77,0.01646135392499601,0.07514763190341218,0.29979010201004386
BusinessTravel_Travel_Rarely,43,0.016455293447939126,1.7768578002099231,0.07675218463479885
YearsWithCurrManager,55,0.01643481925378004,0.5818408222230168,0.15570613377828724
BusinessTravel_Travel_Frequently,29,-0.01637121089269715,6.535957789708103,0.02580426860937734
BusinessTravel_Non.Travel,30,0.01636071263150872,5.955321313524936,0.02807095472488541
Department_Research...Development,37,0.016338315382175114,3.105109468642019,0.04941019154362132
EnvironmentSatisfaction,40,0.016338224674350987,2.3489014410703275,0.06195480370237651
JobRole_Research.Scientist,72,0.016329080953206353,0.11965628124013335,0.27434710687085806
NumCompaniesWorked,57,-0.016291503880140838,0.48305447246590155,0.17074495106833817
EducationField_Life.Sciences,55,0.016288641988951757,0.5818408222230168,0.15570613377828724
JobRole_Sales.Executive,58,0.016257330291682227,0.44014124448594455,0.17830319446199555
YearsInCurrentRole,55,0.01623648195541811,0.5818408222230168,0.15570613377828724
Department_Human.Resources,43,-0.01618543377100643,1.7768578002099231,0.07675218463479885
JobLevel,37,0.016165578102406618,3.105109468642019,0.04941019154362132
TotalWorkingYears,85,0.01613149507142708,0.0357012133304691,0.3289250107963617
JobRole_Healthcare.Representative,31,0.016077501223652542,5.426266981584696,0.030514019550383013
MaritalStatus_Married,33,0.01605599872715595,4.5049821774860765,0.03596839641967879
EducationField_Marketing,35,-0.015989666340518856,3.7401153478703777,0.042243735256353186
JobInvolvement,34,0.015986636521613966,4.104771977089372,0.038998859368274345
PercentSalaryHike,90,0.015958766667310994,0.0224214024542444,0.34083549706942634
Age,77,0.01591428611922642,0.07514763190341218,0.29979010201004386
JobRole_Human.Resources,33,-0.015883368206930412,4.5049821774860765,0.03596839641967879
JobRole_Sales.Representative,19,-0.015875436115682363,16.571035314113292,0.010786840274429277
StockOptionLevel,34,0.015868443279469634,4.104771977089372,0.038998859368274345
JobRole_Laboratory.Technician,30,-0.01584796251124696,5.955321313524936,0.02807095472488541
JobRole_Research.Scientist,78,0.015847224547365334,0.06847172340066532,0.30419410135566793
JobRole_Research.Scientist,71,0.01576973287012182,0.13132262094453628,0.2685840919729863
DistanceFromHome,73,-0.01572887185344594,0.10902634700129,0.2798897828206845
EducationField_Medical,40,0.01568743359180296,2.3489014410703275,0.06195480370237651
TotalWorkingYears,84,0.015635894664906134,0.03918203755679407,0.32600871065873394
TrainingTimesLastYear,50,0.01563305059379765,0.9264551296891429,0.11965932261972216
JobRole_Manufacturing.Director,28,0.015623934458054512,7.1732056055193665,0.02370415453768145
PerformanceRating,42,-0.015578126652112797,1.950099242187098,0.0715670054939172
YearsWithCurrManager,54,0.015559429613921998,0.6385695841032256,0.14827344551453722
JobSatisfaction,41,0.015538561984721094,2.140231510889284,0.06663444590104296
MaritalStatus_Single,25,-0.015524763453050849,9.482555656343228,0.018307052781592482
Department_Sales,37,-0.015501273061818139,3.105109468642019,0.04941019154362132
YearsSinceLastPromotion,69,-0.01545271530694603,0.15817856184375606,0.25642120490941533
EducationField_Technical.Degree,31,-0.015406062590172019,5.426266981584696,0.030514019550383013
EducationField_Human.Resources,28,-0.015399594814615445,7.1732056055193665,0.02370415453768145
YearsInCurrentRole,54,0.015382648048333183,0.6385695841032256,0.14827344551453722
MaritalStatus_Divorced,32,0.015359564107009312,4.944212378359189,0.03314326871487094
Age,76,0.0153492554624892,0.08247443324372147,0.29515809049346203
JobRole_Sales.Executive,57,0.01532518334095491,0.48305447246590155,0.17074495106833817
OverTime_Yes,22,-0.015293894826825964,12.535380514739407,0.014073092201573845
OverTime_No,22,0.015293894676766057,12.535380514739407,0.014073092201573845
JobRole_Manager,27,0.015235965044621573,7.872584296685375,0.02176089974062768
BusinessTravel_Travel_Rarely,42,0.015212773812369221,1.950099242187098,0.0715670054939172
JobRole_Research.Director,25,0.015174943155170026,9.482555656343228,0.018307052781592482
TotalWorkingYears,83,0.015166579060939574,0.04300223784808405,0.32289698885976165
WorkLifeBalance,42,0.015131356085386936,1.950099242187098,0.0715670054939172
EducationField_Life.Sciences,54,0.015121059451450983,0.6385695841032256,0.14827344551453722
RelationshipSatisfaction,46,0.015097229917129926,1.3441277641381963,0.09379013403298568
PercentSalaryHike,89,0.01509024313479309,0.024607461514156204,0.3387857836774415
EducationField_Other,33,0.01508544814795765,4.5049821774860765,0.03596839641967879
JobRole_Research.Scientist,70,0.015074700370055844,0.14412641436794113,0.26260639827158394
Department_Research...Development,36,0.015051477794736244,3.4078538085554153,0.0457115666254235
Department_Human.Resources,42,-0.015041856155653625,1.950099242187098,0.0715670054939172
Education,70,-0.0150004502113437,0.14412641436794113,0.26260639827158394
JobRole_Research.Scientist,79,0.014986765900213436,0.06238888420972765,0.3083722059616063
DistanceFromHome,72,-0.014972971764089488,0.11965628124013335,0.27434710687085806
JobLevel,36,0.014972698133389242,3.4078538085554153,0.0457115666254235
Gender_Male,58,-0.014968645228469322,0.44014124448594455,0.17830319446199555
Gender_Female,58,0.014968553833575626,0.44014124448594455,0.17830319446199555
BusinessTravel_Travel_Frequently,28,-0.014964315963074973,7.1732056055193665,0.02370415453768145
EnvironmentSatisfaction,39,0.01495359490068725,2.577916431839545,0.05752656232753796
BusinessTravel_Non.Travel,29,0.014943879350589826,6.535957789708103,0.02580426860937734
NumCompaniesWorked,56,-0.01489922238231647,0.5301516871972264,0.16320460471441373
Age,75,0.01479241861171583,0.09051558866972378,0.2902970347206943
JobRole_Healthcare.Representative,30,0.014740209495587332,5.955321313524936,0.02807095472488541
MaritalStatus_Married,32,0.014730618178660853,4.944212378359189,0.03314326871487094
TotalWorkingYears,82,0.01472222280771655,0.04719490295171102,0.3195831771275536
YearsWithCurrManager,53,0.014709853628200983,0.7008293302347044,0.1409300773546337
EducationField_Marketing,34,-0.01466582356604447,4.104771977089372,0.038998859368274345
JobInvolvement,33,0.014619022052033432,4.5049821774860765,0.03596839641967879
JobRole_Human.Resources,32,-0.014606844108017504,4.944212378359189,0.03314326871487094
StockOptionLevel,33,0.01455567045218596,4.5049821774860765,0.03596839641967879
YearsInCurrentRole,53,0.014552495688097595,0.7008293302347044,0.1409300773546337
JobRole_Laboratory.Technician,29,-0.01451357026627735,6.535957789708103,0.02580426860937734
JobRole_Sales.Representative,18,-0.014495884490569629,18.186690800181175,0.009862019634632825
EducationField_Medical,39,0.01446515339425027,2.577916431839545,0.05752656232753796
TrainingTimesLastYear,49,0.014439936433333838,1.0167833611185435,0.11289062811556416
YearsAtCompany,88,-0.014429398133882764,0.027006658633704324,0.33657437421617786
JobRole_Sales.Executive,56,0.014407012206242055,0.5301516871972264,0.16320460471441373
TotalWorkingYears,81,0.014303496734776102,0.051796347727067434,0.316064069827691
JobRole_Manufacturing.Director,27,0.014298649002847512,7.872584296685375,0.02176089974062768
PerformanceRating,41,-0.014286622251929714,2.140231510889284,0.06663444590104296
Department_Sales,36,-0.01427777472642447,3.4078538085554153,0.0457115666254235
JobRole_Research.Scientist,69,0.014262380403887864,0.15817856184375606,0.25642120490941533
Age,74,0.014244932996493265,0.0993407468228991,0.2852070720866199
PercentSalaryHike,88,0.014238956570433288,0.027006658633704324,0.33657437421617786
DistanceFromHome,71,-0.014229584010519249,0.13132262094453628,0.2685840919729863
JobSatisfaction,40,0.014223560340462344,2.3489014410703275,0.06195480370237651
MaritalStatus_Single,24,-0.014192342517910036,10.407093126555889,0.016778156220877662
EducationField_Technical.Degree,30,-0.014089390970177345,5.955321313524936,0.02807095472488541
MaritalStatus_Divorced,31,0.014077805025779924,5.426266981584696,0.030514019550383013
EducationField_Human.Resources,27,-0.014069960113539028,7.872584296685375,0.02176089974062768
BusinessTravel_Travel_Rarely,41,0.014048385517891797,2.140231510889284,0.06663444590104296
EducationField_Life.Sciences,53,0.014019699886939971,0.7008293302347044,0.1409300773546337
JobRole_Manager,26,0.01400290786581474,8.640151546852218,0.01996496541353593
OverTime_No,21,0.01397261497640319,13.757564639912209,0.012892289388382489
OverTime_Yes,21,-0.013960571456536541,13.757564639912209,0.012892289388382489
Department_Human.Resources,41,-0.013959237425353268,2.140231510889284,0.06663444590104296
TotalWorkingYears,80,0.013903699007769619,0.05684642768750557,0.3123275256589967
JobRole_Research.Director,24,0.013903230885048206,10.407093126555889,0.016778156220877662
YearsWithCurrManager,52,0.013886540873237775,0.7691593247539134,0.13369889095342355
WorkLifeBalance,41,0.013868981343814797,2.140231510889284,0.06663444590104296
JobRole_Research.Scientist,80,0.013868382377608068,0.05684642768750557,0.3123275256589967
Department_Research...Development,35,0.013853592931080967,3.7401153478703777,0.042243735256353186
JobLevel,35,0.013851774029761002,3.7401153478703777,0.042243735256353186
RelationshipSatisfaction,45,0.013828885412716159,1.4751785618066122,0.08786918051693175
EducationField_Other,32,0.0137733709103879,4.944212378359189,0.03314326871487094
YearsInCurrentRole,52,0.013746647407765399,0.7691593247539134,0.13369889095342355
Age,73,0.013707839606990598,0.10902634700129,0.2798897828206845
EnvironmentSatisfaction,38,0.0136813051946332,2.8292601014881646,0.053346563326138276
BusinessTravel_Travel_Frequently,27,-0.013674601917356883,7.872584296685375,0.02176089974062768
BusinessTravel_Non.Travel,28,0.013646791073321082,7.1732056055193665,0.02370415453768145
NumCompaniesWorked,55,-0.01360892065805295,0.5818408222230168,0.15570613377828724
YearsSinceLastPromotion,68,-0.013533373488348427,0.1736007763509893,0.250037252376955
TotalWorkingYears,79,0.013524010737275412,0.06238888420972765,0.3083722059616063
JobRole_Healthcare.Representative,29,0.01350735495035001,6.535957789708103,0.02580426860937734
MaritalStatus_Married,31,0.013506840963534588,5.426266981584696,0.030514019550383013
JobRole_Sales.Executive,55,0.013506369730274387,0.5818408222230168,0.15570613377828724
DistanceFromHome,70,-0.013500484766033273,0.14412641436794113,0.26260639827158394
EducationField_Marketing,33,-0.013443990192292496,4.5049821774860765,0.03596839641967879
Gender_Male,57,-0.013440005576026435,0.48305447246590155,0.17074495106833817
Gender_Female,57,0.013440003894285582,0.48305447246590155,0.17074495106833817
JobRole_Human.Resources,31,-0.013423489051184569,5.426266981584696,0.030514019550383013
PercentSalaryHike,87,0.013400715637110427,0.029639774510582882,0.3342002285797351
JobInvolvement,32,0.013364113766889401,4.944212378359189,0.03314326871487094
JobRole_Research.Scientist,68,0.013351378441598402,0.1736007763509893,0.250037252376955
StockOptionLevel,32,0.013344032785399232,4.944212378359189,0.03314326871487094
EducationField_Medical,38,0.013326052085336118,2.8292601014881646,0.053346563326138276
TrainingTimesLastYear,48,0.013325524417133527,1.1159184836014817,0.10631298928575754
Education,69,-0.013292159648885317,0.15817856184375606,0.25642120490941533
JobRole_Laboratory.Technician,28,-0.013286444313036733,7.1732056055193665,0.02370415453768145
JobRole_Sales.Representative,17,-0.013233749166880115,19.95987070160276,0.009013887236348906
Age,72,0.013182196050792145,0.11965628124013335,0.27434710687085806
TotalWorkingYears,78,0.013162742956288607,0.06847172340066532,0.30419410135566793
JobRole_Research.Scientist,90,-0.013160018304190274,0.0224214024542444,0.34083549706942634
Department_Sales,35,-0.013139212516882789,3.7401153478703777,0.042243735256353186
PerformanceRating,40,-0.01309379800342454,2.3489014410703275,0.06195480370237651
YearsWithCurrManager,51,0.013090004697084977,0.8441514093848925,0.1266017686126627
JobRole_Manufacturing.Director,26,0.01308096855135784,8.640151546852218,0.01996496541353593
JobSatisfaction,39,0.013014586579085339,2.577916431839545,0.05752656232753796
EducationField_Life.Sciences,52,0.012982892238910497,0.7691593247539134,0.13369889095342355
MaritalStatus_Single,23,-0.012970595176648385,11.421771858766357,0.015369604614057982
YearsInCurrentRole,51,0.012965782231123164,0.8441514093848925,0.1266017686126627
BusinessTravel_Travel_Rarely,40,0.012959620316017727,2.3489014410703275,0.06195480370237651
Department_Human.Resources,40,-0.012937184154172705,2.3489014410703275,0.06195480370237651
MaritalStatus_Divorced,30,0.012896758225817774,5.955321313524936,0.02807095472488541
EducationField_Technical.Degree,29,-0.012881246453833385,6.535957789708103,0.02580426860937734
JobRole_Manager,25,0.012860837970950037,9.482555656343228,0.018307052781592482
EducationField_Human.Resources,26,-0.012852162453502883,8.640151546852218,0.01996496541353593
TotalWorkingYears,77,0.012818142860895616,0.07514763190341218,0.29979010201004386
JobLevel,34,0.012800724128196831,4.104771977089372,0.038998859368274345
DistanceFromHome,69,-0.012787345608518123,0.15817856184375606,0.25642120490941533
OverTime_No,20,0.012751574548172986,15.09891020849457,0.011794682731018911
OverTime_Yes,20,-0.012741549737550931,15.09891020849457,0.011794682731018911
Department_Research...Development,34,0.012740469479593874,4.104771977089372,0.038998859368274345
JobRole_Research.Director,23,0.012732437907358733,11.421771858766357,0.015369604614057982
WorkLifeBalance,40,0.012705603002797208,2.3489014410703275,0.06195480370237651
Age,71,0.0126680634168804,0.13132262094453628,0.2685840919729863
RelationshipSatisfaction,44,0.012661428569653011,1.6190066504645788,0.08218771800792075
JobRole_Sales.Executive,54,0.012626936512253589,0.6385695841032256,0.14827344551453722
PercentSalaryHike,86,0.012579666736270052,0.032529615934857266,0.33165302277616854
EducationField_Other,31,0.012572697048649193,5.426266981584696,0.030514019550383013
EnvironmentSatisfaction,37,0.012513042008488696,3.105109468642019,0.04941019154362132
BusinessTravel_Travel_Frequently,26,-0.012492922919211447,8.640151546852218,0.01996496541353593
YearsAtCompany,87,-0.01249210882504313,0.029639774510582882,0.3342002285797351
TotalWorkingYears,76,0.012488420417094182,0.08247443324372147,0.29515809049346203
JobRole_Research.Scientist,81,0.012481747156928506,0.051796347727067434,0.316064069827691
BusinessTravel_Non.Travel,27,0.01245982404523046,7.872584296685375,0.02176089974062768
NumCompaniesWorked,54,-0.012416156533591655,0.6385695841032256,0.14827344551453722
MaritalStatus_Married,30,0.012378146500782068,5.955321313524936,0.02807095472488541
JobRole_Healthcare.Representative,28,0.012371851391352476,7.1732056055193665,0.02370415453768145
JobRole_Research.Scientist,67,0.012360302912122121,0.1905266377338469,0.24346486972832568
JobRole_Human.Resources,30,-0.012327898669995153,5.955321313524936,0.02807095472488541
YearsWithCurrManager,50,0.012320783878955716,0.9264551296891429,0.11965932261972216
EducationField_Marketing,32,-0.012317547592129894,4.944212378359189,0.03314326871487094
TrainingTimesLastYear,47,0.012286311988351888,1.2247191581435093,0.09994174703233644
EducationField_Medical,37,0.01226626818339499,3.105109468642019,0.04941019154362132
StockOptionLevel,31,0.012226944957312073,5.426266981584696,0.030514019550383013
JobInvolvement,31,0.012213347717292097,5.426266981584696,0.030514019550383013
YearsInCurrentRole,50,0.012210596210227123,0.9264551296891429,0.11965932261972216
TotalWorkingYears,75,0.012171777763050597,0.09051558866972378,0.2902970347206943
Age,70,0.012165867597694656,0.14412641436794113,0.26260639827158394
JobRole_Laboratory.Technician,27,-0.012158707982001589,7.872584296685375,0.02176089974062768
DistanceFromHome,68,-0.01209171985944199,0.1736007763509893,0.250037252376955
Department_Sales,34,-0.012081534149712844,4.104771977089372,0.038998859368274345
JobRole_Sales.Representative,16,-0.012079451007853336,21.90593345441005,0.008236509993048641
Gender_Female,56,0.01204108086973186,0.5301516871972264,0.16320460471441373
Gender_Male,56,-0.012041027893857805,0.5301516871972264,0.16320460471441373
EducationField_Life.Sciences,51,0.012008784895418557,0.8441514093848925,0.1266017686126627
PerformanceRating,39,-0.011993603058916225,2.577916431839545,0.05752656232753796
Department_Human.Resources,39,-0.011974834375767856,2.577916431839545,0.05752656232753796
JobRole_Manufacturing.Director,25,0.011962932796549374,9.482555656343228,0.018307052781592482
Department_Human.Resources,84,-0.011962759299308278,0.03918203755679407,0.32600871065873394
BusinessTravel_Travel_Rarely,39,0.011943651561442246,2.577916431839545,0.05752656232753796
JobSatisfaction,38,0.011903963010923795,2.8292601014881646,0.053346563326138276
TotalWorkingYears,74,0.01186642917855959,0.0993407468228991,0.2852070720866199
MaritalStatus_Single,22,-0.011850938257593169,12.535380514739407,0.014073092201573845
JobLevel,33,0.01181719683927948,4.5049821774860765,0.03596839641967879
MaritalStatus_Divorced,29,0.011809506328816059,6.535957789708103,0.02580426860937734
JobRole_Manager,24,0.011804400403319756,10.407093126555889,0.016778156220877662
PercentSalaryHike,85,0.011777676243026712,0.0357012133304691,0.3289250107963617
EducationField_Technical.Degree,28,-0.011773333941006575,7.1732056055193665,0.02370415453768145
JobRole_Sales.Executive,53,0.011772359989782452,0.7008293302347044,0.1409300773546337
YearsSinceLastPromotion,67,-0.011756567005093721,0.1905266377338469,0.24346486972832568
EducationField_Human.Resources,25,-0.011737276883956671,9.482555656343228,0.018307052781592482
Department_Research...Development,33,0.011707792722865923,4.5049821774860765,0.03596839641967879
Age,69,0.01167587993365359,0.15817856184375606,0.25642120490941533
JobRole_Research.Director,22,0.01165543827226788,12.535380514739407,0.014073092201573845
Education,68,-0.011654777731320266,0.1736007763509893,0.250037252376955
OverTime_No,19,0.011635605221311901,16.571035314113292,0.010786840274429277
WorkLifeBalance,39,0.011634485733501676,2.577916431839545,0.05752656232753796
OverTime_Yes,19,-0.011627262703650715,16.571035314113292,0.010786840274429277
RelationshipSatisfaction,43,0.011587791643830081,1.7768578002099231,0.07675218463479885
YearsWithCurrManager,49,0.011579406587391955,1.0167833611185435,0.11289062811556416
TotalWorkingYears,73,0.011569811486852596,0.10902634700129,0.2798897828206845
YearsInCurrentRole,49,0.01148176562842205,1.0167833611185435,0.11289062811556416
EducationField_Other,30,0.011474474730590982,5.955321313524936,0.02807095472488541
EnvironmentSatisfaction,36,0.01144097750958599,3.4078538085554153,0.0457115666254235
DistanceFromHome,67,-0.011415029875865377,0.1905266377338469,0.24346486972832568
BusinessTravel_Travel_Frequently,25,-0.011410745229991855,9.482555656343228,0.018307052781592482
BusinessTravel_Non.Travel,26,0.011374044240141493,8.640151546852218,0.01996496541353593
MaritalStatus_Married,29,0.011338222038474162,6.535957789708103,0.02580426860937734
JobRole_Healthcare.Representative,27,0.011326925197683918,7.872584296685375,0.02176089974062768
TrainingTimesLastYear,46,0.01131872236751024,1.3441277641381963,0.09379013403298568
NumCompaniesWorked,53,-0.011316205229209092,0.7008293302347044,0.1409300773546337
JobRole_Human.Resources,29,-0.011314778259121507,6.535957789708103,0.02580426860937734
JobRole_Research.Scientist,66,0.011307541626903271,0.2091027497064397,0.23671598444697853
EducationField_Medical,36,0.011281845617627533,3.4078538085554153,0.0457115666254235
TotalWorkingYears,72,0.011281802345474877,0.11965628124013335,0.27434710687085806
EducationField_Marketing,31,-0.011280101243600297,5.426266981584696,0.030514019550383013
Age,68,0.011198228724198098,0.1736007763509893,0.250037252376955
StockOptionLevel,30,0.011198053256799881,5.955321313524936,0.02807095472488541
JobInvolvement,30,0.011158687762515952,5.955321313524936,0.02807095472488541
JobRole_Laboratory.Technician,26,-0.011122959067407177,8.640151546852218,0.01996496541353593
Department_Sales,33,-0.011100577353348087,4.5049821774860765,0.03596839641967879
EducationField_Life.Sciences,50,0.011095366099941469,0.9264551296891429,0.11965932261972216
Department_Human.Resources,38,-0.011070927434423637,2.8292601014881646,0.053346563326138276
JobRole_Sales.Representative,15,-0.011024122208542672,24.041734923188066,0.007524343918344403
TotalWorkingYears,71,0.011000324704068807,0.13132262094453628,0.2685840919729863
BusinessTravel_Travel_Rarely,38,0.010997413265812914,2.8292601014881646,0.053346563326138276
PercentSalaryHike,84,0.010996453082399748,0.03918203755679407,0.32600871065873394
PerformanceRating,38,-0.010980089243766084,2.8292601014881646,0.053346563326138276
JobRole_Sales.Executive,52,0.01094610257733501,0.7691593247539134,0.13369889095342355
JobRole_Manufacturing.Director,24,0.010937045061414111,10.407093126555889,0.016778156220877662
JobLevel,32,0.010898624124248803,4.944212378359189,0.03314326871487094
JobSatisfaction,37,0.010884423499599843,3.105109468642019,0.04941019154362132
YearsWithCurrManager,48,0.010866357659042881,1.1159184836014817,0.10631298928575754
JobRole_Manager,23,0.010828344009127503,11.421771858766357,0.015369604614057982
MaritalStatus_Single,21,-0.010825044858182514,13.757564639912209,0.012892289388382489
MaritalStatus_Divorced,28,0.010809447667645857,7.1732056055193665,0.02370415453768145
JobRole_Research.Scientist,82,0.010796151901550288,0.04719490295171102,0.3195831771275536
YearsInCurrentRole,48,0.0107799138537077,1.1159184836014817,0.10631298928575754
Gender_Female,55,0.010766363164021549,0.5818408222230168,0.15570613377828724
Gender_Male,55,-0.010766280848484048,0.5818408222230168,0.15570613377828724
DistanceFromHome,66,-0.01075855563271186,0.2091027497064397,0.23671598444697853
EducationField_Technical.Degree,27,-0.01075788647685355,7.872584296685375,0.02176089974062768
Department_Research...Development,32,0.01075119041775409,4.944212378359189,0.03314326871487094
Age,67,0.010732914626375222,0.1905266377338469,0.24346486972832568
TotalWorkingYears,70,0.010723874999848948,0.14412641436794113,0.26260639827158394
EducationField_Human.Resources,24,-0.010717012999721534,10.407093126555889,0.016778156220877662
JobRole_Research.Director,21,0.010665593952255538,13.757564639912209,0.012892289388382489
YearsAtCompany,86,-0.010665017891183456,0.032529615934857266,0.33165302277616854
WorkLifeBalance,38,0.010649182703530954,2.8292601014881646,0.053346563326138276
OverTime_No,18,0.010615941864854312,18.186690800181175,0.009862019634632825
OverTime_Yes,18,-0.01060900080901148,18.186690800181175,0.009862019634632825
RelationshipSatisfaction,42,0.010601231239215176,1.950099242187098,0.0715670054939172
EducationField_Other,29,0.010470376968705666,6.535957789708103,0.02580426860937734
EnvironmentSatisfaction,35,0.010457763251322453,3.7401153478703777,0.042243735256353186
TotalWorkingYears,69,0.010451062604101552,0.15817856184375606,0.25642120490941533
BusinessTravel_Travel_Frequently,24,-0.010420123546390101,10.407093126555889,0.016778156220877662
TrainingTimesLastYear,45,0.010419142307291853,1.4751785618066122,0.08786918051693175
BusinessTravel_Non.Travel,25,0.010381172256206087,9.482555656343228,0.018307052781592482
MaritalStatus_Married,28,0.010380995081704541,7.1732056055193665,0.02370415453768145
JobRole_Human.Resources,28,-0.010378972750165038,7.1732056055193665,0.02370415453768145
EducationField_Medical,35,0.01036878492198503,3.7401153478703777,0.042243735256353186
JobRole_Healthcare.Representative,26,0.010366129381556824,8.640151546852218,0.01996496541353593
EducationField_Marketing,30,-0.010325510141516432,5.955321313524936,0.02807095472488541
NumCompaniesWorked,52,-0.010304137430065311,0.7691593247539134,0.13369889095342355
Age,66,0.010279829605555632,0.2091027497064397,0.23671598444697853
StockOptionLevel,29,0.010251262637512018,6.535957789708103,0.02580426860937734
EducationField_Life.Sciences,49,0.010240485062651234,1.0167833611185435,0.11289062811556416
PercentSalaryHike,83,0.010237550330928064,0.04300223784808405,0.32289698885976165
Department_Human.Resources,37,-0.010223870208229902,3.105109468642019,0.04941019154362132
JobRole_Research.Scientist,65,0.010211029459984325,0.22949000966402106,0.2298041132874453
JobInvolvement,29,0.010192614554521086,6.535957789708103,0.02580426860937734
Department_Sales,32,-0.010192132249126063,4.944212378359189,0.03314326871487094
YearsWithCurrManager,47,0.010182050062774912,1.2247191581435093,0.09994174703233644
TotalWorkingYears,68,0.01018062580329596,0.1736007763509893,0.250037252376955
JobRole_Laboratory.Technician,25,-0.01017225480707889,9.482555656343228,0.018307052781592482
JobRole_Sales.Executive,51,0.010151307808115817,0.8441514093848925,0.1266017686126627
DistanceFromHome,65,-0.010123424944952514,0.22949000966402106,0.2298041132874453
YearsSinceLastPromotion,66,-0.01011897407245742,0.2091027497064397,0.23671598444697853
BusinessTravel_Travel_Rarely,37,0.010117671036470767,3.105109468642019,0.04941019154362132
YearsInCurrentRole,47,0.010105582660432048,1.2247191581435093,0.09994174703233644
Education,67,-0.010094926109244439,0.1905266377338469,0.24346486972832568
JobRole_Sales.Representative,14,-0.010059565629138874,26.385774398510197,0.00687222038584439
PerformanceRating,37,-0.010047464143465351,3.105109468642019,0.04941019154362132
JobLevel,31,0.01004227222605549,5.426266981584696,0.030514019550383013
JobRole_Manufacturing.Director,23,0.009996266105016248,11.421771858766357,0.015369604614057982
JobSatisfaction,36,0.009949116250902482,3.4078538085554153,0.0457115666254235
JobRole_Manager,22,0.009927556416637126,12.535380514739407,0.014073092201573845
TotalWorkingYears,67,0.009911443289275342,0.1905266377338469,0.24346486972832568
MaritalStatus_Divorced,27,0.009890308938793469,7.872584296685375,0.02176089974062768
MaritalStatus_Single,20,-0.00988612239116908,15.09891020849457,0.011794682731018911
Department_Research...Development,31,0.009866289536352208,5.426266981584696,0.030514019550383013
Age,65,0.009838778738290324,0.22949000966402106,0.2298041132874453
EducationField_Technical.Degree,26,-0.009827649357718201,8.640151546852218,0.01996496541353593
EducationField_Human.Resources,23,-0.009783682411409143,11.421771858766357,0.015369604614057982
JobRole_Research.Director,20,0.009756317288254978,15.09891020849457,0.011794682731018911
WorkLifeBalance,37,0.009743553527233828,3.105109468642019,0.04941019154362132
RelationshipSatisfaction,41,0.009695351911219958,2.140231510889284,0.06663444590104296
OverTime_No,17,0.009684503527886442,19.95987070160276,0.009013887236348906
OverTime_Yes,17,-0.009678729620994862,19.95987070160276,0.009013887236348906
TotalWorkingYears,66,0.009642541760235627,0.2091027497064397,0.23671598444697853
Gender_Female,54,0.009609688072394366,0.6385695841032256,0.14827344551453722
Gender_Male,54,-0.009609593680508245,0.6385695841032256,0.14827344551453722
TrainingTimesLastYear,44,0.009583958299133387,1.6190066504645788,0.08218771800792075
EnvironmentSatisfaction,34,0.009556519370442773,4.104771977089372,0.038998859368274345
EducationField_Other,28,0.00955267574735283,7.1732056055193665,0.02370415453768145
YearsWithCurrManager,46,0.009526801199440162,1.3441277641381963,0.09379013403298568
EducationField_Medical,34,0.009523088323145867,4.104771977089372,0.038998859368274345
JobRole_Human.Resources,27,-0.009515491511537263,7.872584296685375,0.02176089974062768
BusinessTravel_Travel_Frequently,23,-0.009513674984881553,11.421771858766357,0.015369604614057982
DistanceFromHome,64,-0.009510605446954513,0.2518650022992526,0.2227443296176399
PercentSalaryHike,82,0.009502367046894408,0.04719490295171102,0.3195831771275536
MaritalStatus_Married,27,0.009500656972583841,7.872584296685375,0.02176089974062768
JobRole_Healthcare.Representative,25,0.009483351799866353,9.482555656343228,0.018307052781592482
BusinessTravel_Non.Travel,24,0.009473547389389046,10.407093126555889,0.016778156220877662
YearsInCurrentRole,46,0.009459208615446343,1.3441277641381963,0.09379013403298568
EducationField_Marketing,29,-0.009447908166929257,6.535957789708103,0.02580426860937734
EducationField_Life.Sciences,48,0.00944187370630464,1.1159184836014817,0.10631298928575754
Department_Human.Resources,36,-0.009431799153913154,3.4078538085554153,0.0457115666254235
Age,64,0.00940950461332752,0.2518650022992526,0.2227443296176399
JobRole_Sales.Executive,50,0.009390691547240622,0.9264551296891429,0.11965932261972216
StockOptionLevel,28,0.009380756033408846,7.1732056055193665,0.02370415453768145
NumCompaniesWorked,51,-0.009374895187836818,0.8441514093848925,0.1266017686126627
TotalWorkingYears,65,0.009373100502730127,0.22949000966402106,0.2298041132874453
Department_Sales,31,-0.009351994971210975,5.426266981584696,0.030514019550383013
JobInvolvement,28,0.009308110412766567,7.1732056055193665,0.02370415453768145
BusinessTravel_Travel_Rarely,36,0.009301084573297844,3.4078538085554153,0.0457115666254235
JobRole_Laboratory.Technician,24,-0.009300095670241586,10.407093126555889,0.016778156220877662
JobLevel,30,0.009245288839865062,5.955321313524936,0.02807095472488541
PerformanceRating,36,-0.009190132725791242,3.4078538085554153,0.0457115666254235
JobRole_Sales.Representative,13,-0.009178214197183085,28.958354828943225,0.006275330656700269
JobRole_Manufacturing.Director,22,0.009134003968755336,12.535380514739407,0.014073092201573845
TotalWorkingYears,64,0.009102454252633532,0.2518650022992526,0.2227443296176399
JobRole_Manager,21,0.009097500749375523,13.757564639912209,0.012892289388382489
JobSatisfaction,35,0.00909160128454055,3.7401153478703777,0.042243735256353186
JobRole_Research.Scientist,64,0.009088026402652688,0.2518650022992526,0.2227443296176399
JobRole_Research.Scientist,89,-0.0090622568025851,0.024607461514156204,0.3387857836774415
Department_Research...Development,30,0.009048764099893788,5.955321313524936,0.02807095472488541
MaritalStatus_Divorced,26,0.009046151948514767,8.640151546852218,0.01996496541353593
MaritalStatus_Single,19,-0.009026829497907904,16.571035314113292,0.010786840274429277
Age,63,0.008992667079464556,0.2764215290943355,0.21555239569290216
EducationField_Technical.Degree,25,-0.008975861352009198,9.482555656343228,0.018307052781592482
YearsAtCompany,85,-0.008947921584517828,0.0357012133304691,0.3289250107963617
EducationField_Human.Resources,22,-0.008930165754894371,12.535380514739407,0.014073092201573845
JobRole_Research.Director,19,0.00892164197911274,16.571035314113292,0.010786840274429277
DistanceFromHome,63,-0.008920826429486007,0.2764215290943355,0.21555239569290216
WorkLifeBalance,36,0.008911775247820794,3.4078538085554153,0.0457115666254235
YearsWithCurrManager,45,0.008900814444033737,1.4751785618066122,0.08786918051693175
RelationshipSatisfaction,40,0.00886411202565114,2.3489014410703275,0.06195480370237651
JobRole_Research.Scientist,83,0.008843208156021942,0.04300223784808405,0.32289698885976165
YearsInCurrentRole,45,0.008841104877039012,1.4751785618066122,0.08786918051693175
OverTime_No,16,0.008833848173979229,21.90593345441005,0.008236509993048641
TotalWorkingYears,63,0.0088296268165691,0.2764215290943355,0.21555239569290216
OverTime_Yes,16,-0.008829046004654229,21.90593345441005,0.008236509993048641
TrainingTimesLastYear,43,0.008809577614906191,1.7768578002099231,0.07675218463479885
PercentSalaryHike,81,0.00879141412163215,0.051796347727067434,0.316064069827691
EducationField_Medical,33,0.008740798621289025,4.5049821774860765,0.03596839641967879
EnvironmentSatisfaction,33,0.0087308203213698,4.5049821774860765,0.03596839641967879
JobRole_Human.Resources,26,-0.008719528185139606,8.640151546852218,0.01996496541353593
EducationField_Other,27,0.008714213651455924,7.872584296685375,0.02176089974062768
EducationField_Life.Sciences,47,0.008697168930943593,1.2247191581435093,0.09994174703233644
Department_Human.Resources,87,0.0086943700654195,0.029639774510582882,0.3342002285797351
Department_Human.Resources,35,-0.008692637711206956,3.7401153478703777,0.042243735256353186
MaritalStatus_Married,26,0.008691678857108474,8.640151546852218,0.01996496541353593
BusinessTravel_Travel_Frequently,22,-0.008684551517977116,12.535380514739407,0.014073092201573845
JobRole_Healthcare.Representative,24,0.008672818325908582,10.407093126555889,0.016778156220877662
JobRole_Sales.Executive,49,0.008666462830433333,1.0167833611185435,0.11289062811556416
BusinessTravel_Non.Travel,23,0.008644091495597958,11.421771858766357,0.015369604614057982
EducationField_Marketing,28,-0.008641718390580495,7.1732056055193665,0.02370415453768145
Education,66,-0.008618384964563361,0.2091027497064397,0.23671598444697853
YearsSinceLastPromotion,65,-0.008616571648336516,0.22949000966402106,0.2298041132874453
Age,62,0.008585884583935804,0.30337228693673607,0.20824831262114743
StockOptionLevel,27,0.008581006945975956,7.872584296685375,0.02176089974062768
Department_Sales,30,-0.008576012746374631,5.955321313524936,0.02807095472488541
Gender_Female,53,0.00856430849527423,0.7008293302347044,0.1409300773546337
Gender_Male,53,-0.008564213090463114,0.7008293302347044,0.1409300773546337
TotalWorkingYears,62,0.008555393535091422,0.30337228693673607,0.20824831262114743
BusinessTravel_Travel_Rarely,35,0.008544261756014594,3.7401153478703777,0.042243735256353186
NumCompaniesWorked,50,-0.008523363718894708,0.9264551296891429,0.11965932261972216
JobLevel,29,0.008504746149967712,6.535957789708103,0.02580426860937734
JobRole_Laboratory.Technician,23,-0.008500408143169248,11.421771858766357,0.015369604614057982
JobInvolvement,27,0.008498641059352562,7.872584296685375,0.02176089974062768
PerformanceRating,35,-0.008402728615496244,3.7401153478703777,0.042243735256353186
JobRole_Sales.Representative,12,-0.008373090908185797,31.781758675475068,0.005729209202670494
DistanceFromHome,62,-0.008354892057600805,0.30337228693673607,0.20824831262114743
JobRole_Manufacturing.Director,21,0.008346053354601582,13.757564639912209,0.012892289388382489
JobRole_Manager,20,0.008332610571596488,15.09891020849457,0.011794682731018911
JobSatisfaction,34,0.008305843557485688,4.104771977089372,0.038998859368274345
YearsWithCurrManager,44,0.008304162904612597,1.6190066504645788,0.08218771800792075
Department_Research...Development,29,0.00829437459441121,6.535957789708103,0.02580426860937734
TotalWorkingYears,61,0.008278845155448415,0.33295071039787305,0.20085025136497922
MaritalStatus_Divorced,25,0.008271375358729837,9.482555656343228,0.018307052781592482
YearsInCurrentRole,44,0.00825145294607769,1.6190066504645788,0.08218771800792075
MaritalStatus_Single,18,-0.008240715045462766,18.186690800181175,0.009862019634632825
EducationField_Technical.Degree,24,-0.00819623381309853,10.407093126555889,0.016778156220877662
Age,61,0.008189946823585242,0.33295071039787305,0.20085025136497922
JobRole_Research.Director,18,0.008155916310804324,18.186690800181175,0.009862019634632825
WorkLifeBalance,35,0.008148347434316517,3.7401153478703777,0.042243735256353186
EducationField_Human.Resources,21,-0.008147889319292294,13.757564639912209,0.012892289388382489
PercentSalaryHike,80,0.00810751351259584,0.05684642768750557,0.3123275256589967
RelationshipSatisfaction,39,0.00810182576841989,2.577916431839545,0.05752656232753796
TrainingTimesLastYear,42,0.008092469519970724,1.950099242187098,0.0715670054939172
OverTime_No,15,0.008057128933427459,24.041734923188066,0.007524343918344403
OverTime_Yes,15,-0.008053135600292655,24.041734923188066,0.007524343918344403
EducationField_Medical,32,0.008018031988273734,4.944212378359189,0.03314326871487094
Department_Human.Resources,34,-0.008004148715771736,4.104771977089372,0.038998859368274345
EducationField_Life.Sciences,46,0.008003935196688742,1.3441277641381963,0.09379013403298568
TotalWorkingYears,60,0.00799993795857431,0.3654129936317017,0.19337878178375337
JobRole_Human.Resources,25,-0.007986475875002534,9.482555656343228,0.018307052781592482
JobRole_Sales.Executive,48,0.007980276119093702,1.1159184836014817,0.10631298928575754
EnvironmentSatisfaction,32,0.007974678014133534,4.944212378359189,0.03314326871487094
JobRole_Research.Scientist,63,0.007956447870506984,0.2764215290943355,0.21555239569290216
MaritalStatus_Married,25,0.007948821199842788,9.482555656343228,0.018307052781592482
EducationField_Other,26,0.007948373889627231,8.640151546852218,0.01996496541353593
BusinessTravel_Travel_Frequently,21,-0.00793027172145252,13.757564639912209,0.012892289388382489
JobRole_Healthcare.Representative,23,0.007929091755649868,11.421771858766357,0.015369604614057982
EducationField_Marketing,27,-0.007901661290700353,7.872584296685375,0.02176089974062768
BusinessTravel_Non.Travel,22,0.007886273150379207,12.535380514739407,0.014073092201573845
Department_Sales,29,-0.007860120910401742,6.535957789708103,0.02580426860937734
StockOptionLevel,26,0.007846786282852744,8.640151546852218,0.01996496541353593
BusinessTravel_Travel_Rarely,34,0.007843804625856328,4.104771977089372,0.038998859368274345
JobLevel,28,0.007817679380452558,7.1732056055193665,0.02370415453768145
DistanceFromHome,61,-0.007813164308425114,0.33295071039787305,0.20085025136497922
Age,60,0.007804594519863193,0.3654129936317017,0.19337878178375337
JobRole_Laboratory.Technician,22,-0.007767526733240255,12.535380514739407,0.014073092201573845
JobInvolvement,26,0.007758135058224559,8.640151546852218,0.01996496541353593
NumCompaniesWorked,49,-0.0077444374335097705,1.0167833611185435,0.11289062811556416
YearsWithCurrManager,43,0.007736795677343036,1.7768578002099231,0.07675218463479885
TotalWorkingYears,59,0.0077187837128820805,0.4010403094059146,0.18585556874564121
YearsInCurrentRole,43,0.007690276829795767,1.7768578002099231,0.07675218463479885
PerformanceRating,34,-0.007680136264269192,4.104771977089372,0.038998859368274345
JobRole_Sales.Representative,11,-0.00763776983157906,34.88044091153211,0.005229716269062269
JobRole_Manager,19,0.0076287155273825425,16.571035314113292,0.010786840274429277
Gender_Female,52,0.007623055513359109,0.7691593247539134,0.13369889095342355
Gender_Male,52,-0.007622965659424502,0.7691593247539134,0.13369889095342355
JobRole_Manufacturing.Director,20,0.007622459717926917,15.09891020849457,0.011794682731018911
Department_Research...Development,28,0.00759899962783874,7.1732056055193665,0.02370415453768145
JobSatisfaction,33,0.007586202610969532,4.5049821774860765,0.03596839641967879
MaritalStatus_Divorced,24,0.007560712274596876,10.407093126555889,0.016778156220877662
MaritalStatus_Single,17,-0.007521799792911069,19.95987070160276,0.009013887236348906
EducationField_Technical.Degree,23,-0.007482928347746173,11.421771858766357,0.015369604614057982
JobRole_Research.Director,17,0.007453841744271172,19.95987070160276,0.009013887236348906
PercentSalaryHike,79,0.007450665690030773,0.06238888420972765,0.3083722059616063
WorkLifeBalance,34,0.007448092398668788,4.104771977089372,0.038998859368274345
TotalWorkingYears,58,0.007435640599211596,0.44014124448594455,0.17830319446199555
EducationField_Human.Resources,20,-0.007435098243547282,15.09891020849457,0.011794682731018911
Age,59,0.007429600179109957,0.4010403094059146,0.18585556874564121
TrainingTimesLastYear,41,0.007429176865747011,2.140231510889284,0.06663444590104296
RelationshipSatisfaction,38,0.007403160103268338,2.8292601014881646,0.053346563326138276
Department_Human.Resources,33,-0.007363981596005907,4.5049821774860765,0.03596839641967879
EducationField_Life.Sciences,45,0.007359687131508814,1.4751785618066122,0.08786918051693175
EducationField_Medical,31,0.007351004976147278,5.426266981584696,0.030514019550383013
OverTime_No,14,0.007348052131094935,26.385774398510197,0.00687222038584439
OverTime_Yes,14,-0.00734473188491565,26.385774398510197,0.00687222038584439
YearsAtCompany,84,-0.007339855246382802,0.03918203755679407,0.32600871065873394
JobRole_Sales.Executive,47,0.007333214129576938,1.2247191581435093,0.09994174703233644
JobRole_Human.Resources,24,-0.007311938074824767,10.407093126555889,0.016778156220877662
DistanceFromHome,60,-0.007295940500324488,0.3654129936317017,0.19337878178375337
EnvironmentSatisfaction,31,0.007282523089274351,5.426266981584696,0.030514019550383013
MaritalStatus_Married,24,0.00726713791397503,10.407093126555889,0.016778156220877662
EducationField_Other,25,0.0072490494614136265,9.482555656343228,0.018307052781592482
JobRole_Healthcare.Representative,22,0.0072470671910629565,12.535380514739407,0.014073092201573845
YearsSinceLastPromotion,64,-0.007244735246746173,0.2518650022992526,0.2227443296176399
BusinessTravel_Travel_Frequently,20,-0.007236611055538765,15.09891020849457,0.011794682731018911
Education,65,-0.007230027545107692,0.22949000966402106,0.2298041132874453
EducationField_Marketing,26,-0.007222757830602271,8.640151546852218,0.01996496541353593
Department_Sales,28,-0.007200372505956583,7.1732056055193665,0.02370415453768145
YearsWithCurrManager,42,0.0071985110101765795,1.950099242187098,0.0715670054939172
BusinessTravel_Travel_Rarely,33,0.007196347757399863,4.5049821774860765,0.03596839641967879
BusinessTravel_Non.Travel,21,0.007195474530312354,13.757564639912209,0.012892289388382489
JobLevel,27,0.007181120699795683,7.872584296685375,0.02176089974062768
StockOptionLevel,25,0.0071731643705944415,9.482555656343228,0.018307052781592482
YearsInCurrentRole,42,0.007157469141405882,1.950099242187098,0.0715670054939172
TotalWorkingYears,57,0.00715090226177186,0.48305447246590155,0.17074495106833817
JobRole_Laboratory.Technician,21,-0.007096090404243749,13.757564639912209,0.012892289388382489
JobInvolvement,25,0.0070809616801654806,9.482555656343228,0.018307052781592482
Age,58,0.007064779884481138,0.44014124448594455,0.17830319446199555
NumCompaniesWorked,48,-0.007033078887194567,1.1159184836014817,0.10631298928575754
PerformanceRating,33,-0.007017505292307834,4.5049821774860765,0.03596839641967879
JobRole_Manager,18,0.006981486009511101,18.186690800181175,0.009862019634632825
JobRole_Sales.Representative,10,-0.006966338426513004,38.28124084025998,0.004773020046582687
JobRole_Manufacturing.Director,19,0.006960192862216579,16.571035314113292,0.010786840274429277
Department_Research...Development,27,0.006958660588244639,7.872584296685375,0.02176089974062768
JobSatisfaction,32,0.006927419514485413,4.944212378359189,0.03314326871487094
MaritalStatus_Divorced,23,0.006909224441005728,11.421771858766357,0.015369604614057982
TotalWorkingYears,56,0.006865084949186516,0.5301516871972264,0.16320460471441373
MaritalStatus_Single,16,-0.006864550575352305,21.90593345441005,0.008236509993048641
EducationField_Technical.Degree,22,-0.006830533608441362,12.535380514739407,0.014073092201573845
JobRole_Research.Scientist,62,0.006828319322990631,0.30337228693673607,0.20824831262114743
PercentSalaryHike,78,0.006821704477984871,0.06847172340066532,0.30419410135566793
TrainingTimesLastYear,40,0.0068163378053503025,2.3489014410703275,0.06195480370237651
JobRole_Research.Director,16,0.006810463047506631,21.90593345441005,0.008236509993048641
WorkLifeBalance,33,0.006806151444112559,4.5049821774860765,0.03596839641967879
DistanceFromHome,59,-0.006803355836971464,0.4010403094059146,0.18585556874564121
EducationField_Human.Resources,19,-0.006783789007481774,16.571035314113292,0.010786840274429277
Gender_Female,51,0.006778500035238742,0.8441514093848925,0.1266017686126627
Gender_Male,51,-0.006778419194182342,0.8441514093848925,0.1266017686126627
Department_Human.Resources,32,-0.006769714260631513,4.944212378359189,0.03314326871487094
RelationshipSatisfaction,37,0.006763127712325319,3.105109468642019,0.04941019154362132
EducationField_Life.Sciences,44,0.006761907536547499,1.6190066504645788,0.08218771800792075
EducationField_Medical,30,0.006736056145968752,5.955321313524936,0.02807095472488541
JobRole_Sales.Executive,46,0.006725798198446927,1.3441277641381963,0.09379013403298568
Age,57,0.006710001394309935,0.48305447246590155,0.17074495106833817
OverTime_No,13,0.006700837266125604,28.958354828943225,0.006275330656700269
OverTime_Yes,13,-0.006698077022481478,28.958354828943225,0.006275330656700269
JobRole_Human.Resources,23,-0.006691735765702124,11.421771858766357,0.015369604614057982
YearsWithCurrManager,41,0.0066889765351839684,2.140231510889284,0.06663444590104296
YearsInCurrentRole,41,0.006652774070289925,2.140231510889284,0.06663444590104296
EnvironmentSatisfaction,30,0.0066491849429280965,5.955321313524936,0.02807095472488541
MaritalStatus_Married,23,0.006641976070420952,11.421771858766357,0.015369604614057982
JobRole_Healthcare.Representative,21,0.006622357974542815,13.757564639912209,0.012892289388382489
EducationField_Other,24,0.006610612085084718,10.407093126555889,0.016778156220877662
BusinessTravel_Travel_Frequently,19,-0.006602759302343174,16.571035314113292,0.010786840274429277
EducationField_Marketing,25,-0.006600328279931734,9.482555656343228,0.018307052781592482
JobRole_Research.Scientist,84,0.006599729001691344,0.03918203755679407,0.32600871065873394
BusinessTravel_Travel_Rarely,32,0.006598589639818133,4.944212378359189,0.03314326871487094
Department_Sales,27,-0.006592961203282657,7.872584296685375,0.02176089974062768
JobLevel,26,0.006592128481417341,8.640151546852218,0.01996496541353593
TotalWorkingYears,55,0.006578812703912406,0.5818408222230168,0.15570613377828724
BusinessTravel_Non.Travel,20,0.006563109564639694,15.09891020849457,0.011794682731018911
StockOptionLevel,24,0.006555508990224012,10.407093126555889,0.016778156220877662
YearsAtCompany,62,0.0065269529214196575,0.30337228693673607,0.20824831262114743
YearsAtCompany,63,0.006517616882382652,0.2764215290943355,0.21555239569290216
YearsAtCompany,61,0.006502802538578844,0.33295071039787305,0.20085025136497922
JobRole_Laboratory.Technician,20,-0.006481408384643031,15.09891020849457,0.011794682731018911
YearsAtCompany,64,0.0064726855375892775,0.2518650022992526,0.2227443296176399
JobInvolvement,24,0.006461907800945003,10.407093126555889,0.016778156220877662
YearsAtCompany,60,0.006448120187431964,0.3654129936317017,0.19337878178375337
PerformanceRating,32,-0.006410258244511939,4.944212378359189,0.03314326871487094
YearsAtCompany,65,0.0063875987595492225,0.22949000966402106,0.2298041132874453
JobRole_Manager,17,0.006386813098763406,19.95987070160276,0.009013887236348906
NumCompaniesWorked,47,-0.0063843697548590286,1.2247191581435093,0.09994174703233644
Department_Research...Development,26,0.006369540106930527,8.640151546852218,0.01996496541353593
YearsAtCompany,59,0.006365790383483413,0.4010403094059146,0.18585556874564121
Age,56,0.006365188205509635,0.5301516871972264,0.16320460471441373
JobRole_Manufacturing.Director,18,0.006354288560187071,18.186690800181175,0.009862019634632825
JobRole_Sales.Representative,9,-0.006353361387198963,42.01361456372769,0.004355578754279084
DistanceFromHome,58,-0.006335389925933487,0.44014124448594455,0.17830319446199555
JobSatisfaction,31,0.006324601782774632,5.426266981584696,0.030514019550383013
MaritalStatus_Divorced,22,0.006312293748408916,12.535380514739407,0.014073092201573845
TotalWorkingYears,54,0.00629280064402035,0.6385695841032256,0.14827344551453722
MaritalStatus_Single,15,-0.0062638542998545614,24.041734923188066,0.007524343918344403
YearsAtCompany,66,0.00625977940066943,0.2091027497064397,0.23671598444697853
YearsAtCompany,58,0.006258624735443557,0.44014124448594455,0.17830319446199555
TrainingTimesLastYear,39,0.006250701026446933,2.577916431839545,0.05752656232753796
EducationField_Technical.Degree,21,-0.006234805444767976,13.757564639912209,0.012892289388382489
PercentSalaryHike,77,0.0062213369553459205,0.07514763190341218,0.29979010201004386
JobRole_Research.Director,15,0.00622115648354539,24.041734923188066,0.007524343918344403
Department_Human.Resources,31,-0.006218889710848403,5.426266981584696,0.030514019550383013
WorkLifeBalance,32,0.006217977954404942,4.944212378359189,0.03314326871487094
EducationField_Life.Sciences,43,0.006208087067870198,1.7768578002099231,0.07675218463479885
YearsWithCurrManager,40,0.006207729091696997,2.3489014410703275,0.06195480370237651
EducationField_Human.Resources,18,-0.006188803875803619,18.186690800181175,0.009862019634632825
RelationshipSatisfaction,36,0.0061770768328499,3.4078538085554153,0.0457115666254235
YearsInCurrentRole,40,0.006175797934201465,2.3489014410703275,0.06195480370237651
EducationField_Medical,29,0.0061696628005229745,6.535957789708103,0.02580426860937734
JobRole_Sales.Executive,45,0.006158021579171553,1.4751785618066122,0.08786918051693175
YearsAtCompany,57,0.006129358768091924,0.48305447246590155,0.17074495106833817
JobRole_Human.Resources,22,-0.006121911154934847,12.535380514739407,0.014073092201573845
OverTime_No,12,0.006110179053459661,31.781758675475068,0.005729209202670494
OverTime_Yes,12,-0.006107884637595422,31.781758675475068,0.005729209202670494
YearsAtCompany,67,0.006085970334130005,0.1905266377338469,0.24346486972832568
EnvironmentSatisfaction,29,0.006069871008774336,6.535957789708103,0.02580426860937734
MaritalStatus_Married,22,0.006068972057199005,12.535380514739407,0.014073092201573845
JobRole_Healthcare.Representative,20,0.006049658673032581,15.09891020849457,0.011794682731018911
JobLevel,25,0.0060478120524564295,9.482555656343228,0.018307052781592482
BusinessTravel_Travel_Rarely,31,0.006047317754700555,5.426266981584696,0.030514019550383013
Department_Sales,26,-0.006034238325831985,8.640151546852218,0.01996496541353593
Age,55,0.006030319551703545,0.5818408222230168,0.15570613377828724
EducationField_Marketing,24,-0.006029987585400682,10.407093126555889,0.016778156220877662
EducationField_Other,23,0.006027881381605864,11.421771858766357,0.015369604614057982
BusinessTravel_Travel_Frequently,18,-0.006023704727696263,18.186690800181175,0.009862019634632825
Gender_Female,50,0.0060231071476431796,0.9264551296891429,0.11965932261972216
Gender_Male,50,-0.00602303674465767,0.9264551296891429,0.11965932261972216
TotalWorkingYears,53,0.006007836530634928,0.7008293302347044,0.1409300773546337
YearsSinceLastPromotion,63,-0.00599915778968302,0.2764215290943355,0.21555239569290216
StockOptionLevel,23,0.005989480200702196,11.421771858766357,0.015369604614057982
BusinessTravel_Non.Travel,19,0.0059857624801053205,16.571035314113292,0.010786840274429277
YearsAtCompany,56,0.005980648291159908,0.5301516871972264,0.16320460471441373
Education,64,-0.005933760794274086,0.2518650022992526,0.2227443296176399
JobRole_Laboratory.Technician,19,-0.005918781682457078,16.571035314113292,0.010786840274429277
JobInvolvement,23,0.0058961543353894495,11.421771858766357,0.015369604614057982
DistanceFromHome,57,-0.005891875493646837,0.48305447246590155,0.17074495106833817
YearsAtCompany,68,0.005862842182553838,0.1736007763509893,0.250037252376955
PerformanceRating,31,-0.00585409292554237,5.426266981584696,0.030514019550383013
JobRole_Manager,16,0.005840812108876251,21.90593345441005,0.008236509993048641
YearsAtCompany,83,-0.0058392028714803965,0.04300223784808405,0.32289698885976165
Department_Research...Development,25,0.005827995131937303,9.482555656343228,0.018307052781592482
YearsAtCompany,55,0.005815065025619907,0.5818408222230168,0.15570613377828724
JobRole_Manufacturing.Director,17,0.005800145691184094,19.95987070160276,0.009013887236348906
JobRole_Sales.Representative,8,-0.005793846167917005,46.10989011759222,0.003974122877097274
NumCompaniesWorked,46,-0.005793553351938813,1.3441277641381963,0.09379013403298568
Department_Human.Resources,85,-0.005776169614777702,0.0357012133304691,0.3289250107963617
JobSatisfaction,30,0.00577320684834539,5.955321313524936,0.02807095472488541
MaritalStatus_Divorced,21,0.005765939280335947,13.757564639912209,0.012892289388382489
YearsWithCurrManager,39,0.0057541834125445545,2.577916431839545,0.05752656232753796
TrainingTimesLastYear,38,0.0057291377338143665,2.8292601014881646,0.053346563326138276
YearsInCurrentRole,39,0.00572601837620235,2.577916431839545,0.05752656232753796
TotalWorkingYears,52,0.005724760987677144,0.7691593247539134,0.13369889095342355
JobRole_Research.Scientist,61,0.005719213872094399,0.33295071039787305,0.20085025136497922
MaritalStatus_Single,14,-0.00571499213263198,26.385774398510197,0.00687222038584439
Department_Human.Resources,30,-0.0057090475250727146,5.955321313524936,0.02807095472488541
Age,54,0.005705426608324271,0.6385695841032256,0.14827344551453722
EducationField_Life.Sciences,42,0.00569571511709063,1.950099242187098,0.0715670054939172
EducationField_Technical.Degree,20,-0.005689464572650768,15.09891020849457,0.011794682731018911
JobRole_Research.Director,14,0.005681616529156562,26.385774398510197,0.00687222038584439
WorkLifeBalance,31,0.005679328031410651,5.426266981584696,0.030514019550383013
PercentSalaryHike,76,0.0056501457708613865,0.08247443324372147,0.29515809049346203
EducationField_Medical,28,0.00564845334270355,7.1732056055193665,0.02370415453768145
EducationField_Human.Resources,17,-0.00564539367742303,19.95987070160276,0.009013887236348906
RelationshipSatisfaction,35,0.005640678780128596,3.7401153478703777,0.042243735256353186
YearsAtCompany,54,0.005635091255742181,0.6385695841032256,0.14827344551453722
JobRole_Sales.Executive,44,0.005629396638095078,1.6190066504645788,0.08218771800792075
JobRole_Human.Resources,21,-0.005593947976031423,13.757564639912209,0.012892289388382489
YearsAtCompany,69,0.005586996458926282,0.15817856184375606,0.25642120490941533
OverTime_No,11,0.005571211583770335,34.88044091153211,0.005229716269062269
OverTime_Yes,11,-0.0055693045904858735,34.88044091153211,0.005229716269062269
MaritalStatus_Married,21,0.005549805200303991,13.757564639912209,0.012892289388382489
JobLevel,24,0.005545352162561385,10.407093126555889,0.016778156220877662
EnvironmentSatisfaction,28,0.00554014571042109,7.1732056055193665,0.02370415453768145
BusinessTravel_Travel_Rarely,30,0.005539428062203251,5.955321313524936,0.02807095472488541
JobRole_Healthcare.Representative,19,0.005525260319841819,16.571035314113292,0.010786840274429277
Department_Sales,25,-0.005520724762024531,9.482555656343228,0.018307052781592482
EducationField_Marketing,23,-0.005507638010427366,11.421771858766357,0.015369604614057982
EducationField_Other,22,0.005496094707170811,12.535380514739407,0.014073092201573845
BusinessTravel_Travel_Frequently,17,-0.005494831175340402,19.95987070160276,0.009013887236348906
DistanceFromHome,56,-0.0054725090145444875,0.5301516871972264,0.16320460471441373
StockOptionLevel,22,0.005471022640311364,12.535380514739407,0.014073092201573845
BusinessTravel_Non.Travel,18,0.005458741135546943,18.186690800181175,0.009862019634632825
TotalWorkingYears,51,0.005444446898719871,0.8441514093848925,0.1266017686126627
YearsAtCompany,53,0.005443113407216396,0.7008293302347044,0.1409300773546337
JobRole_Laboratory.Technician,18,-0.005403991848428796,18.186690800181175,0.009862019634632825
Age,53,0.005390585433826226,0.7008293302347044,0.1409300773546337
JobInvolvement,22,0.005379252622495332,12.535380514739407,0.014073092201573845
JobRole_Research.Scientist,88,-0.005366647800299801,0.027006658633704324,0.33657437421617786
Gender_Female,49,0.005349377670285655,1.0167833611185435,0.11289062811556416
Gender_Male,49,-0.00534931786003913,1.0167833611185435,0.11289062811556416
PerformanceRating,30,-0.0053449803714348074,5.955321313524936,0.02807095472488541
JobRole_Manager,15,0.005339822905036038,24.041734923188066,0.007524343918344403
Department_Research...Development,24,0.005330565388945783,10.407093126555889,0.016778156220877662
YearsWithCurrManager,38,0.005327643276884244,2.8292601014881646,0.053346563326138276
YearsInCurrentRole,38,0.00530279599778912,2.8292601014881646,0.053346563326138276
JobRole_Manufacturing.Director,16,0.005293506206427317,21.90593345441005,0.008236509993048641
JobRole_Sales.Representative,7,-0.00528321028127224,50.60554748107793,0.0036256377505363424
JobSatisfaction,29,0.005269024584446953,6.535957789708103,0.02580426860937734
MaritalStatus_Divorced,20,0.005265443060304032,15.09891020849457,0.011794682731018911
NumCompaniesWorked,45,-0.00525606862694849,1.4751785618066122,0.08786918051693175
YearsAtCompany,70,0.005254969799098872,0.14412641436794113,0.26260639827158394
TrainingTimesLastYear,37,0.0052486506677800505,3.105109468642019,0.04941019154362132
YearsAtCompany,52,0.005241414621073694,0.7691593247539134,0.13369889095342355
Department_Human.Resources,29,-0.005237750460259606,6.535957789708103,0.02580426860937734
EducationField_Life.Sciences,41,0.005222319809732603,2.140231510889284,0.06663444590104296
MaritalStatus_Single,13,-0.005213614174927902,28.958354828943225,0.006275330656700269
EducationField_Technical.Degree,19,-0.005191145734938308,16.571035314113292,0.010786840274429277
JobRole_Research.Director,13,0.005187841541399521,28.958354828943225,0.006275330656700269
WorkLifeBalance,30,0.005186249290184407,5.955321313524936,0.02807095472488541
EducationField_Medical,27,0.0051692157918902144,7.872584296685375,0.02176089974062768
TotalWorkingYears,50,0.0051677786188380715,0.9264551296891429,0.11965932261972216
RelationshipSatisfaction,34,0.005149913826992274,4.104771977089372,0.038998859368274345
EducationField_Human.Resources,16,-0.005149189459054606,21.90593345441005,0.008236509993048641
JobRole_Sales.Executive,43,0.005139033497837908,1.7768578002099231,0.07675218463479885
JobRole_Human.Resources,20,-0.005114723649370296,15.09891020849457,0.011794682731018911
PercentSalaryHike,75,0.005108589350836596,0.09051558866972378,0.2902970347206943
Age,52,0.00508590736230494,0.7691593247539134,0.13369889095342355
JobLevel,23,0.005082017475840171,11.421771858766357,0.015369604614057982
OverTime_No,10,0.0050794746161187026,38.28124084025998,0.004773020046582687
OverTime_Yes,10,-0.005077889785721078,38.28124084025998,0.004773020046582687
DistanceFromHome,55,-0.005076862906765692,0.5818408222230168,0.15570613377828724
BusinessTravel_Travel_Rarely,29,0.005071939599890592,6.535957789708103,0.02580426860937734
MaritalStatus_Married,20,0.005068196884869934,15.09891020849457,0.011794682731018911
EnvironmentSatisfaction,27,0.005055909417354099,7.872584296685375,0.02176089974062768
Department_Sales,24,-0.005049118513964777,10.407093126555889,0.016778156220877662
JobRole_Healthcare.Representative,18,0.00504529162707929,18.186690800181175,0.009862019634632825
YearsAtCompany,51,0.005032166561846529,0.8441514093848925,0.1266017686126627
EducationField_Marketing,22,-0.0050294596814226015,12.535380514739407,0.014073092201573845
BusinessTravel_Travel_Frequently,16,-0.005011890987932624,21.90593345441005,0.008236509993048641
EducationField_Other,21,0.005011629036789523,13.757564639912209,0.012892289388382489
StockOptionLevel,21,0.005002089685969054,13.757564639912209,0.012892289388382489
BusinessTravel_Non.Travel,17,0.0049777374119473255,19.95987070160276,0.009013887236348906
JobRole_Laboratory.Technician,17,-0.004933132493140803,19.95987070160276,0.009013887236348906
YearsWithCurrManager,37,0.0049273144367239655,3.105109468642019,0.04941019154362132
JobInvolvement,21,0.004907845351262993,13.757564639912209,0.012892289388382489
YearsInCurrentRole,37,0.004905387739560344,3.105109468642019,0.04941019154362132
TotalWorkingYears,49,0.004895631690965644,1.0167833611185435,0.11289062811556416
JobRole_Manager,14,0.004880407563580057,26.385774398510197,0.00687222038584439
PerformanceRating,29,-0.004879159394863988,6.535957789708103,0.02580426860937734
Department_Research...Development,23,0.0048739779575580015,11.421771858766357,0.015369604614057982
YearsSinceLastPromotion,62,-0.004872478941930049,0.30337228693673607,0.20824831262114743
YearsAtCompany,71,0.004863237988657915,0.13132262094453628,0.2685840919729863
JobRole_Manufacturing.Director,15,0.004830435033519983,24.041734923188066,0.007524343918344403
YearsAtCompany,50,0.004817420836040342,0.9264551296891429,0.11965932261972216
JobRole_Sales.Representative,6,-0.004817250417852551,55.53952588758326,0.0033073466413106913
JobSatisfaction,28,0.004808159292840635,7.1732056055193665,0.02370415453768145
MaritalStatus_Divorced,19,0.00480746464975478,16.571035314113292,0.010786840274429277
TrainingTimesLastYear,36,0.0048063804593375566,3.4078538085554153,0.0457115666254235
Department_Human.Resources,28,-0.004802606488630602,7.1732056055193665,0.02370415453768145
Age,51,0.004791527667234332,0.8441514093848925,0.1266017686126627
EducationField_Life.Sciences,40,0.004785478958220607,2.3489014410703275,0.06195480370237651
NumCompaniesWorked,44,-0.004767577358276268,1.6190066504645788,0.08218771800792075
MaritalStatus_Single,12,-0.004755714855684219,31.781758675475068,0.005729209202670494
Gender_Female,48,0.004749972625855525,1.1159184836014817,0.10631298928575754
Gender_Male,48,-0.004749922819895936,1.1159184836014817,0.10631298928575754
JobRole_Research.Director,12,0.004736118732587706,31.781758675475068,0.005729209202670494
EducationField_Technical.Degree,18,-0.004735907379975288,18.186690800181175,0.009862019634632825
WorkLifeBalance,29,0.004735068328960449,6.535957789708103,0.02580426860937734
Education,63,-0.004730699568538265,0.2764215290943355,0.21555239569290216
EducationField_Medical,26,0.00472890298047231,8.640151546852218,0.01996496541353593
DistanceFromHome,54,-0.004704398904958812,0.6385695841032256,0.14827344551453722
RelationshipSatisfaction,33,0.0047010559988104736,4.5049821774860765,0.03596839641967879
EducationField_Human.Resources,15,-0.004696175420465052,24.041734923188066,0.007524343918344403
JobRole_Sales.Executive,42,0.004685680913487603,1.950099242187098,0.0715670054939172
JobRole_Human.Resources,19,-0.004675181059776805,16.571035314113292,0.010786840274429277
JobLevel,22,0.004655177428858086,12.535380514739407,0.014073092201573845
BusinessTravel_Travel_Rarely,28,0.004642004868729613,7.1732056055193665,0.02370415453768145
JobRole_Research.Scientist,60,0.004641740262840994,0.3654129936317017,0.19337878178375337
OverTime_No,9,0.004630881984546985,42.01361456372769,0.004355578754279084
OverTime_Yes,9,-0.004629565011378484,42.01361456372769,0.004355578754279084
TotalWorkingYears,48,0.004628853743537869,1.1159184836014817,0.10631298928575754
MaritalStatus_Married,19,0.004627469207611369,16.571035314113292,0.010786840274429277
Department_Sales,23,-0.004616298584054076,11.421771858766357,0.015369604614057982
EnvironmentSatisfaction,26,0.0046133776687493,8.640151546852218,0.01996496541353593
JobRole_Healthcare.Representative,17,0.00460615815695489,19.95987070160276,0.009013887236348906
YearsAtCompany,49,0.004599100485286664,1.0167833611185435,0.11289062811556416
PercentSalaryHike,74,0.0045970010557774095,0.0993407468228991,0.2852070720866199
EducationField_Marketing,21,-0.004593976259372623,13.757564639912209,0.012892289388382489
BusinessTravel_Travel_Frequently,15,-0.004570979051364685,24.041734923188066,0.007524343918344403
EducationField_Other,20,0.004568835651807627,15.09891020849457,0.011794682731018911
StockOptionLevel,20,0.004566744908650107,15.09891020849457,0.011794682731018911
YearsWithCurrManager,36,0.004552318666685967,3.4078538085554153,0.0457115666254235
BusinessTravel_Non.Travel,16,0.0045387985659009105,21.90593345441005,0.008236509993048641
YearsInCurrentRole,36,0.004532961362652222,3.4078538085554153,0.0457115666254235
Age,50,0.0045075933403861766,0.9264551296891429,0.11965932261972216
JobRole_Laboratory.Technician,16,-0.004502590802923622,21.90593345441005,0.008236509993048641
JobInvolvement,20,0.004476534128076416,15.09891020849457,0.011794682731018911
JobRole_Manager,13,0.004459345884577754,28.958354828943225,0.006275330656700269
Department_Research...Development,22,0.004455148640202774,12.535380514739407,0.014073092201573845
PerformanceRating,28,-0.004453128516708049,7.1732056055193665,0.02370415453768145
YearsAtCompany,82,-0.004443793910855383,0.04719490295171102,0.3195831771275536
YearsAtCompany,72,0.004408219222418491,0.11965628124013335,0.27434710687085806
JobRole_Manufacturing.Director,14,0.004407300183997877,26.385774398510197,0.00687222038584439
Department_Human.Resources,27,-0.004401286641642127,7.872584296685375,0.02176089974062768
TrainingTimesLastYear,35,0.00439960962655332,3.7401153478703777,0.042243735256353186
JobRole_Sales.Representative,5,-0.004392113399382067,60.954561097692256,0.0030166944356545557
MaritalStatus_Divorced,18,0.0043885458400163635,18.186690800181175,0.009862019634632825
JobSatisfaction,27,0.004387011497878888,7.872584296685375,0.02176089974062768
EducationField_Life.Sciences,39,0.004382834709220899,2.577916431839545,0.05752656232753796
YearsAtCompany,48,0.0043789920513227654,1.1159184836014817,0.10631298928575754
TotalWorkingYears,47,0.004368247176649192,1.2247191581435093,0.09994174703233644
DistanceFromHome,53,-0.004354482202701928,0.7008293302347044,0.1409300773546337
MaritalStatus_Single,11,-0.004337609210786071,34.88044091153211,0.005229716269062269
EducationField_Medical,25,0.004324634927731698,9.482555656343228,0.018307052781592482
NumCompaniesWorked,43,-0.004323975858436608,1.7768578002099231,0.07675218463479885
JobRole_Research.Director,11,0.004323008760316791,34.88044091153211,0.005229716269062269
WorkLifeBalance,28,0.004322377307879859,7.1732056055193665,0.02370415453768145
EducationField_Technical.Degree,17,-0.004320119524021327,19.95987070160276,0.009013887236348906
RelationshipSatisfaction,32,0.004290657241570422,4.944212378359189,0.03314326871487094
EducationField_Human.Resources,14,-0.0042826632009839985,26.385774398510197,0.00687222038584439
JobLevel,21,0.004275877779912206,13.757564639912209,0.012892289388382489
JobRole_Human.Resources,18,-0.0042722581050206425,18.186690800181175,0.009862019634632825
JobRole_Sales.Executive,41,0.004267819112965324,2.140231510889284,0.06663444590104296
BusinessTravel_Travel_Rarely,27,0.0042469166360546585,7.872584296685375,0.02176089974062768
Age,49,0.004234250785103231,1.0167833611185435,0.11289062811556416
MaritalStatus_Married,18,0.004224305311160752,18.186690800181175,0.009862019634632825
OverTime_No,8,0.004221692074453546,46.10989011759222,0.003974122877097274
OverTime_Yes,8,-0.004220597777686771,46.10989011759222,0.003974122877097274
Department_Sales,22,-0.004219325848801557,12.535380514739407,0.014073092201573845
Gender_Female,47,0.004217817735903284,1.2247191581435093,0.09994174703233644
Gender_Male,47,-0.00421777695301241,1.2247191581435093,0.09994174703233644
EnvironmentSatisfaction,25,0.004209060871057125,9.482555656343228,0.018307052781592482
JobRole_Healthcare.Representative,16,0.00420452813674526,21.90593345441005,0.008236509993048641
YearsWithCurrManager,35,0.004201708350541026,3.7401153478703777,0.042243735256353186
EducationField_Marketing,20,-0.0041933900501231755,15.09891020849457,0.011794682731018911
YearsInCurrentRole,35,0.0041846104471617565,3.7401153478703777,0.042243735256353186
StockOptionLevel,19,0.0041685658051888825,16.571035314113292,0.010786840274429277
BusinessTravel_Travel_Frequently,14,-0.004168508059999799,26.385774398510197,0.00687222038584439
EducationField_Other,19,0.004164941963556537,16.571035314113292,0.010786840274429277
YearsAtCompany,47,0.0041587386906109984,1.2247191581435093,0.09994174703233644
BusinessTravel_Non.Travel,15,0.004138300227398202,24.041734923188066,0.007524343918344403
PercentSalaryHike,73,0.004115671693635831,0.10902634700129,0.2798897828206845
TotalWorkingYears,46,0.004114554131549216,1.3441277641381963,0.09379013403298568
JobRole_Laboratory.Technician,15,-0.004109029438794606,24.041734923188066,0.007524343918344403
JobInvolvement,19,0.004082744277854674,16.571035314113292,0.010786840274429277
Department_Research...Development,21,0.004079334648331899,13.757564639912209,0.012892289388382489
JobRole_Manager,12,0.004073629211308609,31.781758675475068,0.005729209202670494
PerformanceRating,27,-0.004063635975384475,7.872584296685375,0.02176089974062768
JobRole_Research.Scientist,85,0.0040598411539777635,0.0357012133304691,0.3289250107963617
Department_Human.Resources,26,-0.004031539065378624,8.640151546852218,0.01996496541353593
DistanceFromHome,52,-0.004026395961424647,0.7691593247539134,0.13369889095342355
TrainingTimesLastYear,34,0.004025764512196682,4.104771977089372,0.038998859368274345
JobRole_Manufacturing.Director,13,0.004020753272643998,28.958354828943225,0.006275330656700269
EducationField_Life.Sciences,38,0.004012105909593372,2.8292601014881646,0.053346563326138276
MaritalStatus_Divorced,17,0.004005484145225548,19.95987070160276,0.009013887236348906
JobRole_Sales.Representative,4,-0.004004268949311204,66.89755555588832,0.0027513320142041387
JobSatisfaction,26,0.004002259823598828,8.640151546852218,0.01996496541353593
Age,48,0.003971634125013283,1.1159184836014817,0.10631298928575754
MaritalStatus_Single,10,-0.0039559101701779524,38.28124084025998,0.004773020046582687
EducationField_Medical,24,0.0039536988535215966,10.407093126555889,0.016778156220877662
JobRole_Research.Director,10,0.003945330189168995,38.28124084025998,0.004773020046582687
WorkLifeBalance,27,0.003945019995541327,7.872584296685375,0.02176089974062768
EducationField_Technical.Degree,16,-0.003940442288028834,21.90593345441005,0.008236509993048641
YearsAtCompany,46,0.003939834754544674,1.3441277641381963,0.09379013403298568
NumCompaniesWorked,42,-0.003921416546315798,1.950099242187098,0.0715670054939172
RelationshipSatisfaction,31,0.003915531331001748,5.426266981584696,0.030514019550383013
JobLevel,20,0.003912418564832894,15.09891020849457,0.011794682731018911
EducationField_Human.Resources,13,-0.0039052675556593415,28.958354828943225,0.006275330656700269
JobRole_Human.Resources,17,-0.003903092522169267,19.95987070160276,0.009013887236348906
YearsAtCompany,73,0.0038862764489299632,0.10902634700129,0.2798897828206845
BusinessTravel_Travel_Rarely,26,0.00388411173198224,8.640151546852218,0.01996496541353593
JobRole_Sales.Executive,40,0.003883721329647935,2.3489014410703275,0.06195480370237651
YearsWithCurrManager,34,0.003874481096010317,4.104771977089372,0.038998859368274345
TotalWorkingYears,45,0.0038684441002122443,1.4751785618066122,0.08786918051693175
JobRole_Research.Scientist,43,-0.003864216797291838,1.7768578002099231,0.07675218463479885
Department_Sales,21,-0.0038605929567230453,13.757564639912209,0.012892289388382489
YearsSinceLastPromotion,61,-0.003859815914367357,0.33295071039787305,0.20085025136497922
YearsInCurrentRole,34,0.0038593694006745717,4.104771977089372,0.038998859368274345
MaritalStatus_Married,17,0.0038556315595629285,19.95987070160276,0.009013887236348906
JobRole_Research.Scientist,44,-0.003853686407015118,1.6190066504645788,0.08218771800792075
OverTime_No,7,0.0038484803055816737,50.60554748107793,0.0036256377505363424
OverTime_Yes,7,-0.003847571103151991,50.60554748107793,0.0036256377505363424
EnvironmentSatisfaction,24,0.0038397446261203595,10.407093126555889,0.016778156220877662
JobRole_Research.Scientist,42,-0.003838461155401056,1.950099242187098,0.0715670054939172
JobRole_Healthcare.Representative,15,0.0038373179918479456,24.041734923188066,0.007524343918344403
EducationField_Marketing,19,-0.003827124339247373,16.571035314113292,0.010786840274429277
StockOptionLevel,18,0.0038045011835684617,18.186690800181175,0.009862019634632825
JobRole_Research.Scientist,45,-0.003801553987071814,1.4751785618066122,0.08786918051693175
BusinessTravel_Travel_Frequently,13,-0.003801185062962032,28.958354828943225,0.006275330656700269
EducationField_Other,18,0.00379657201245084,18.186690800181175,0.009862019634632825
JobRole_Research.Scientist,41,-0.0037816084350100975,2.140231510889284,0.06663444590104296
BusinessTravel_Non.Travel,14,0.0037729210410985246,26.385774398510197,0.00687222038584439
JobRole_Laboratory.Technician,14,-0.0037493689323211655,26.385774398510197,0.00687222038584439
Gender_Female,46,0.003746186494400529,1.3441277641381963,0.09379013403298568
Gender_Male,46,-0.003746153586314157,1.3441277641381963,0.09379013403298568
Department_Research...Development,20,0.0037261657316337658,15.09891020849457,0.011794682731018911
YearsAtCompany,45,0.0037236221607826717,1.4751785618066122,0.08786918051693175
JobInvolvement,18,0.0037232771839401076,18.186690800181175,0.009862019634632825
JobRole_Manager,11,0.003720452953743436,34.88044091153211,0.005229716269062269
Age,47,0.003719854695948221,1.2247191581435093,0.09994174703233644
DistanceFromHome,51,-0.003719355806360842,0.8441514093848925,0.1266017686126627
PerformanceRating,26,-0.0037076683921393834,8.640151546852218,0.01996496541353593
JobRole_Research.Scientist,46,-0.0037023570428514553,1.3441277641381963,0.09379013403298568
JobRole_Research.Scientist,40,-0.003698604664371276,2.3489014410703275,0.06195480370237651
Department_Human.Resources,25,-0.003691199705554828,9.482555656343228,0.018307052781592482
TrainingTimesLastYear,33,0.003682415451342341,4.5049821774860765,0.03596839641967879
EducationField_Life.Sciences,37,0.0036710981500776793,3.105109468642019,0.04941019154362132
JobRole_Manufacturing.Director,12,0.003667710609803337,31.781758675475068,0.005729209202670494
PercentSalaryHike,72,0.003664571094454037,0.11965628124013335,0.27434710687085806
MaritalStatus_Divorced,16,0.003655318204907142,21.90593345441005,0.008236509993048641
JobSatisfaction,25,0.0036508431736946997,9.482555656343228,0.018307052781592482
JobRole_Sales.Representative,3,-0.003650484263472025,73.41998463709056,0.002509102196274422
TotalWorkingYears,44,0.00363051427038609,1.6190066504645788,0.08218771800792075
Education,62,-0.003626474485377746,0.30337228693673607,0.20824831262114743
EducationField_Medical,23,0.003613547253507092,11.421771858766357,0.015369604614057982
MaritalStatus_Single,9,-0.0036075069342072254,42.01361456372769,0.004355578754279084
JobRole_Research.Scientist,59,0.003607011762245698,0.4010403094059146,0.18585556874564121
JobRole_Research.Director,9,0.0036001440351615885,42.01361456372769,0.004355578754279084
WorkLifeBalance,26,0.003600077576624813,8.640151546852218,0.01996496541353593
JobRole_Research.Scientist,39,-0.003594089476674848,2.577916431839545,0.05752656232753796
EducationField_Technical.Degree,15,-0.003593805363540199,24.041734923188066,0.007524343918344403
JobLevel,19,0.0035785849253957666,16.571035314113292,0.010786840274429277
RelationshipSatisfaction,30,0.0035727378129785385,5.955321313524936,0.02807095472488541
YearsWithCurrManager,33,0.003569593954547658,4.5049821774860765,0.03596839641967879
JobRole_Human.Resources,16,-0.0035650149189332863,21.90593345441005,0.008236509993048641
EducationField_Human.Resources,12,-0.0035608834338584274,31.781758675475068,0.005729209202670494
NumCompaniesWorked,41,-0.0035563051293595973,2.140231510889284,0.06663444590104296
YearsInCurrentRole,33,0.003556228054269073,4.5049821774860765,0.03596839641967879
BusinessTravel_Travel_Rarely,25,0.0035511723582878955,9.482555656343228,0.018307052781592482
JobRole_Research.Scientist,47,-0.003550759022878593,1.2247191581435093,0.09994174703233644
JobRole_Sales.Executive,39,0.0035315175111816292,2.577916431839545,0.05752656232753796
Department_Sales,20,-0.0035263624284578147,15.09891020849457,0.011794682731018911
MaritalStatus_Married,16,0.0035186041823216997,21.90593345441005,0.008236509993048641
YearsAtCompany,44,0.0035112980674174843,1.6190066504645788,0.08218771800792075
OverTime_No,6,0.0035081135446643924,55.53952588758326,0.0033073466413106913
OverTime_Yes,6,-0.003507358180674335,55.53952588758326,0.0033073466413106913
EnvironmentSatisfaction,23,0.003502470805531351,11.421771858766357,0.015369604614057982
JobRole_Healthcare.Representative,14,0.0035016778326960912,26.385774398510197,0.00687222038584439
EducationField_Marketing,18,-0.0034923421742567833,18.186690800181175,0.009862019634632825
Age,46,0.003478992137692187,1.3441277641381963,0.09379013403298568
JobRole_Research.Scientist,38,-0.0034723498770059527,2.8292601014881646,0.053346563326138276
StockOptionLevel,17,0.003471729774223715,19.95987070160276,0.009013887236348906
BusinessTravel_Travel_Frequently,12,-0.0034659893212838594,31.781758675475068,0.005729209202670494
EducationField_Other,17,0.0034606349752539078,19.95987070160276,0.009013887236348906
BusinessTravel_Non.Travel,13,0.0034396189277656457,28.958354828943225,0.006275330656700269
DistanceFromHome,50,-0.003432523969040404,0.9264551296891429,0.11965932261972216
JobRole_Laboratory.Technician,13,-0.0034207706703968804,28.958354828943225,0.006275330656700269
Department_Research...Development,19,0.0034028327011339844,16.571035314113292,0.010786840274429277
TotalWorkingYears,43,0.0034012404998777328,1.7768578002099231,0.07675218463479885
JobRole_Manager,10,0.0033972081586876243,38.28124084025998,0.004773020046582687
JobInvolvement,17,0.0033951956309319384,19.95987070160276,0.009013887236348906
PerformanceRating,25,-0.003382438567758349,9.482555656343228,0.018307052781592482
Department_Human.Resources,24,-0.003378200038961132,10.407093126555889,0.016778156220877662
TrainingTimesLastYear,32,0.003367275441711287,4.944212378359189,0.03314326871487094
EducationField_Life.Sciences,36,0.0033577115330063493,3.4078538085554153,0.0457115666254235
JobRole_Manufacturing.Director,11,0.003345334987445391,34.88044091153211,0.005229716269062269
JobRole_Research.Scientist,48,-0.003341585801330036,1.1159184836014817,0.10631298928575754
JobRole_Research.Scientist,37,-0.00333729007566055,3.105109468642019,0.04941019154362132
MaritalStatus_Divorced,15,0.003335313248899997,24.041734923188066,0.007524343918344403
JobSatisfaction,24,0.003329943385043175,10.407093126555889,0.016778156220877662
Gender_Female,45,0.0033287617143524027,1.4751785618066122,0.08786918051693175
Gender_Male,45,-0.0033287355067191603,1.4751785618066122,0.08786918051693175
JobRole_Sales.Representative,2,-0.0033277306002415484,80.57834250172604,0.002287629234061474
YearsAtCompany,43,0.003303875661518793,1.7768578002099231,0.07675218463479885
EducationField_Medical,22,0.003301794420610001,12.535380514739407,0.014073092201573845
YearsAtCompany,74,0.0032950751020603733,0.0993407468228991,0.2852070720866199
MaritalStatus_Single,8,-0.0032895444880040197,46.10989011759222,0.003974122877097274
YearsWithCurrManager,32,0.0032859769095802994,4.944212378359189,0.03314326871487094
WorkLifeBalance,25,0.0032848544565902437,9.482555656343228,0.018307052781592482
JobRole_Research.Director,8,0.003284738563269943,46.10989011759222,0.003974122877097274
EducationField_Technical.Degree,14,-0.0032773884734186567,26.385774398510197,0.00687222038584439
YearsInCurrentRole,32,0.0032741455093939407,4.944212378359189,0.03314326871487094
HourlyRate,94,0.0032741140463095238,0.015454202995262095,0.3476323679042937
HourlyRate,95,0.0032738703631075214,0.01408129419473126,0.34901816324757234
JobLevel,18,0.0032721689236832074,18.186690800181175,0.009862019634632825
HourlyRate,93,0.003271953231730501,0.01696096870897924,0.34612886181282204
HourlyRate,96,0.0032714216265314284,0.012830350828144373,0.35029496581932634
HourlyRate,97,0.0032672313690148037,0.011690537822500678,0.35146768034404935
HourlyRate,92,0.0032670849307420203,0.01861464221967107,0.344500061431348
HourlyRate,98,0.0032614598401350956,0.010651982662822088,0.3525440401067922
RelationshipSatisfaction,29,0.0032595661992640785,6.535957789708103,0.02580426860937734
HourlyRate,91,0.003259201288620211,0.020429546856183922,0.34273819803571226
JobRole_Human.Resources,15,-0.003255540923141216,24.041734923188066,0.007524343918344403
HourlyRate,99,0.0032543651632238333,0.009705689881151381,0.35353045399695915
Age,45,0.003249087346241789,1.4751785618066122,0.08786918051693175
HourlyRate,90,0.0032479881827320524,0.0224214024542444,0.34083549706942634
EducationField_Human.Resources,11,-0.003246664452497578,34.88044091153211,0.005229716269062269
HourlyRate,100,0.0032460858185258505,0.008843463142112108,0.35443528922548545
BusinessTravel_Travel_Rarely,24,0.0032458253704695087,10.407093126555889,0.016778156220877662
PercentSalaryHike,71,0.003243598719515033,0.13132262094453628,0.2685840919729863
HourlyRate,89,0.003233172242715654,0.024607461514156204,0.3387857836774415
NumCompaniesWorked,40,-0.0032253027942300847,2.3489014410703275,0.06195480370237651
Department_Sales,19,-0.0032203670051215287,16.571035314113292,0.010786840274429277
HourlyRate,88,0.0032144171166158136,0.027006658633704324,0.33657437421617786
MaritalStatus_Married,15,0.003210595818538062,24.041734923188066,0.007524343918344403
JobRole_Sales.Executive,38,0.0032092512774106957,2.8292601014881646,0.053346563326138276
OverTime_No,5,0.003197726361225744,60.954561097692256,0.0030166944356545557
OverTime_Yes,5,-0.0031970988451518003,60.954561097692256,0.0030166944356545557
JobRole_Healthcare.Representative,13,0.0031949770859004537,28.958354828943225,0.006275330656700269
EnvironmentSatisfaction,22,0.0031945194543429555,12.535380514739407,0.014073092201573845
JobRole_Research.Scientist,36,-0.0031924157606301098,3.4078538085554153,0.0457115666254235
HourlyRate,87,0.0031914893056603564,0.029639774510582882,0.3342002285797351
EducationField_Marketing,17,-0.0031864234136258045,19.95987070160276,0.009013887236348906
TotalWorkingYears,42,0.0031810420254760273,1.950099242187098,0.0715670054939172
StockOptionLevel,16,0.0031676464496759003,21.90593345441005,0.008236509993048641
DistanceFromHome,49,-0.0031650227857696555,1.0167833611185435,0.11289062811556416
HourlyRate,86,0.0031641359015470135,0.032529615934857266,0.33165302277616854
BusinessTravel_Travel_Frequently,11,-0.0031601514814850874,34.88044091153211,0.005229716269062269
EducationField_Other,16,0.0031543026017561942,21.90593345441005,0.008236509993048641
YearsAtCompany,81,-0.00315053776539355,0.051796347727067434,0.316064069827691
BusinessTravel_Non.Travel,12,0.0031356089253070907,31.781758675475068,0.005729209202670494
HourlyRate,85,0.003132147124939369,0.0357012133304691,0.3289250107963617
JobRole_Laboratory.Technician,12,-0.003120620540468949,31.781758675475068,0.005729209202670494
Department_Research...Development,18,0.0031069394486412166,18.186690800181175,0.009862019634632825
YearsAtCompany,42,0.003102250524133497,1.950099242187098,0.0715670054939172
JobRole_Manager,9,0.0031014724184035046,42.01361456372769,0.004355578754279084
JobInvolvement,16,0.003095804409238958,21.90593345441005,0.008236509993048641
HourlyRate,84,0.0030953528218871187,0.03918203755679407,0.32600871065873394
Department_Human.Resources,23,-0.00309057225470902,11.421771858766357,0.015369604614057982
PerformanceRating,24,-0.0030853727952765693,10.407093126555889,0.016778156220877662
TrainingTimesLastYear,31,0.0030781975701790927,5.426266981584696,0.030514019550383013
JobRole_Research.Scientist,49,-0.0030699897288845976,1.0167833611185435,0.11289062811556416
EducationField_Life.Sciences,35,0.0030699462823034263,3.7401153478703777,0.042243735256353186
HourlyRate,83,0.003053628379352141,0.04300223784808405,0.32289698885976165
JobRole_Manufacturing.Director,10,0.003051018245603716,38.28124084025998,0.004773020046582687
MaritalStatus_Divorced,14,0.0030429467957501658,26.385774398510197,0.00687222038584439
JobRole_Research.Scientist,35,-0.0030408308795222415,3.7401153478703777,0.042243735256353186
JobSatisfaction,23,0.003036968483430365,11.421771858766357,0.015369604614057982
Age,44,0.0030301460409335617,1.6190066504645788,0.08218771800792075
YearsWithCurrManager,31,0.003022545380482395,5.426266981584696,0.030514019550383013
EducationField_Medical,21,0.0030175452605043064,13.757564639912209,0.012892289388382489
YearsInCurrentRole,31,0.0030120629823318468,5.426266981584696,0.030514019550383013
HourlyRate,82,0.0030069003344692542,0.04719490295171102,0.3195831771275536
MaritalStatus_Single,7,-0.0029994042764938255,50.60554748107793,0.0036256377505363424
WorkLifeBalance,24,0.0029968642502337284,10.407093126555889,0.016778156220877662
JobRole_Research.Director,7,0.002996614472465881,50.60554748107793,0.0036256377505363424
JobLevel,17,0.0029910933082284456,19.95987070160276,0.009013887236348906
EducationField_Technical.Degree,13,-0.0029886028660988475,28.958354828943225,0.006275330656700269
RelationshipSatisfaction,28,0.0029735205872624686,7.1732056055193665,0.02370415453768145
JobRole_Human.Resources,14,-0.002972362711433038,26.385774398510197,0.00687222038584439
TotalWorkingYears,41,0.0029702308070644794,2.140231510889284,0.06663444590104296
BusinessTravel_Travel_Rarely,23,0.002965939936923312,11.421771858766357,0.015369604614057982
EducationField_Human.Resources,10,-0.002960002739765113,38.28124084025998,0.004773020046582687
Gender_Female,44,0.002959666983237377,1.6190066504645788,0.08218771800792075
Gender_Male,44,-0.00295965508860452,1.6190066504645788,0.08218771800792075
HourlyRate,81,0.002955102167226487,0.051796347727067434,0.316064069827691
YearsSinceLastPromotion,60,-0.0029550743506707522,0.3654129936317017,0.19337878178375337
Department_Sales,18,-0.0029403394579393203,18.186690800181175,0.009862019634632825
MaritalStatus_Married,14,0.002929182161460816,26.385774398510197,0.00687222038584439
NumCompaniesWorked,39,-0.002925321896641403,2.577916431839545,0.05752656232753796
DistanceFromHome,48,-0.0029159473180513876,1.1159184836014817,0.10631298928575754
JobRole_Sales.Executive,37,0.002914929105741415,3.105109468642019,0.04941019154362132
JobRole_Healthcare.Representative,12,0.0029147904203414487,31.781758675475068,0.005729209202670494
OverTime_No,4,0.002914699033911624,66.89755555588832,0.0027513320142041387
OverTime_Yes,4,-0.0029141777566904854,66.89755555588832,0.0027513320142041387
EnvironmentSatisfaction,21,0.0029131913935672507,13.757564639912209,0.012892289388382489
YearsAtCompany,41,0.0029071594498443097,2.140231510889284,0.06663444590104296
EducationField_Marketing,16,-0.0029069512460964016,21.90593345441005,0.008236509993048641
HourlyRate,80,0.002898371975048996,0.05684642768750557,0.3123275256589967
StockOptionLevel,15,0.002889848622353548,24.041734923188066,0.007524343918344403
JobRole_Research.Scientist,34,-0.0028852448469698037,4.104771977089372,0.038998859368274345
BusinessTravel_Travel_Frequently,10,-0.0028811340520936268,38.28124084025998,0.004773020046582687
EducationField_Other,15,0.0028749881346382573,24.041734923188066,0.007524343918344403
BusinessTravel_Non.Travel,11,0.0028583425560180734,34.88044091153211,0.005229716269062269
PercentSalaryHike,70,0.0028525504490685234,0.14412641436794113,0.26260639827158394
Education,47,0.0028496902809892546,1.2247191581435093,0.09994174703233644
JobRole_Laboratory.Technician,11,-0.0028465132891175205,34.88044091153211,0.005229716269062269
Education,48,0.0028399992660159907,1.1159184836014817,0.10631298928575754
HourlyRate,79,0.0028367566063118546,0.06238888420972765,0.3083722059616063
Department_Research...Development,17,0.0028362611805065594,19.95987070160276,0.009013887236348906
JobRole_Manager,8,0.0028310003629853286,46.10989011759222,0.003974122877097274
Education,46,0.0028292817253080965,1.3441277641381963,0.09379013403298568
Department_Human.Resources,22,-0.0028264522779692866,12.535380514739407,0.014073092201573845
JobInvolvement,15,0.002822632004658086,24.041734923188066,0.007524343918344403
Age,43,0.0028220967791839457,1.7768578002099231,0.07675218463479885
PerformanceRating,23,-0.002814097994434232,11.421771858766357,0.015369604614057982
TrainingTimesLastYear,30,0.002813171427407757,5.955321313524936,0.02807095472488541
EducationField_Life.Sciences,34,0.002805906368287879,4.104771977089372,0.038998859368274345
Education,49,0.0027948732695700328,1.0167833611185435,0.11289062811556416
Education,45,0.002783731210052771,1.4751785618066122,0.08786918051693175
JobRole_Manufacturing.Director,9,0.002782364677400252,42.01361456372769,0.004355578754279084
YearsWithCurrManager,30,0.002778211567037695,5.955321313524936,0.02807095472488541
MaritalStatus_Divorced,13,0.002775894717868799,28.958354828943225,0.006275330656700269
HourlyRate,78,0.0027704149571592504,0.06847172340066532,0.30419410135566793
JobSatisfaction,22,0.002769536636567926,12.535380514739407,0.014073092201573845
TotalWorkingYears,40,0.00276902627761628,2.3489014410703275,0.06195480370237651
YearsInCurrentRole,30,0.0027689154702165465,5.955321313524936,0.02807095472488541
EducationField_Medical,20,0.002755837358809175,15.09891020849457,0.011794682731018911
MaritalStatus_Single,6,-0.00273468604180861,55.53952588758326,0.0033073466413106913
WorkLifeBalance,23,0.002733816098998905,11.421771858766357,0.015369604614057982
JobRole_Research.Director,6,0.002733470571528106,55.53952588758326,0.0033073466413106913
JobLevel,16,0.0027334095400281867,21.90593345441005,0.008236509993048641
JobRole_Research.Scientist,50,-0.002731601204846286,0.9264551296891429,0.11965932261972216
JobRole_Research.Scientist,33,-0.002727988070269301,4.5049821774860765,0.03596839641967879
EducationField_Technical.Degree,12,-0.0027250738601372667,31.781758675475068,0.005729209202670494
YearsAtCompany,40,0.002719199136056832,2.3489014410703275,0.06195480370237651
Education,44,0.002717606521358409,1.6190066504645788,0.08218771800792075
JobRole_Human.Resources,13,-0.0027133401392050492,28.958354828943225,0.006275330656700269
RelationshipSatisfaction,27,0.0027123048267474804,7.872584296685375,0.02176089974062768
BusinessTravel_Travel_Rarely,22,0.0027095239299781567,12.535380514739407,0.014073092201573845
Education,50,0.002708650076575324,0.9264551296891429,0.11965932261972216
HourlyRate,77,0.002699565897379268,0.07514763190341218,0.29979010201004386
EducationField_Human.Resources,9,-0.0026985101125735003,42.01361456372769,0.004355578754279084
DistanceFromHome,47,-0.0026843769198265847,1.2247191581435093,0.09994174703233644
Department_Sales,17,-0.002684174559138887,19.95987070160276,0.009013887236348906
MaritalStatus_Married,13,0.0026721288597543027,28.958354828943225,0.006275330656700269
JobRole_Healthcare.Representative,11,0.0026588840847406622,34.88044091153211,0.005229716269062269
OverTime_No,3,0.0026566372120417716,73.41998463709056,0.002509102196274422
EnvironmentSatisfaction,20,0.0026566284577012565,15.09891020849457,0.011794682731018911
OverTime_Yes,3,-0.0026562042105446617,73.41998463709056,0.002509102196274422
NumCompaniesWorked,38,-0.0026535183452581555,2.8292601014881646,0.053346563326138276
EducationField_Marketing,15,-0.0026516989774251244,24.041734923188066,0.007524343918344403
JobRole_Sales.Executive,36,0.0026465613973004477,3.4078538085554153,0.0457115666254235
StockOptionLevel,14,0.002636122962505993,26.385774398510197,0.00687222038584439
Education,43,0.0026349680548449347,1.7768578002099231,0.07675218463479885
Gender_Female,43,0.0026335315652702774,1.7768578002099231,0.07675218463479885
Gender_Male,43,-0.002633520733284208,1.7768578002099231,0.07675218463479885
YearsAtCompany,75,0.002627808344602654,0.09051558866972378,0.2902970347206943
BusinessTravel_Travel_Frequently,9,-0.0026266131549020793,42.01361456372769,0.004355578754279084
Age,42,0.0026248565110612377,1.950099242187098,0.0715670054939172
JobRole_Research.Scientist,58,0.002624565229552971,0.44014124448594455,0.17830319446199555
HourlyRate,76,0.0026244861642390547,0.08247443324372147,0.29515809049346203
EducationField_Other,14,0.0026203266784842784,26.385774398510197,0.00687222038584439
Education,61,-0.002619988986722207,0.33295071039787305,0.20085025136497922
BusinessTravel_Non.Travel,10,0.002605488657420227,38.28124084025998,0.004773020046582687
JobRole_Laboratory.Technician,10,-0.0025962376302594045,38.28124084025998,0.004773020046582687
Department_Research...Development,16,0.00258873585465166,21.90593345441005,0.008236509993048641
Department_Human.Resources,21,-0.002587971231267261,13.757564639912209,0.012892289388382489
JobRole_Manager,7,0.0025837139398546594,50.60554748107793,0.0036256377505363424
TotalWorkingYears,39,0.002577558686357388,2.577916431839545,0.05752656232753796
Education,51,0.002575409233394118,0.8441514093848925,0.1266017686126627
JobInvolvement,14,0.002573413381285816,26.385774398510197,0.00687222038584439
JobRole_Research.Scientist,32,-0.0025710337692141367,4.944212378359189,0.03314326871487094
TrainingTimesLastYear,29,0.002570318719961171,6.535957789708103,0.02580426860937734
PerformanceRating,22,-0.0025664289103068286,12.535380514739407,0.014073092201573845
EducationField_Life.Sciences,33,0.002563801356154455,4.5049821774860765,0.03596839641967879
YearsWithCurrManager,29,0.0025518945280703065,6.535957789708103,0.02580426860937734
HourlyRate,75,0.0025455069202184374,0.09051558866972378,0.2902970347206943
YearsInCurrentRole,29,0.0025436421314779145,6.535957789708103,0.02580426860937734
Education,42,0.002539531074923099,1.950099242187098,0.0715670054939172
YearsAtCompany,39,0.0025388341403363578,2.577916431839545,0.05752656232753796
JobRole_Manufacturing.Director,8,0.0025371753074677843,46.10989011759222,0.003974122877097274
MaritalStatus_Divorced,12,0.002532017774522636,31.781758675475068,0.005729209202670494
JobSatisfaction,21,0.002525061342253337,13.757564639912209,0.012892289388382489
EducationField_Medical,19,0.0025163253790045697,16.571035314113292,0.010786840274429277
JobLevel,15,0.002497294686258687,24.041734923188066,0.007524343918344403
WorkLifeBalance,22,0.002493601428025561,12.535380514739407,0.014073092201573845
MaritalStatus_Single,5,-0.002493190808569132,60.954561097692256,0.0030166944356545557
JobRole_Research.Director,5,0.0024931900221339086,60.954561097692256,0.0030166944356545557
PercentSalaryHike,69,0.0024910761062099523,0.15817856184375606,0.25642120490941533
EducationField_Technical.Degree,11,-0.00248462443833055,34.88044091153211,0.005229716269062269
JobRole_Human.Resources,12,-0.0024764916579291516,31.781758675475068,0.005729209202670494
BusinessTravel_Travel_Rarely,21,0.002475438918376009,13.757564639912209,0.012892289388382489
RelationshipSatisfaction,26,0.0024738083193776603,8.640151546852218,0.01996496541353593
DistanceFromHome,46,-0.002469385634164675,1.3441277641381963,0.09379013403298568
HourlyRate,74,0.00246300893251371,0.0993407468228991,0.2852070720866199
EducationField_Human.Resources,8,-0.002460000541473131,46.10989011759222,0.003974122877097274
Department_Sales,16,-0.002449921013908676,21.90593345441005,0.008236509993048641
Age,41,0.002438278990527191,2.140231510889284,0.06663444590104296
MaritalStatus_Married,12,0.0024373787946909563,31.781758675475068,0.005729209202670494
Education,41,0.0024345429213755675,2.140231510889284,0.06663444590104296
JobRole_Healthcare.Representative,10,0.002425202744088103,38.28124084025998,0.004773020046582687
EnvironmentSatisfaction,19,0.0024224830763515583,16.571035314113292,0.010786840274429277
OverTime_Yes,2,-0.002420993854321357,80.57834250172604,0.002287629234061474
OverTime_No,2,0.002420993841073378,80.57834250172604,0.002287629234061474
EducationField_Marketing,14,-0.0024186172055051863,26.385774398510197,0.00687222038584439
JobRole_Research.Scientist,31,-0.0024160242286156933,5.426266981584696,0.030514019550383013
NumCompaniesWorked,37,-0.002407281489492787,3.105109468642019,0.04941019154362132
StockOptionLevel,13,0.002404432543492121,28.958354828943225,0.006275330656700269
JobRole_Sales.Executive,35,0.002402195590845921,3.7401153478703777,0.042243735256353186
TotalWorkingYears,38,0.00239587413762164,2.8292601014881646,0.053346563326138276
BusinessTravel_Travel_Frequently,8,-0.002394461511662,46.10989011759222,0.003974122877097274
Education,52,0.0023890580495578855,0.7691593247539134,0.13369889095342355
EducationField_Other,13,0.002388156969011009,28.958354828943225,0.006275330656700269
HourlyRate,73,0.002377393378397835,0.10902634700129,0.2798897828206845
BusinessTravel_Non.Travel,9,0.0023749156078414326,42.01361456372769,0.004355578754279084
JobRole_Laboratory.Technician,9,-0.0023677621247030324,42.01361456372769,0.004355578754279084
YearsAtCompany,38,0.0023664060890295,2.8292601014881646,0.053346563326138276
Department_Human.Resources,20,-0.0023650552517488093,15.09891020849457,0.011794682731018911
Department_Research...Development,15,0.002362455344031001,24.041734923188066,0.007524343918344403
JobRole_Manager,6,0.00235769264655465,55.53952588758326,0.0033073466413106913
TrainingTimesLastYear,28,0.002347888266372005,7.1732056055193665,0.02370415453768145
JobInvolvement,13,0.002346073848651384,28.958354828943225,0.006275330656700269
Gender_Female,42,0.0023454259157964525,1.950099242187098,0.0715670054939172
Gender_Male,42,-0.002345416642935503,1.950099242187098,0.0715670054939172
YearsWithCurrManager,28,0.0023425289470034327,7.1732056055193665,0.02370415453768145
EducationField_Life.Sciences,32,0.0023419467069165333,4.944212378359189,0.03314326871487094
PerformanceRating,21,-0.0023386139751396745,13.757564639912209,0.012892289388382489
YearsInCurrentRole,28,0.002335195332816486,7.1732056055193665,0.02370415453768145
Education,40,0.002322836459727605,2.3489014410703275,0.06195480370237651
JobRole_Research.Scientist,51,-0.002322685479058648,0.8441514093848925,0.1266017686126627
JobRole_Manufacturing.Director,7,0.002313433059572322,50.60554748107793,0.0036256377505363424
MaritalStatus_Divorced,11,0.002309348686550479,34.88044091153211,0.005229716269062269
JobSatisfaction,20,0.002302400155398279,15.09891020849457,0.011794682731018911
EducationField_Medical,18,0.0022972100238281465,18.186690800181175,0.009862019634632825
HourlyRate,72,0.0022891710314974505,0.11965628124013335,0.27434710687085806
JobLevel,14,0.0022810474335221813,26.385774398510197,0.00687222038584439
WorkLifeBalance,21,0.0022743347346629566,13.757564639912209,0.012892289388382489
JobRole_Research.Director,4,0.0022738272031258395,66.89755555588832,0.0027513320142041387
MaritalStatus_Single,4,-0.0022729049900116027,66.89755555588832,0.0027513320142041387
DistanceFromHome,45,-0.0022700513558642573,1.4751785618066122,0.08786918051693175
EducationField_Technical.Degree,10,-0.002265259876894494,38.28124084025998,0.004773020046582687
JobRole_Research.Scientist,30,-0.0022642998369865578,5.955321313524936,0.02807095472488541
Age,40,0.002262172446250786,2.3489014410703275,0.06195480370237651
BusinessTravel_Travel_Rarely,20,0.0022604007131624033,15.09891020849457,0.011794682731018911
JobRole_Human.Resources,11,-0.0022599851735287725,34.88044091153211,0.005229716269062269
RelationshipSatisfaction,25,0.0022560925069869124,9.482555656343228,0.018307052781592482
EducationField_Human.Resources,7,-0.002242473849881178,50.60554748107793,0.0036256377505363424
Department_Sales,15,-0.002235773124213688,24.041734923188066,0.007524343918344403
TotalWorkingYears,37,0.0022239409584949394,3.105109468642019,0.04941019154362132
MaritalStatus_Married,11,0.0022230398214970566,34.88044091153211,0.005229716269062269
JobRole_Healthcare.Representative,9,0.0022118568777245227,42.01361456372769,0.004355578754279084
EnvironmentSatisfaction,18,0.002208826180163227,18.186690800181175,0.009862019634632825
Education,39,0.002206852004067031,2.577916431839545,0.05752656232753796
EducationField_Marketing,13,-0.0022058214729034514,28.958354828943225,0.006275330656700269
YearsAtCompany,37,0.002202143832232505,3.105109468642019,0.04941019154362132
HourlyRate,71,0.0021988073730024598,0.13132262094453628,0.2685840919729863
StockOptionLevel,12,0.002192904492786898,31.781758675475068,0.005729209202670494
NumCompaniesWorked,36,-0.0021842222282306973,3.4078538085554153,0.0457115666254235
BusinessTravel_Travel_Frequently,7,-0.0021827326188236275,50.60554748107793,0.0036256377505363424
JobRole_Sales.Executive,34,0.0021799418515830644,4.104771977089372,0.038998859368274345
EducationField_Other,12,0.0021765044831215177,31.781758675475068,0.005729209202670494
BusinessTravel_Non.Travel,8,0.0021646748740379355,46.10989011759222,0.003974122877097274
Department_Human.Resources,19,-0.0021607851607982113,16.571035314113292,0.010786840274429277
JobRole_Laboratory.Technician,8,-0.0021592218402950373,46.10989011759222,0.003974122877097274
PercentSalaryHike,68,0.00215867492701527,0.1736007763509893,0.250037252376955
Department_Research...Development,14,0.0021556565034958714,26.385774398510197,0.00687222038584439
YearsSinceLastPromotion,59,-0.002151982132553911,0.4010403094059146,0.18585556874564121
JobRole_Manager,5,0.002151163850439255,60.954561097692256,0.0030166944356545557
YearsWithCurrManager,27,0.0021490725858714747,7.872584296685375,0.02176089974062768
TrainingTimesLastYear,27,0.0021442505410969584,7.872584296685375,0.02176089974062768
Education,53,0.0021434338481037462,0.7008293302347044,0.1409300773546337
YearsInCurrentRole,27,0.002142548363825718,7.872584296685375,0.02176089974062768
EducationField_Life.Sciences,31,0.0021387627655286593,5.426266981584696,0.030514019550383013
JobInvolvement,12,0.0021387139905986977,31.781758675475068,0.005729209202670494
PerformanceRating,20,-0.0021325677654552345,15.09891020849457,0.011794682731018911
JobRole_Research.Scientist,29,-0.002116929508128608,6.535957789708103,0.02580426860937734
JobRole_Manufacturing.Director,6,0.002109288814006,55.53952588758326,0.0033073466413106913
HourlyRate,70,0.0021068141393563835,0.14412641436794113,0.26260639827158394
MaritalStatus_Divorced,10,0.0021060798040282392,38.28124084025998,0.004773020046582687
JobSatisfaction,19,0.0020992380255979064,16.571035314113292,0.010786840274429277
EducationField_Medical,17,0.0020968240378399245,19.95987070160276,0.009013887236348906
Age,39,0.0020963026167893973,2.577916431839545,0.05752656232753796
Gender_Female,41,0.0020909087370191036,2.140231510889284,0.06663444590104296
Gender_Male,41,-0.002090901120100992,2.140231510889284,0.06663444590104296
Education,38,0.0020886641845511314,2.8292601014881646,0.053346563326138276
DistanceFromHome,44,-0.0020854639076742635,1.6190066504645788,0.08218771800792075
JobLevel,13,0.0020830834390188208,28.958354828943225,0.006275330656700269
WorkLifeBalance,20,0.0020741181159205967,15.09891020849457,0.011794682731018911
JobRole_Research.Director,3,0.0020735951902266345,73.41998463709056,0.002509102196274422
MaritalStatus_Single,3,-0.0020719855747507727,73.41998463709056,0.002509102196274422
EducationField_Technical.Degree,9,-0.0020651533845736287,42.01361456372769,0.004355578754279084
BusinessTravel_Travel_Rarely,19,0.0020636566788111658,16.571035314113292,0.010786840274429277
JobRole_Human.Resources,10,-0.002062128970630663,38.28124084025998,0.004773020046582687
TotalWorkingYears,36,0.002061657033059861,3.4078538085554153,0.0457115666254235
RelationshipSatisfaction,24,0.002057378081027087,10.407093126555889,0.016778156220877662
YearsAtCompany,36,0.0020461742346422496,3.4078538085554153,0.0457115666254235
EducationField_Human.Resources,6,-0.00204410058977759,55.53952588758326,0.0033073466413106913
Department_Sales,14,-0.002040062354190314,26.385774398510197,0.00687222038584439
MaritalStatus_Married,10,0.002027373037450115,38.28124084025998,0.004773020046582687
JobRole_Healthcare.Representative,8,0.0020171107813924754,46.10989011759222,0.003974122877097274
EnvironmentSatisfaction,17,0.002013889751058416,19.95987070160276,0.009013887236348906
HourlyRate,69,0.0020137147698424435,0.15817856184375606,0.25642120490941533
EducationField_Marketing,12,-0.002011580459504782,31.781758675475068,0.005729209202670494
StockOptionLevel,11,0.0019998182031081423,34.88044091153211,0.005229716269062269
BusinessTravel_Travel_Frequently,6,-0.0019896460572931046,55.53952588758326,0.0033073466413106913
EducationField_Other,11,0.0019835658235025835,34.88044091153211,0.005229716269062269
NumCompaniesWorked,35,-0.0019821599556564444,3.7401153478703777,0.042243735256353186
JobRole_Sales.Executive,33,0.0019779920883482467,4.5049821774860765,0.03596839641967879
JobRole_Research.Scientist,28,-0.001974741333781823,7.1732056055193665,0.02370415453768145
Department_Human.Resources,18,-0.001973693837292556,18.186690800181175,0.009862019634632825
BusinessTravel_Non.Travel,7,0.001972985806231188,50.60554748107793,0.0036256377505363424
YearsWithCurrManager,26,0.001970512467923153,8.640151546852218,0.01996496541353593
Education,37,0.001970011993385995,3.105109468642019,0.04941019154362132
JobRole_Laboratory.Technician,7,-0.001968905791381398,50.60554748107793,0.0036256377505363424
Department_Research...Development,13,0.001966712280834664,28.958354828943225,0.006275330656700269
YearsInCurrentRole,26,0.0019647018592977767,8.640151546852218,0.01996496541353593
JobRole_Manager,4,0.0019624933006751207,66.89755555588832,0.0027513320142041387
YearsAtCompany,80,-0.001957900024827836,0.05684642768750557,0.3123275256589967
TrainingTimesLastYear,26,0.0019578919086343308,8.640151546852218,0.01996496541353593
EducationField_Life.Sciences,30,0.0019527726657842294,5.955321313524936,0.02807095472488541
JobInvolvement,11,0.00194959562344513,34.88044091153211,0.005229716269062269
PerformanceRating,19,-0.0019445315577034706,16.571035314113292,0.010786840274429277
Age,38,0.0019403967109775902,2.8292601014881646,0.053346563326138276
JobRole_Manufacturing.Director,5,0.0019230483433185757,60.954561097692256,0.0030166944356545557
JobRole_Research.Scientist,87,-0.001921858516595571,0.029639774510582882,0.3342002285797351
MaritalStatus_Divorced,9,0.0019205513993994943,42.01361456372769,0.004355578754279084
HourlyRate,68,0.0019200353066378593,0.1736007763509893,0.250037252376955
DistanceFromHome,43,-0.001914731019454734,1.7768578002099231,0.07675218463479885
JobSatisfaction,18,0.0019138904824978734,18.186690800181175,0.009862019634632825
EducationField_Medical,16,0.0019136248509421965,21.90593345441005,0.008236509993048641
TotalWorkingYears,35,0.0019088577612574457,3.7401153478703777,0.042243735256353186
JobLevel,12,0.001901930206628774,31.781758675475068,0.005729209202670494
YearsAtCompany,35,0.0018985333018488688,3.7401153478703777,0.042243735256353186
WorkLifeBalance,19,0.0018913802022104771,16.571035314113292,0.010786840274429277
JobRole_Research.Director,2,0.0018908266966739355,80.57834250172604,0.002287629234061474
MaritalStatus_Single,2,-0.0018887504197195217,80.57834250172604,0.002287629234061474
BusinessTravel_Travel_Rarely,18,0.0018837147300019208,18.186690800181175,0.009862019634632825
EducationField_Technical.Degree,8,-0.0018826327185657813,46.10989011759222,0.003974122877097274
YearsAtCompany,76,0.0018822242913752282,0.08247443324372147,0.29515809049346203
JobRole_Human.Resources,9,-0.0018813628021787311,42.01361456372769,0.004355578754279084
RelationshipSatisfaction,23,0.0018760329270952698,11.421771858766357,0.015369604614057982
YearsSinceLastPromotion,45,0.0018701623723775995,1.4751785618066122,0.08786918051693175
Gender_Female,40,0.0018659941203641318,2.3489014410703275,0.06195480370237651
Gender_Male,40,-0.0018659880469330042,2.3489014410703275,0.06195480370237651
EducationField_Human.Resources,5,-0.0018632080331067963,60.954561097692256,0.0030166944356545557
Department_Sales,13,-0.001861248932077899,28.958354828943225,0.006275330656700269
YearsSinceLastPromotion,46,0.00186092547841144,1.3441277641381963,0.09379013403298568
YearsSinceLastPromotion,44,0.0018593918227480563,1.6190066504645788,0.08218771800792075
PercentSalaryHike,67,0.001854693249595054,0.1905266377338469,0.24346486972832568
Education,36,0.001852330503634038,3.4078538085554153,0.0457115666254235
MaritalStatus_Married,9,0.0018487816183268703,42.01361456372769,0.004355578754279084
JobRole_Research.Scientist,52,-0.0018403006340130105,0.7691593247539134,0.13369889095342355
JobRole_Healthcare.Representative,7,0.0018393711986940708,50.60554748107793,0.0036256377505363424
JobRole_Research.Scientist,27,-0.0018383525594884364,7.872584296685375,0.02176089974062768
EnvironmentSatisfaction,16,0.001836054201972571,21.90593345441005,0.008236509993048641
EducationField_Marketing,11,-0.001834304756425139,34.88044091153211,0.005229716269062269
Education,54,0.0018324201450685151,0.6385695841032256,0.14827344551453722
YearsSinceLastPromotion,43,0.001831941570392215,1.7768578002099231,0.07675218463479885
YearsSinceLastPromotion,47,0.0018280333938254692,1.2247191581435093,0.09994174703233644
HourlyRate,67,0.0018262953944046824,0.1905266377338469,0.24346486972832568
StockOptionLevel,10,0.0018235941384726177,38.28124084025998,0.004773020046582687
BusinessTravel_Travel_Frequently,5,-0.001813573880541365,60.954561097692256,0.0030166944356545557
EducationField_Other,10,0.0018076943074125825,38.28124084025998,0.004773020046582687
YearsWithCurrManager,25,0.0018058698580442516,9.482555656343228,0.018307052781592482
Department_Human.Resources,17,-0.0018024140674327083,19.95987070160276,0.009013887236348906
YearsInCurrentRole,25,0.00180068899865778,9.482555656343228,0.018307052781592482
NumCompaniesWorked,34,-0.0017991088589414956,4.104771977089372,0.038998859368274345
BusinessTravel_Non.Travel,6,0.0017982216055141944,55.53952588758326,0.0033073466413106913
JobRole_Laboratory.Technician,6,-0.0017952451476210681,55.53952588758326,0.0033073466413106913
JobRole_Sales.Executive,32,0.0017946331699041798,4.944212378359189,0.03314326871487094
Age,37,0.001794148029661322,3.105109468642019,0.04941019154362132
Department_Research...Development,12,0.0017941229819830836,31.781758675475068,0.005729209202670494
YearsSinceLastPromotion,42,0.0017908147938284233,1.950099242187098,0.0715670054939172
JobRole_Manager,3,0.0017901759090267894,73.41998463709056,0.002509102196274422
TrainingTimesLastYear,25,0.0017874086696543058,9.482555656343228,0.018307052781592482
EducationField_Life.Sciences,29,0.0017825993683513034,6.535957789708103,0.02580426860937734
JobInvolvement,10,0.0017771287437077696,38.28124084025998,0.004773020046582687
PerformanceRating,18,-0.0017729563839283438,18.186690800181175,0.009862019634632825
YearsSinceLastPromotion,48,0.0017675129414557813,1.1159184836014817,0.10631298928575754
TotalWorkingYears,34,0.0017653243321385697,4.104771977089372,0.038998859368274345
YearsAtCompany,34,0.0017591773641319885,4.104771977089372,0.038998859368274345
DistanceFromHome,42,-0.001756984971743239,1.950099242187098,0.0715670054939172
JobRole_Manufacturing.Director,4,0.0017531601056793905,66.89755555588832,0.0027513320142041387
MaritalStatus_Divorced,8,0.001751240603335074,46.10989011759222,0.003974122877097274
EducationField_Medical,15,0.0017461872125354991,24.041734923188066,0.007524343918344403
JobSatisfaction,17,0.001744814604601357,19.95987070160276,0.009013887236348906
YearsSinceLastPromotion,41,0.001738706337158498,2.140231510889284,0.06663444590104296
Education,35,0.001736783025575443,3.7401153478703777,0.042243735256353186
JobLevel,11,0.001736221645969837,34.88044091153211,0.005229716269062269
HourlyRate,66,0.0017329996461041262,0.2091027497064397,0.23671598444697853
WorkLifeBalance,18,0.0017246199086475864,18.186690800181175,0.009862019634632825
BusinessTravel_Travel_Rarely,17,0.0017191937334369084,19.95987070160276,0.009013887236348906
JobRole_Human.Resources,8,-0.0017162492219371804,46.10989011759222,0.003974122877097274
EducationField_Technical.Degree,7,-0.0017161677383487762,50.60554748107793,0.0036256377505363424
Education,60,-0.0017109452878761285,0.3654129936317017,0.19337878178375337
RelationshipSatisfaction,22,0.00171056080480056,12.535380514739407,0.014073092201573845
JobRole_Research.Scientist,26,-0.0017081982013849668,8.640151546852218,0.01996496541353593
JobRole_Research.Scientist,57,0.0017023182851309202,0.48305447246590155,0.17074495106833817
EducationField_Human.Resources,4,-0.0016982672168066168,66.89755555588832,0.0027513320142041387
Department_Sales,12,-0.0016979135941104695,31.781758675475068,0.005729209202670494
MaritalStatus_Married,8,0.0016858002477746945,46.10989011759222,0.003974122877097274
YearsSinceLastPromotion,40,0.0016780111432388332,2.3489014410703275,0.06195480370237651
JobRole_Healthcare.Representative,6,0.0016771765936662024,55.53952588758326,0.0033073466413106913
YearsSinceLastPromotion,49,0.0016750698442599072,1.0167833611185435,0.11289062811556416
EnvironmentSatisfaction,15,0.0016738366063937698,24.041734923188066,0.007524343918344403
EducationField_Marketing,10,-0.0016725362449590672,38.28124084025998,0.004773020046582687
Gender_Female,39,0.001667126960700833,2.577916431839545,0.05752656232753796
Gender_Male,39,-0.0016671222256122115,2.577916431839545,0.05752656232753796
StockOptionLevel,9,0.0016627832541380276,42.01361456372769,0.004355578754279084
Age,36,0.0016572210022530488,3.4078538085554153,0.0457115666254235
YearsWithCurrManager,24,0.00165420413074764,10.407093126555889,0.016778156220877662
BusinessTravel_Travel_Frequently,4,-0.0016530280223159915,66.89755555588832,0.0027513320142041387
YearsInCurrentRole,24,0.0016495795727899318,10.407093126555889,0.016778156220877662
EducationField_Other,9,0.0016473866874305004,42.01361456372769,0.004355578754279084
Department_Human.Resources,16,-0.0016456744267339838,21.90593345441005,0.008236509993048641
HourlyRate,65,0.0016406296318377145,0.22949000966402106,0.2298041132874453
BusinessTravel_Non.Travel,5,0.0016388963893367095,60.954561097692256,0.0030166944356545557
JobRole_Laboratory.Technician,5,-0.0016368021951741914,60.954561097692256,0.0030166944356545557
Department_Research...Development,11,0.0016365077744700572,34.88044091153211,0.005229716269062269
NumCompaniesWorked,33,-0.0016332639859118966,4.5049821774860765,0.03596839641967879
JobRole_Manager,2,0.0016327859355651914,80.57834250172604,0.002287629234061474
TrainingTimesLastYear,24,0.0016315010220624697,10.407093126555889,0.016778156220877662
TotalWorkingYears,33,0.0016307920407481631,4.5049821774860765,0.03596839641967879
JobRole_Sales.Executive,31,0.0016282552450836518,5.426266981584696,0.030514019550383013
YearsAtCompany,33,0.0016279940714890844,4.5049821774860765,0.03596839641967879
EducationField_Life.Sciences,28,0.001626962029673803,7.1732056055193665,0.02370415453768145
Education,34,0.0016242927266159853,4.104771977089372,0.038998859368274345
JobInvolvement,9,0.0016198594206964882,42.01361456372769,0.004355578754279084
PerformanceRating,17,-0.00161642200653494,19.95987070160276,0.009013887236348906
DistanceFromHome,41,-0.001611386211753764,2.140231510889284,0.06663444590104296
YearsSinceLastPromotion,39,0.0016108383364340684,2.577916431839545,0.05752656232753796
JobRole_Manufacturing.Director,3,0.001598203891020076,73.41998463709056,0.002509102196274422
MaritalStatus_Divorced,7,0.0015967509883086765,50.60554748107793,0.0036256377505363424
EducationField_Medical,14,0.0015931959116665707,26.385774398510197,0.00687222038584439
JobSatisfaction,16,0.001590597812370585,21.90593345441005,0.008236509993048641
JobLevel,10,0.0015846924463194952,38.28124084025998,0.004773020046582687
JobRole_Research.Scientist,25,-0.0015845578218168597,9.482555656343228,0.018307052781592482
PercentSalaryHike,66,0.0015783251456063542,0.2091027497064397,0.23671598444697853
WorkLifeBalance,17,0.00157246087765339,19.95987070160276,0.009013887236348906
BusinessTravel_Travel_Rarely,16,0.001568817086925488,21.90593345441005,0.008236509993048641
JobRole_Human.Resources,7,-0.0015654652185982168,50.60554748107793,0.0036256377505363424
EducationField_Technical.Degree,6,-0.0015643588544991818,55.53952588758326,0.0033073466413106913
RelationshipSatisfaction,21,0.0015587947966644023,13.757564639912209,0.012892289388382489
HourlyRate,64,0.0015496366595235346,0.2518650022992526,0.2227443296176399
Department_Sales,11,-0.001548749550938721,34.88044091153211,0.005229716269062269
EducationField_Human.Resources,3,-0.0015478806742380935,73.41998463709056,0.002509102196274422
YearsSinceLastPromotion,50,0.001546096278271681,0.9264551296891429,0.11965932261972216
YearsSinceLastPromotion,38,0.001539027515726407,2.8292601014881646,0.053346563326138276
MaritalStatus_Married,7,0.001537085150534313,50.60554748107793,0.0036256377505363424
Age,35,0.0015292564176819688,3.7401153478703777,0.042243735256353186
JobRole_Healthcare.Representative,5,0.0015291870651739671,60.954561097692256,0.0030166944356545557
EnvironmentSatisfaction,14,0.0015258797448513787,26.385774398510197,0.00687222038584439
EducationField_Marketing,9,-0.0015249380904480113,42.01361456372769,0.004355578754279084
StockOptionLevel,8,0.0015160570367242178,46.10989011759222,0.003974122877097274
Education,33,0.001515572980463712,4.5049821774860765,0.03596839641967879
YearsWithCurrManager,23,0.0015146156285577436,11.421771858766357,0.015369604614057982
YearsInCurrentRole,23,0.0015104830218590731,11.421771858766357,0.015369604614057982
BusinessTravel_Travel_Frequently,3,-0.001506648747176711,73.41998463709056,0.002509102196274422
TotalWorkingYears,32,0.0015049584215829,4.944212378359189,0.03314326871487094
YearsAtCompany,32,0.0015048129911849045,4.944212378359189,0.03314326871487094
Department_Human.Resources,15,-0.0015022948165075716,24.041734923188066,0.007524343918344403
EducationField_Other,8,0.00150127093174124,46.10989011759222,0.003974122877097274
BusinessTravel_Non.Travel,4,0.0014936532824205884,66.89755555588832,0.0027513320142041387
Department_Research...Development,10,0.001492596491528408,38.28124084025998,0.004773020046582687
JobRole_Laboratory.Technician,4,-0.001492260027803167,66.89755555588832,0.0027513320142041387
Gender_Female,38,0.0014911532650691455,2.8292601014881646,0.053346563326138276
Gender_Male,38,-0.0014911496377803073,2.8292601014881646,0.053346563326138276
TrainingTimesLastYear,23,0.0014889670226361819,11.421771858766357,0.015369604614057982
EducationField_Life.Sciences,27,0.0014846718777282368,7.872584296685375,0.02176089974062768
NumCompaniesWorked,32,-0.0014829874123887807,4.944212378359189,0.03314326871487094
JobRole_Sales.Executive,30,0.0014773560460372816,5.955321313524936,0.02807095472488541
DistanceFromHome,40,-0.001477126978628519,2.3489014410703275,0.06195480370237651
JobInvolvement,8,0.0014764585860905651,46.10989011759222,0.003974122877097274
PerformanceRating,16,-0.001473627036414243,21.90593345441005,0.008236509993048641
JobRole_Research.Scientist,24,-0.0014675801529640934,10.407093126555889,0.016778156220877662
YearsSinceLastPromotion,37,0.0014641667391753182,3.105109468642019,0.04941019154362132
HourlyRate,63,0.0014604211429784628,0.2764215290943355,0.21555239569290216
JobRole_Manufacturing.Director,2,0.0014568154650207248,80.57834250172604,0.002287629234061474
MaritalStatus_Divorced,6,0.0014558027951423339,55.53952588758326,0.0033073466413106913
EducationField_Medical,13,0.0014534386579941178,28.958354828943225,0.006275330656700269
Education,55,0.0014500733335285755,0.5818408222230168,0.15570613377828724
JobSatisfaction,15,0.0014499474269758748,24.041734923188066,0.007524343918344403
JobLevel,9,0.0014461723739423685,42.01361456372769,0.004355578754279084
YearsSinceLastPromotion,58,-0.001444158230256915,0.44014124448594455,0.17830319446199555
WorkLifeBalance,16,0.001433641827140016,21.90593345441005,0.008236509993048641
BusinessTravel_Travel_Rarely,15,0.0014314063384802032,24.041734923188066,0.007524343918344403
JobRole_Human.Resources,6,-0.0014277941942758296,55.53952588758326,0.0033073466413106913
EducationField_Technical.Degree,5,-0.001425926327062164,60.954561097692256,0.0030166944356545557
RelationshipSatisfaction,20,0.001421205620980009,15.09891020849457,0.011794682731018911
Department_Sales,10,-0.0014125547364306455,38.28124084025998,0.004773020046582687
Education,32,0.001411155922389293,4.944212378359189,0.03314326871487094
EducationField_Human.Resources,2,-0.001410828581060628,80.57834250172604,0.002287629234061474
Age,34,0.0014098766605679064,4.104771977089372,0.038998859368274345
MaritalStatus_Married,6,0.0014014047296522104,55.53952588758326,0.0033073466413106913
JobRole_Healthcare.Representative,4,0.0013941748951409756,66.89755555588832,0.0027513320142041387
EnvironmentSatisfaction,13,0.001390941931942923,28.958354828943225,0.006275330656700269
EducationField_Marketing,8,-0.0013902853500393467,46.10989011759222,0.003974122877097274
YearsAtCompany,31,0.0013894156395617989,5.426266981584696,0.030514019550383013
YearsSinceLastPromotion,36,0.0013876116814579716,3.4078538085554153,0.0457115666254235
TotalWorkingYears,31,0.0013874910164942066,5.426266981584696,0.030514019550383013
YearsWithCurrManager,22,0.0013862476251453799,12.535380514739407,0.014073092201573845
YearsInCurrentRole,22,0.0013825505579974475,12.535380514739407,0.014073092201573845
StockOptionLevel,7,0.0013821981608394885,50.60554748107793,0.0036256377505363424
YearsSinceLastPromotion,51,0.0013756826130821877,0.8441514093848925,0.1266017686126627
HourlyRate,62,0.0013733890880832727,0.30337228693673607,0.20824831262114743
BusinessTravel_Travel_Frequently,2,-0.00137307573712404,80.57834250172604,0.002287629234061474
Department_Human.Resources,14,-0.0013711817838414524,26.385774398510197,0.00687222038584439
EducationField_Other,7,0.0013680949925988378,50.60554748107793,0.0036256377505363424
BusinessTravel_Non.Travel,3,0.001361253504125559,73.41998463709056,0.002509102196274422
Department_Research...Development,9,0.0013612217814120752,42.01361456372769,0.004355578754279084
JobRole_Laboratory.Technician,3,-0.001360412935461604,73.41998463709056,0.002509102196274422
TrainingTimesLastYear,22,0.0013586966204624852,12.535380514739407,0.014073092201573845
JobRole_Research.Scientist,23,-0.0013573053992351936,11.421771858766357,0.015369604614057982
EducationField_Life.Sciences,26,0.0013546277476312065,8.640151546852218,0.01996496541353593
DistanceFromHome,39,-0.0013534338271728556,2.577916431839545,0.05752656232753796
NumCompaniesWorked,31,-0.0013467947606045547,5.426266981584696,0.030514019550383013
JobInvolvement,7,0.0013457116708736393,50.60554748107793,0.0036256377505363424
PerformanceRating,15,-0.0013433796553424394,24.041734923188066,0.007524343918344403
JobRole_Sales.Executive,29,0.0013405419892565204,6.535957789708103,0.02580426860937734
Gender_Female,37,0.0013352874907202937,3.105109468642019,0.04941019154362132
Gender_Male,37,-0.0013352847510313618,3.105109468642019,0.04941019154362132
PercentSalaryHike,65,0.0013286165337043022,0.22949000966402106,0.2298041132874453
MaritalStatus_Divorced,5,0.0013272237901964968,60.954561097692256,0.0030166944356545557
EducationField_Medical,12,0.0013257991808813857,31.781758675475068,0.005729209202670494
JobSatisfaction,14,0.0013216809649454577,26.385774398510197,0.00687222038584439
JobLevel,8,0.0013195805808083512,46.10989011759222,0.003974122877097274
Education,31,0.0013114188668178935,5.426266981584696,0.030514019550383013
YearsSinceLastPromotion,35,0.0013105054671542517,3.7401153478703777,0.042243735256353186
WorkLifeBalance,15,0.001307007522148782,24.041734923188066,0.007524343918344403
BusinessTravel_Travel_Rarely,14,0.0013058749200390903,26.385774398510197,0.00687222038584439
JobRole_Human.Resources,5,-0.0013021183168233897,60.954561097692256,0.0030166944356545557
EducationField_Technical.Degree,4,-0.0012997003666647589,66.89755555588832,0.0027513320142041387
Age,33,0.0012986907969206954,4.5049821774860765,0.03596839641967879
RelationshipSatisfaction,19,0.0012956909202158115,16.571035314113292,0.010786840274429277
HourlyRate,61,0.0012888522506293786,0.33295071039787305,0.20085025136497922
Department_Sales,9,-0.001288224381581917,42.01361456372769,0.004355578754279084
JobRole_Research.Scientist,53,-0.001282452633491959,0.7008293302347044,0.1409300773546337
YearsAtCompany,30,0.0012815448206052295,5.955321313524936,0.02807095472488541
TotalWorkingYears,30,0.0012780346386535356,5.955321313524936,0.02807095472488541
MaritalStatus_Married,5,0.0012776307994251642,60.954561097692256,0.0030166944356545557
JobRole_Healthcare.Representative,3,0.0012710156678642146,73.41998463709056,0.002509102196274422
YearsWithCurrManager,21,0.0012688526669092323,13.757564639912209,0.012892289388382489
EnvironmentSatisfaction,12,0.0012678875851807557,31.781758675475068,0.005729209202670494
EducationField_Marketing,7,-0.0012674561848648005,50.60554748107793,0.0036256377505363424
YearsInCurrentRole,21,0.001266491793897206,13.757564639912209,0.012892289388382489
StockOptionLevel,6,0.0012600917508305315,55.53952588758326,0.0033073466413106913
JobRole_Research.Scientist,22,-0.0012536851782337906,12.535380514739407,0.014073092201573845
Department_Human.Resources,13,-0.0012513237310746927,28.958354828943225,0.006275330656700269
EducationField_Other,6,0.0012467164935986849,55.53952588758326,0.0033073466413106913
Department_Research...Development,8,0.0012413116318166024,46.10989011759222,0.003974122877097274
BusinessTravel_Non.Travel,2,0.0012405259033633296,80.57834250172604,0.002287629234061474
TrainingTimesLastYear,21,0.0012401636850681746,13.757564639912209,0.012892289388382489
JobRole_Laboratory.Technician,2,-0.0012401485835105755,80.57834250172604,0.002287629234061474
DistanceFromHome,38,-0.0012395693603565383,2.8292601014881646,0.053346563326138276
EducationField_Life.Sciences,25,0.0012358114072278813,9.482555656343228,0.018307052781592482
YearsSinceLastPromotion,34,0.0012337987202879896,4.104771977089372,0.038998859368274345
JobInvolvement,6,0.001226509039392925,55.53952588758326,0.0033073466413106913
PerformanceRating,14,-0.0012245889372704147,26.385774398510197,0.00687222038584439
NumCompaniesWorked,30,-0.0012233422527027366,5.955321313524936,0.02807095472488541
JobRole_Research.Scientist,86,0.0012200370934845003,0.032529615934857266,0.33165302277616854
Education,30,0.001216608391156065,5.955321313524936,0.02807095472488541
JobRole_Sales.Executive,28,0.0012165268017247,7.1732056055193665,0.02370415453768145
MaritalStatus_Divorced,4,0.0012099407351182643,66.89755555588832,0.0027513320142041387
EducationField_Medical,11,0.0012092505891286671,34.88044091153211,0.005229716269062269
HourlyRate,60,0.0012070925341145938,0.3654129936317017,0.19337878178375337
JobSatisfaction,13,0.0012047171353587382,28.958354828943225,0.006275330656700269
JobLevel,7,0.0012039199948028635,50.60554748107793,0.0036256377505363424
Gender_Female,36,0.0011970786624785077,3.4078538085554153,0.0457115666254235
Gender_Male,36,-0.0011970766169932417,3.4078538085554153,0.0457115666254235
Age,32,0.001195299387087672,4.944212378359189,0.03314326871487094
WorkLifeBalance,14,0.0011915003522414143,26.385774398510197,0.00687222038584439
BusinessTravel_Travel_Rarely,13,0.0011912220531383358,28.958354828943225,0.006275330656700269
JobRole_Human.Resources,4,-0.0011874112643464783,66.89755555588832,0.0027513320142041387
EducationField_Technical.Degree,3,-0.0011846120085487477,73.41998463709056,0.002509102196274422
RelationshipSatisfaction,18,0.0011812026785244282,18.186690800181175,0.009862019634632825
YearsAtCompany,29,0.001180913182731701,6.535957789708103,0.02580426860937734
TotalWorkingYears,29,0.0011762180349279112,6.535957789708103,0.02580426860937734
Department_Sales,8,-0.0011747439422625005,46.10989011759222,0.003974122877097274
MaritalStatus_Married,4,0.0011647303994184247,66.89755555588832,0.0027513320142041387
YearsWithCurrManager,20,0.001160444759768839,15.09891020849457,0.011794682731018911
JobRole_Healthcare.Representative,2,0.0011586640368896886,80.57834250172604,0.002287629234061474
YearsSinceLastPromotion,52,0.0011586332724673953,0.7691593247539134,0.13369889095342355
YearsInCurrentRole,20,0.0011582733330986318,15.09891020849457,0.011794682731018911
YearsSinceLastPromotion,33,0.001158269421350202,4.5049821774860765,0.03596839641967879
JobRole_Research.Scientist,21,-0.001157390926087027,13.757564639912209,0.012892289388382489
EnvironmentSatisfaction,11,0.001155678495647871,34.88044091153211,0.005229716269062269
EducationField_Marketing,6,-0.0011554236607773626,55.53952588758326,0.0033073466413106913
StockOptionLevel,5,0.0011487172304468093,60.954561097692256,0.0030166944356545557
Department_Human.Resources,12,-0.0011417861006070035,31.781758675475068,0.005729209202670494
EducationField_Other,5,0.0011360932690322053,60.954561097692256,0.0030166944356545557
DistanceFromHome,37,-0.0011348332764937305,3.105109468642019,0.04941019154362132
Department_Research...Development,7,0.001131882287432633,50.60554748107793,0.0036256377505363424
TrainingTimesLastYear,20,0.0011313479983614844,15.09891020849457,0.011794682731018911
HourlyRate,59,0.00112834393927713,0.4010403094059146,0.18585556874564121
EducationField_Life.Sciences,24,0.0011272827810318944,10.407093126555889,0.016778156220877662
Education,29,0.0011268620074338003,6.535957789708103,0.02580426860937734
JobInvolvement,5,0.0011178371705779862,60.954561097692256,0.0030166944356545557
PerformanceRating,13,-0.0011162567551023354,28.958354828943225,0.006275330656700269
NumCompaniesWorked,29,-0.0011114144267622616,6.535957789708103,0.02580426860937734
PercentSalaryHike,64,0.001104473308767904,0.2518650022992526,0.2227443296176399
JobRole_Sales.Executive,27,0.0011041283019382242,7.872584296685375,0.02176089974062768
MaritalStatus_Divorced,3,0.0011029712338654991,73.41998463709056,0.002509102196274422
EducationField_Medical,10,0.0011028490214871668,38.28124084025998,0.004773020046582687
Age,31,0.0010992989353759688,5.426266981584696,0.030514019550383013
JobLevel,6,0.0010982718461415067,55.53952588758326,0.0033073466413106913
JobSatisfaction,12,0.0010980675039226216,31.781758675475068,0.005729209202670494
Department_Human.Resources,86,0.0010914667177944048,0.032529615934857266,0.33165302277616854
YearsAtCompany,28,0.0010872109409060752,7.1732056055193665,0.02370415453768145
BusinessTravel_Travel_Rarely,12,0.0010865268693584422,31.781758675475068,0.005729209202670494
WorkLifeBalance,13,0.0010861524926002943,28.958354828943225,0.006275330656700269
YearsSinceLastPromotion,32,0.0010845422222916744,4.944212378359189,0.03314326871487094
JobRole_Human.Resources,3,-0.0010827313211776816,73.41998463709056,0.002509102196274422
TotalWorkingYears,28,0.0010816598854706712,7.1732056055193665,0.02370415453768145
EducationField_Technical.Degree,2,-0.0010796600910260843,80.57834250172604,0.002287629234061474
RelationshipSatisfaction,17,0.0010767819284203304,19.95987070160276,0.009013887236348906
Gender_Female,35,0.0010743766360143828,3.7401153478703777,0.042243735256353186
Gender_Male,35,-0.0010743751234549368,3.7401153478703777,0.042243735256353186
Department_Sales,7,-0.001071182398184899,50.60554748107793,0.0036256377505363424
JobRole_Research.Scientist,20,-0.0010665553568262975,15.09891020849457,0.011794682731018911
MaritalStatus_Married,3,0.0010617581750734298,73.41998463709056,0.002509102196274422
YearsWithCurrManager,19,0.0010609660758889566,16.571035314113292,0.010786840274429277
YearsInCurrentRole,19,0.0010589700280167363,16.571035314113292,0.010786840274429277
YearsAtCompany,77,0.0010545726424326162,0.07514763190341218,0.29979010201004386
EnvironmentSatisfaction,10,0.0010533657599749305,38.28124084025998,0.004773020046582687
EducationField_Marketing,5,-0.0010532481170824255,60.954561097692256,0.0030166944356545557
HourlyRate,58,0.0010527928589489192,0.44014124448594455,0.17830319446199555
StockOptionLevel,4,0.0010471407389576496,66.89755555588832,0.0027513320142041387
Education,28,0.0010422274339733147,7.1732056055193665,0.02370415453768145
Department_Human.Resources,11,-0.0010417066034460313,34.88044091153211,0.005229716269062269
DistanceFromHome,36,-0.0010385628324640138,3.4078538085554153,0.0457115666254235
EducationField_Other,4,0.0010352746916653078,66.89755555588832,0.0027513320142041387
Department_Research...Development,6,0.001032031569156169,55.53952588758326,0.0033073466413106913
TrainingTimesLastYear,19,0.0010319724407436795,16.571035314113292,0.010786840274429277
EducationField_Life.Sciences,23,0.001028175160861693,11.421771858766357,0.015369604614057982
JobInvolvement,4,0.001018770537493428,66.89755555588832,0.0027513320142041387
PerformanceRating,12,-0.0010174702537271171,31.781758675475068,0.005729209202670494
YearsSinceLastPromotion,31,0.0010131069335969033,5.426266981584696,0.030514019550383013
Age,30,0.0010102859146273139,5.955321313524936,0.02807095472488541
NumCompaniesWorked,28,-0.0010099125964308038,7.1732056055193665,0.02370415453768145
EducationField_Medical,9,0.0010057276078584531,42.01361456372769,0.004355578754279084
MaritalStatus_Divorced,2,0.001005406366076096,80.57834250172604,0.002287629234061474
JobRole_Sales.Executive,26,0.0010022638665555033,8.640151546852218,0.01996496541353593
JobLevel,5,0.001001790371603173,60.954561097692256,0.0030166944356545557
JobSatisfaction,11,0.0010008287870135206,34.88044091153211,0.005229716269062269
YearsAtCompany,27,0.0010001127424673956,7.872584296685375,0.02176089974062768
TotalWorkingYears,27,9.939741107671926e-4,7.872584296685375,0.02176089974062768
BusinessTravel_Travel_Rarely,11,9.909427763092065e-4,34.88044091153211,0.005229716269062269
Education,56,9.9075549719196e-4,0.5301516871972264,0.16320460471441373
WorkLifeBalance,12,9.900786237284828e-4,31.781758675475068,0.005729209202670494
JobRole_Human.Resources,2,-9.873467473011277e-4,80.57834250172604,0.002287629234061474
JobRole_Research.Scientist,19,-9.81875568016813e-4,16.571035314113292,0.010786840274429277
RelationshipSatisfaction,16,9.815514996456747e-4,21.90593345441005,0.008236509993048641
HourlyRate,57,9.80579458411116e-4,0.48305447246590155,0.17074495106833817
Department_Sales,6,-9.766859313994614e-4,55.53952588758326,0.0033073466413106913
YearsWithCurrManager,18,9.697352431069653e-4,18.186690800181175,0.009862019634632825
YearsInCurrentRole,18,9.679014402858297e-4,18.186690800181175,0.009862019634632825
MaritalStatus_Married,2,9.676721457479577e-4,80.57834250172604,0.002287629234061474
Gender_Female,34,9.652995179965732e-4,4.104771977089372,0.038998859368274345
Gender_Male,34,-9.652984085468353e-4,4.104771977089372,0.038998859368274345
Education,27,9.626795463776079e-4,7.872584296685375,0.02176089974062768
EnvironmentSatisfaction,9,9.60082333319041e-4,42.01361456372769,0.004355578754279084
EducationField_Marketing,4,-9.600700794321361e-4,66.89755555588832,0.0027513320142041387
StockOptionLevel,3,9.545081850648743e-4,73.41998463709056,0.002509102196274422
Department_Human.Resources,10,-9.502905449667967e-4,38.28124084025998,0.004773020046582687
DistanceFromHome,35,-9.501328174983693e-4,3.7401153478703777,0.042243735256353186
YearsSinceLastPromotion,30,9.443359617921387e-4,5.955321313524936,0.02807095472488541
EducationField_Other,3,9.4339374105037e-4,73.41998463709056,0.002509102196274422
TrainingTimesLastYear,18,9.412360034414854e-4,18.186690800181175,0.009862019634632825
Department_Research...Development,5,9.409325959635696e-4,60.954561097692256,0.0030166944356545557
EducationField_Life.Sciences,22,9.376904743008943e-4,12.535380514739407,0.014073092201573845
JobInvolvement,3,9.284640967637774e-4,73.41998463709056,0.002509102196274422
Age,29,9.278603293259575e-4,6.535957789708103,0.02580426860937734
PerformanceRating,11,-9.27394865976003e-4,34.88044091153211,0.005229716269062269
YearsAtCompany,26,9.192836813807359e-4,8.640151546852218,0.01996496541353593
NumCompaniesWorked,27,-9.178440981595758e-4,7.872584296685375,0.02176089974062768
EducationField_Medical,8,9.170907527070026e-4,46.10989011759222,0.003974122877097274
JobLevel,4,9.13697723941193e-4,66.89755555588832,0.0027513320142041387
TotalWorkingYears,26,9.127744824763194e-4,8.640151546852218,0.01996496541353593
JobSatisfaction,10,9.121757383366219e-4,38.28124084025998,0.004773020046582687
HourlyRate,56,9.117999796338095e-4,0.5301516871972264,0.16320460471441373
JobRole_Sales.Executive,25,9.099450190554466e-4,9.482555656343228,0.018307052781592482
PercentSalaryHike,63,9.048458727049334e-4,0.2764215290943355,0.21555239569290216
BusinessTravel_Travel_Rarely,10,9.036920899830096e-4,38.28124084025998,0.004773020046582687
JobRole_Research.Scientist,18,-9.031015842082651e-4,18.186690800181175,0.009862019634632825
WorkLifeBalance,11,9.024691826130196e-4,34.88044091153211,0.005229716269062269
Education,59,-8.980406956273212e-4,0.4010403094059146,0.18585556874564121
RelationshipSatisfaction,15,8.947093063366676e-4,24.041734923188066,0.007524343918344403
Department_Sales,5,-8.904719854464803e-4,60.954561097692256,0.0030166944356545557
YearsSinceLastPromotion,53,8.894866144096055e-4,0.7008293302347044,0.1409300773546337
Education,26,8.881351343142496e-4,8.640151546852218,0.01996496541353593
YearsWithCurrManager,17,8.861140901196842e-4,19.95987070160276,0.009013887236348906
YearsInCurrentRole,17,8.84430269602223e-4,19.95987070160276,0.009013887236348906
YearsSinceLastPromotion,29,8.785005374833752e-4,6.535957789708103,0.02580426860937734
EducationField_Marketing,3,-8.751036775157036e-4,73.41998463709056,0.002509102196274422
EnvironmentSatisfaction,8,8.750361636969302e-4,46.10989011759222,0.003974122877097274
StockOptionLevel,2,8.698640169221407e-4,80.57834250172604,0.002287629234061474
DistanceFromHome,34,-8.689551238136662e-4,4.104771977089372,0.038998859368274345
Gender_Female,33,8.682029422985895e-4,4.5049821774860765,0.03596839641967879
Gender_Male,33,-8.682021341258477e-4,4.5049821774860765,0.03596839641967879
Department_Human.Resources,9,-8.668062887097662e-4,42.01361456372769,0.004355578754279084
YearsAtCompany,79,-8.618404796666491e-4,0.06238888420972765,0.3083722059616063
EducationField_Other,2,8.596399122096594e-4,80.57834250172604,0.002287629234061474
TrainingTimesLastYear,17,8.58402656944525e-4,19.95987070160276,0.009013887236348906
Department_Research...Development,4,8.578279046799365e-4,66.89755555588832,0.0027513320142041387
EducationField_Life.Sciences,21,8.546328697480071e-4,13.757564639912209,0.012892289388382489
Age,28,8.516288022378508e-4,7.1732056055193665,0.02370415453768145
JobRole_Research.Scientist,56,8.465628526022986e-4,0.5301516871972264,0.16320460471441373
HourlyRate,55,8.465097862860683e-4,0.5818408222230168,0.15570613377828724
JobInvolvement,2,8.461272564829435e-4,80.57834250172604,0.002287629234061474
PerformanceRating,10,-8.452678454712179e-4,38.28124084025998,0.004773020046582687
YearsAtCompany,25,8.443844868668681e-4,9.482555656343228,0.018307052781592482
TotalWorkingYears,25,8.376785552129399e-4,9.482555656343228,0.018307052781592482
EducationField_Medical,7,8.362087454423945e-4,50.60554748107793,0.0036256377505363424
NumCompaniesWorked,26,-8.343123410916977e-4,8.640151546852218,0.01996496541353593
JobLevel,3,8.332805767946358e-4,73.41998463709056,0.002509102196274422
JobSatisfaction,9,8.313545910656471e-4,42.01361456372769,0.004355578754279084
JobRole_Research.Scientist,17,-8.299616465504914e-4,19.95987070160276,0.009013887236348906
JobRole_Sales.Executive,24,8.262714906777731e-4,10.407093126555889,0.016778156220877662
YearsSinceLastPromotion,57,-8.251755096725068e-4,0.48305447246590155,0.17074495106833817
BusinessTravel_Travel_Rarely,9,8.240609461991421e-4,42.01361456372769,0.004355578754279084
WorkLifeBalance,10,8.225841170237156e-4,38.28124084025998,0.004773020046582687
Education,25,8.184656213936722e-4,9.482555656343228,0.018307052781592482
YearsSinceLastPromotion,28,8.15785630884144e-4,7.1732056055193665,0.02370415453768145
RelationshipSatisfaction,14,8.155221413917633e-4,26.385774398510197,0.00687222038584439
Department_Sales,4,-8.118237007759054e-4,66.89755555588832,0.0027513320142041387
YearsWithCurrManager,16,8.095063733586154e-4,21.90593345441005,0.008236509993048641
YearsInCurrentRole,16,8.079610898169893e-4,21.90593345441005,0.008236509993048641
EducationField_Marketing,2,-7.975680885215876e-4,80.57834250172604,0.002287629234061474
EnvironmentSatisfaction,7,7.975038690818989e-4,50.60554748107793,0.0036256377505363424
DistanceFromHome,33,-7.944779914506146e-4,4.5049821774860765,0.03596839641967879
Department_Human.Resources,8,-7.90580888434473e-4,46.10989011759222,0.003974122877097274
HourlyRate,54,7.847269577189211e-4,0.6385695841032256,0.14827344551453722
TrainingTimesLastYear,16,7.827965783953036e-4,21.90593345441005,0.008236509993048641
Department_Research...Development,3,7.820241869905349e-4,73.41998463709056,0.002509102196274422
Gender_Female,32,7.816516409809087e-4,4.944212378359189,0.03314326871487094
Gender_Male,32,-7.816510557554604e-4,4.944212378359189,0.03314326871487094
Age,27,7.812071870530274e-4,7.872584296685375,0.02176089974062768
EducationField_Life.Sciences,20,7.793265139781702e-4,15.09891020849457,0.011794682731018911
YearsAtCompany,24,7.750759286340466e-4,10.407093126555889,0.016778156220877662
PerformanceRating,9,-7.703922887073077e-4,42.01361456372769,0.004355578754279084
TotalWorkingYears,24,7.683109522250443e-4,10.407093126555889,0.016778156220877662
EducationField_Medical,6,7.624126971309564e-4,55.53952588758326,0.0033073466413106913
JobRole_Research.Scientist,16,-7.621701766238858e-4,21.90593345441005,0.008236509993048641
JobLevel,2,7.594338564244824e-4,80.57834250172604,0.002287629234061474
NumCompaniesWorked,25,-7.585076527062597e-4,9.482555656343228,0.018307052781592482
JobSatisfaction,8,7.576770190287902e-4,46.10989011759222,0.003974122877097274
YearsSinceLastPromotion,27,7.563035021424235e-4,7.872584296685375,0.02176089974062768
Education,24,7.535079231726654e-4,10.407093126555889,0.016778156220877662
BusinessTravel_Travel_Rarely,8,7.513944973197109e-4,46.10989011759222,0.003974122877097274
JobRole_Sales.Executive,23,7.504250279763193e-4,11.421771858766357,0.015369604614057982
WorkLifeBalance,9,7.497471140946942e-4,42.01361456372769,0.004355578754279084
RelationshipSatisfaction,13,7.433199471058143e-4,28.958354828943225,0.006275330656700269
Department_Sales,3,-7.400847526585577e-4,73.41998463709056,0.002509102196274422
YearsWithCurrManager,15,7.393562654145521e-4,24.041734923188066,0.007524343918344403
YearsInCurrentRole,15,7.37938843730336e-4,24.041734923188066,0.007524343918344403
PercentSalaryHike,62,7.280074103237627e-4,0.30337228693673607,0.20824831262114743
EnvironmentSatisfaction,6,7.268249200167741e-4,55.53952588758326,0.0033073466413106913
HourlyRate,53,7.264362435637637e-4,0.7008293302347044,0.1409300773546337
DistanceFromHome,32,-7.261849955986897e-4,4.944212378359189,0.03314326871487094
Department_Human.Resources,7,-7.209959098345768e-4,50.60554748107793,0.0036256377505363424
Age,26,7.162227231841773e-4,8.640151546852218,0.01996496541353593
TrainingTimesLastYear,15,7.13797644775697e-4,24.041734923188066,0.007524343918344403
Department_Research...Development,2,7.126367610740888e-4,80.57834250172604,0.002287629234061474
YearsAtCompany,23,7.110224926166446e-4,11.421771858766357,0.015369604614057982
EducationField_Life.Sciences,19,7.106032783461257e-4,16.571035314113292,0.010786840274429277
Gender_Female,31,7.043935407451128e-4,5.426266981584696,0.030514019550383013
Gender_Male,31,-7.043931191373431e-4,5.426266981584696,0.030514019550383013
TotalWorkingYears,23,7.043060492076616e-4,11.421771858766357,0.015369604614057982
PerformanceRating,8,-7.021316179251702e-4,46.10989011759222,0.003974122877097274
YearsSinceLastPromotion,26,7.001058766718627e-4,8.640151546852218,0.01996496541353593
JobRole_Research.Scientist,15,-6.994343241967056e-4,24.041734923188066,0.007524343918344403
EducationField_Medical,5,6.95089798665797e-4,60.954561097692256,0.0030166944356545557
Education,23,6.930736258563847e-4,11.421771858766357,0.015369604614057982
JobSatisfaction,7,6.905145815752553e-4,50.60554748107793,0.0036256377505363424
NumCompaniesWorked,24,-6.896988972298297e-4,10.407093126555889,0.016778156220877662
BusinessTravel_Travel_Rarely,7,6.85092395204802e-4,50.60554748107793,0.0036256377505363424
WorkLifeBalance,8,6.833402743347119e-4,46.10989011759222,0.003974122877097274
JobRole_Sales.Executive,22,6.816631557790573e-4,12.535380514739407,0.014073092201573845
RelationshipSatisfaction,12,6.774905316831345e-4,31.781758675475068,0.005729209202670494
YearsWithCurrManager,14,6.751466677885998e-4,26.385774398510197,0.00687222038584439
Department_Sales,2,-6.744967863597053e-4,80.57834250172604,0.002287629234061474
YearsInCurrentRole,14,6.73847160220507e-4,26.385774398510197,0.00687222038584439
HourlyRate,52,6.715932043758045e-4,0.7691593247539134,0.13369889095342355
DistanceFromHome,31,-6.635938358692969e-4,5.426266981584696,0.030514019550383013
EnvironmentSatisfaction,5,6.623962920428413e-4,60.954561097692256,0.0030166944356545557
Department_Human.Resources,6,-6.574834560779593e-4,55.53952588758326,0.0033073466413106913
Age,25,6.563157590599591e-4,9.482555656343228,0.018307052781592482
YearsAtCompany,22,6.518953901204718e-4,12.535380514739407,0.014073092201573845
TrainingTimesLastYear,14,6.5083719244134e-4,26.385774398510197,0.00687222038584439
JobRole_Research.Scientist,54,-6.482433919472772e-4,0.6385695841032256,0.14827344551453722
EducationField_Life.Sciences,18,6.478969617451806e-4,18.186690800181175,0.009862019634632825
YearsSinceLastPromotion,25,6.471947707978734e-4,9.482555656343228,0.018307052781592482
TotalWorkingYears,22,6.453101086877746e-4,12.535380514739407,0.014073092201573845
JobRole_Research.Scientist,14,-6.414592786282442e-4,26.385774398510197,0.00687222038584439
PerformanceRating,7,-6.399044962022124e-4,50.60554748107793,0.0036256377505363424
Education,22,6.369566683825799e-4,12.535380514739407,0.014073092201573845
Gender_Female,30,6.353364567302178e-4,5.955321313524936,0.02807095472488541
Gender_Male,30,-6.35336154356061e-4,5.955321313524936,0.02807095472488541
EducationField_Medical,4,6.336788922942558e-4,66.89755555588832,0.0027513320142041387
JobSatisfaction,6,6.292936180904282e-4,55.53952588758326,0.0033073466413106913
NumCompaniesWorked,23,-6.272258325455686e-4,11.421771858766357,0.015369604614057982
BusinessTravel_Travel_Rarely,6,6.246045572827735e-4,55.53952588758326,0.0033073466413106913
WorkLifeBalance,7,6.227992026166683e-4,50.60554748107793,0.0036256377505363424
JobRole_Sales.Executive,21,6.20961844573772e-4,13.757564639912209,0.012892289388382489
HourlyRate,51,6.201283852938871e-4,0.8441514093848925,0.1266017686126627
RelationshipSatisfaction,11,6.174747020806169e-4,34.88044091153211,0.005229716269062269
YearsWithCurrManager,13,6.163974018491185e-4,28.958354828943225,0.006275330656700269
YearsInCurrentRole,13,6.152065482241256e-4,28.958354828943225,0.006275330656700269
DistanceFromHome,30,-6.062549786671813e-4,5.955321313524936,0.02807095472488541
EnvironmentSatisfaction,4,6.03667553818136e-4,66.89755555588832,0.0027513320142041387
Age,24,6.011410773323038e-4,10.407093126555889,0.016778156220877662
Department_Human.Resources,5,-5.99522405447351e-4,60.954561097692256,0.0030166944356545557
YearsAtCompany,21,5.987365667103323e-4,13.757564639912209,0.012892289388382489
YearsSinceLastPromotion,24,5.975320204915337e-4,10.407093126555889,0.016778156220877662
TrainingTimesLastYear,13,5.93394040020772e-4,28.958354828943225,0.006275330656700269
TotalWorkingYears,21,5.921556969667626e-4,13.757564639912209,0.012892289388382489
EducationField_Life.Sciences,17,5.906883985041372e-4,19.95987070160276,0.009013887236348906
JobRole_Research.Scientist,13,-5.879525117559023e-4,28.958354828943225,0.006275330656700269
Education,21,5.878793488434706e-4,13.757564639912209,0.012892289388382489
PerformanceRating,6,-5.831801465313487e-4,55.53952588758326,0.0033073466413106913
EducationField_Medical,3,5.776663350037808e-4,73.41998463709056,0.002509102196274422
Gender_Female,29,5.735273401033565e-4,6.535957789708103,0.02580426860937734
Gender_Male,29,-5.735271240958878e-4,6.535957789708103,0.02580426860937734
JobSatisfaction,5,5.734905596441486e-4,60.954561097692256,0.0030166944356545557
PercentSalaryHike,61,5.727513696512957e-4,0.33295071039787305,0.20085025136497922
HourlyRate,50,5.719513959774022e-4,0.9264551296891429,0.11965932261972216
NumCompaniesWorked,22,-5.704921631328684e-4,12.535380514739407,0.014073092201573845
BusinessTravel_Travel_Rarely,5,5.694272094592254e-4,60.954561097692256,0.0030166944356545557
WorkLifeBalance,6,5.67608488408814e-4,55.53952588758326,0.0033073466413106913
JobRole_Sales.Executive,20,5.641336902200092e-4,15.09891020849457,0.011794682731018911
RelationshipSatisfaction,10,5.627617846817349e-4,38.28124084025998,0.004773020046582687
YearsWithCurrManager,12,5.626633236050519e-4,31.781758675475068,0.005729209202670494
YearsSinceLastPromotion,54,5.625387375180565e-4,0.6385695841032256,0.14827344551453722
YearsInCurrentRole,12,5.615725136448338e-4,31.781758675475068,0.005729209202670494
DistanceFromHome,29,-5.537501961661814e-4,6.535957789708103,0.02580426860937734
YearsSinceLastPromotion,23,5.510475862905261e-4,11.421771858766357,0.015369604614057982
Age,23,5.503688598321366e-4,11.421771858766357,0.015369604614057982
EnvironmentSatisfaction,3,5.50136387146057e-4,73.41998463709056,0.002509102196274422
YearsAtCompany,20,5.482975161283876e-4,15.09891020849457,0.011794682731018911
Department_Human.Resources,4,-5.466348647257898e-4,66.89755555588832,0.0027513320142041387
TotalWorkingYears,20,5.419859571032307e-4,15.09891020849457,0.011794682731018911
TrainingTimesLastYear,12,5.409907689288587e-4,31.781758675475068,0.005729209202670494
Education,20,5.392632994217976e-4,15.09891020849457,0.011794682731018911
JobRole_Research.Scientist,12,-5.386271061739808e-4,31.781758675475068,0.005729209202670494
EducationField_Life.Sciences,16,5.38501854798157e-4,21.90593345441005,0.008236509993048641
PerformanceRating,5,-5.314740473697212e-4,60.954561097692256,0.0030166944356545557
HourlyRate,49,5.269547981414996e-4,1.0167833611185435,0.11289062811556416
EducationField_Medical,2,5.26540448573861e-4,80.57834250172604,0.002287629234061474
JobSatisfaction,4,5.226276268941731e-4,66.89755555588832,0.0027513320142041387
BusinessTravel_Travel_Rarely,4,5.190991972044067e-4,66.89755555588832,0.0027513320142041387
NumCompaniesWorked,21,-5.186361634501186e-4,13.757564639912209,0.012892289388382489
Gender_Female,28,5.181339569257176e-4,7.1732056055193665,0.02370415453768145
Gender_Male,28,-5.181338031523998e-4,7.1732056055193665,0.02370415453768145
WorkLifeBalance,5,5.172975484498079e-4,60.954561097692256,0.0030166944356545557
YearsWithCurrManager,11,5.135324003636439e-4,34.88044091153211,0.005229716269062269
RelationshipSatisfaction,9,5.128855065009239e-4,42.01361456372769,0.004355578754279084
JobRole_Sales.Executive,19,5.12605080311473e-4,16.571035314113292,0.010786840274429277
YearsInCurrentRole,11,5.125336375926036e-4,34.88044091153211,0.005229716269062269
YearsSinceLastPromotion,22,5.076467248665327e-4,12.535380514739407,0.014073092201573845
DistanceFromHome,28,-5.05691038495297e-4,7.1732056055193665,0.02370415453768145
Age,22,5.036853317056555e-4,12.535380514739407,0.014073092201573845
YearsAtCompany,19,5.018936501733002e-4,16.571035314113292,0.010786840274429277
EnvironmentSatisfaction,2,5.013494519519951e-4,80.57834250172604,0.002287629234061474
Department_Human.Resources,3,-4.983827446783775e-4,73.41998463709056,0.002509102196274422
TotalWorkingYears,19,4.958780270390695e-4,16.571035314113292,0.010786840274429277
Education,19,4.943738240929597e-4,16.571035314113292,0.010786840274429277
JobRole_Research.Scientist,11,-4.932043079096274e-4,34.88044091153211,0.005229716269062269
TrainingTimesLastYear,11,4.931902536291097e-4,34.88044091153211,0.005229716269062269
EducationField_Life.Sciences,15,4.909016437636303e-4,24.041734923188066,0.007524343918344403
HourlyRate,48,4.8501772928923997e-4,1.1159184836014817,0.10631298928575754
PerformanceRating,4,-4.8434397827015806e-4,66.89755555588832,0.0027513320142041387
JobSatisfaction,3,4.7626887556670477e-4,73.41998463709056,0.002509102196274422
BusinessTravel_Travel_Rarely,3,4.7319857375188165e-4,73.41998463709056,0.002509102196274422
NumCompaniesWorked,20,-4.718695881939281e-4,15.09891020849457,0.011794682731018911
WorkLifeBalance,4,4.714368061690308e-4,66.89755555588832,0.0027513320142041387
YearsWithCurrManager,10,4.686237805702734e-4,38.28124084025998,0.004773020046582687
Gender_Female,27,4.684288261063451e-4,7.872584296685375,0.02176089974062768
Gender_Male,27,-4.684287169744951e-4,7.872584296685375,0.02176089974062768
YearsSinceLastPromotion,21,4.682914001417744e-4,13.757564639912209,0.012892289388382489
YearsInCurrentRole,10,4.67709647485304e-4,38.28124084025998,0.004773020046582687
RelationshipSatisfaction,8,4.6742021091530494e-4,46.10989011759222,0.003974122877097274
JobRole_Sales.Executive,18,4.658698202378275e-4,18.186690800181175,0.009862019634632825
Age,21,4.6207692737197973e-4,13.757564639912209,0.012892289388382489
DistanceFromHome,27,-4.61717269603313e-4,7.872584296685375,0.02176089974062768
YearsAtCompany,18,4.592371803298011e-4,18.186690800181175,0.009862019634632825
Department_Human.Resources,2,-4.542442847942191e-4,80.57834250172604,0.002287629234061474
TotalWorkingYears,18,4.535338578180714e-4,18.186690800181175,0.009862019634632825
Education,18,4.529755916351163e-4,18.186690800181175,0.009862019634632825
JobRole_Research.Scientist,10,-4.514154274235462e-4,38.28124084025998,0.004773020046582687
TrainingTimesLastYear,10,4.4959243221382854e-4,38.28124084025998,0.004773020046582687
Education,57,4.492683128927325e-4,0.48305447246590155,0.17074495106833817
EducationField_Life.Sciences,14,4.474889576884953e-4,26.385774398510197,0.00687222038584439
HourlyRate,47,4.4600921585837846e-4,1.2247191581435093,0.09994174703233644
PerformanceRating,3,-4.413862410655149e-4,73.41998463709056,0.002509102196274422
PercentSalaryHike,60,4.375780825663619e-4,0.3654129936317017,0.19337878178375337
JobSatisfaction,2,4.3402922533168674e-4,80.57834250172604,0.002287629234061474
BusinessTravel_Travel_Rarely,2,4.313160740667129e-4,80.57834250172604,0.002287629234061474
YearsSinceLastPromotion,20,4.3053478906501856e-4,15.09891020849457,0.011794682731018911
WorkLifeBalance,3,4.296341789554576e-4,73.41998463709056,0.002509102196274422
NumCompaniesWorked,19,-4.2936894102796824e-4,16.571035314113292,0.010786840274429277
YearsWithCurrManager,9,4.275858821362994e-4,42.01361456372769,0.004355578754279084
YearsInCurrentRole,9,4.2674950647691377e-4,42.01361456372769,0.004355578754279084
RelationshipSatisfaction,7,4.2597738327712e-4,50.60554748107793,0.0036256377505363424
Gender_Female,26,4.237752172012794e-4,8.640151546852218,0.01996496541353593
Gender_Male,26,-4.237751399641257e-4,8.640151546852218,0.01996496541353593
JobRole_Sales.Executive,17,4.234710533559161e-4,19.95987070160276,0.009013887236348906
Age,20,4.224897322753998e-4,15.09891020849457,0.011794682731018911
DistanceFromHome,26,-4.2149529187467084e-4,8.640151546852218,0.01996496541353593
YearsAtCompany,17,4.200550284512408e-4,19.95987070160276,0.009013887236348906
Education,17,4.148390584472858e-4,19.95987070160276,0.009013887236348906
TotalWorkingYears,17,4.1467220713253046e-4,19.95987070160276,0.009013887236348906
JobRole_Research.Scientist,9,-4.130031981762654e-4,42.01361456372769,0.004355578754279084
TrainingTimesLastYear,9,4.0983130676338725e-4,42.01361456372769,0.004355578754279084
HourlyRate,46,4.0979114985596147e-4,1.3441277641381963,0.09379013403298568
EducationField_Life.Sciences,13,4.078989127296365e-4,28.958354828943225,0.006275330656700269
PerformanceRating,2,-4.022898342146095e-4,80.57834250172604,0.002287629234061474
YearsSinceLastPromotion,19,3.955117175905349e-4,16.571035314113292,0.010786840274429277
WorkLifeBalance,2,3.915303648300906e-4,80.57834250172604,0.002287629234061474
NumCompaniesWorked,18,-3.9073781675233324e-4,18.186690800181175,0.009862019634632825
YearsWithCurrManager,8,3.9009451932532196e-4,46.10989011759222,0.003974122877097274
YearsInCurrentRole,8,3.893295413856994e-4,46.10989011759222,0.003974122877097274
RelationshipSatisfaction,6,3.882024631438976e-4,55.53952588758326,0.0033073466413106913
Age,19,3.8618065737440607e-4,16.571035314113292,0.010786840274429277
JobRole_Sales.Executive,16,3.8499650030413246e-4,21.90593345441005,0.008236509993048641
DistanceFromHome,25,-3.847165798716544e-4,9.482555656343228,0.018307052781592482
YearsAtCompany,16,3.840891043059234e-4,21.90593345441005,0.008236509993048641
Gender_Female,25,3.836149984962534e-4,9.482555656343228,0.018307052781592482
Gender_Male,25,-3.8361494396678864e-4,9.482555656343228,0.018307052781592482
Education,16,3.797422584743592e-4,21.90593345441005,0.008236509993048641
TotalWorkingYears,16,3.790285639742718e-4,21.90593345441005,0.008236509993048641
JobRole_Research.Scientist,8,-3.7772268808795596e-4,46.10989011759222,0.003974122877097274
HourlyRate,45,3.7622091990525107e-4,1.4751785618066122,0.08786918051693175
TrainingTimesLastYear,8,3.7357216221610884e-4,46.10989011759222,0.003974122877097274
EducationField_Life.Sciences,12,3.71797799452093e-4,31.781758675475068,0.005729209202670494
YearsSinceLastPromotion,18,3.630772417154463e-4,18.186690800181175,0.009862019634632825
YearsWithCurrManager,7,3.5585108374772655e-4,50.60554748107793,0.0036256377505363424
NumCompaniesWorked,17,-3.556176435438384e-4,19.95987070160276,0.009013887236348906
YearsInCurrentRole,7,3.55151624734921e-4,50.60554748107793,0.0036256377505363424
RelationshipSatisfaction,5,3.537719212494992e-4,60.954561097692256,0.0030166944356545557
Age,18,3.5289676020380404e-4,18.186690800181175,0.009862019634632825
YearsAtCompany,15,3.510963466013593e-4,24.041734923188066,0.007524343918344403
DistanceFromHome,24,-3.5109613952091843e-4,10.407093126555889,0.016778156220877662
JobRole_Sales.Executive,15,3.500741069910837e-4,24.041734923188066,0.007524343918344403
Education,15,3.4747210292610523e-4,24.041734923188066,0.007524343918344403
Gender_Female,24,3.4745812731012125e-4,10.407093126555889,0.016778156220877662
Gender_Male,24,-3.4745808889730866e-4,10.407093126555889,0.016778156220877662
TotalWorkingYears,15,3.4635488900345874e-4,24.041734923188066,0.007524343918344403
JobRole_Research.Scientist,7,-3.4534184631984584e-4,50.60554748107793,0.0036256377505363424
HourlyRate,44,3.451535418100014e-4,1.6190066504645788,0.08218771800792075
TrainingTimesLastYear,7,3.4050899205885184e-4,50.60554748107793,0.0036256377505363424
EducationField_Life.Sciences,11,3.3888053094849996e-4,34.88044091153211,0.005229716269062269
YearsSinceLastPromotion,17,3.3308438833877925e-4,19.95987070160276,0.009013887236348906
YearsWithCurrManager,6,3.245807911540596e-4,55.53952588758326,0.0033073466413106913
YearsInCurrentRole,6,3.239414226308542e-4,55.53952588758326,0.0033073466413106913
NumCompaniesWorked,16,-3.2368395607913373e-4,21.90593345441005,0.008236509993048641
Age,17,3.2240159181120843e-4,19.95987070160276,0.009013887236348906
RelationshipSatisfaction,4,3.223905806818716e-4,66.89755555588832,0.0027513320142041387
PercentSalaryHike,59,3.2093742202978447e-4,0.4010403094059146,0.18585556874564121
YearsAtCompany,14,3.20848572253996e-4,26.385774398510197,0.00687222038584439
DistanceFromHome,23,-3.2037100558327377e-4,11.421771858766357,0.015369604614057982
JobRole_Sales.Executive,14,3.183680835001745e-4,26.385774398510197,0.00687222038584439
Education,14,3.1782527613578247e-4,26.385774398510197,0.00687222038584439
HourlyRate,43,3.164443297214949e-4,1.7768578002099231,0.07675218463479885
TotalWorkingYears,14,3.164192087375398e-4,26.385774398510197,0.00687222038584439
JobRole_Research.Scientist,6,-3.156417560486762e-4,55.53952588758326,0.0033073466413106913
Gender_Female,23,3.1487358383170696e-4,11.421771858766357,0.015369604614057982
Gender_Male,23,-3.1487355682592003e-4,11.421771858766357,0.015369604614057982
TrainingTimesLastYear,6,3.1036211897561425e-4,55.53952588758326,0.0033073466413106913
EducationField_Life.Sciences,10,3.0886827926071266e-4,38.28124084025998,0.004773020046582687
YearsSinceLastPromotion,16,3.0538647973834854e-4,21.90593345441005,0.008236509993048641
YearsWithCurrManager,5,2.9603100245937394e-4,60.954561097692256,0.0030166944356545557
YearsInCurrentRole,5,2.954467169249576e-4,60.954561097692256,0.0030166944356545557
NumCompaniesWorked,15,-2.946430440943381e-4,24.041734923188066,0.007524343918344403
Age,16,2.944746271879756e-4,21.90593345441005,0.008236509993048641
RelationshipSatisfaction,3,2.937891522849088e-4,73.41998463709056,0.002509102196274422
YearsAtCompany,13,2.9313217315476807e-4,28.958354828943225,0.006275330656700269
DistanceFromHome,22,-2.9229878739455946e-4,12.535380514739407,0.014073092201573845
Education,13,2.906088018956406e-4,28.958354828943225,0.006275330656700269
HourlyRate,42,2.899493201776819e-4,1.950099242187098,0.0715670054939172
JobRole_Sales.Executive,13,2.8957531148589353e-4,28.958354828943225,0.006275330656700269
TotalWorkingYears,13,2.8900509678896606e-4,28.958354828943225,0.006275330656700269
YearsSinceLastPromotion,56,-2.886174250252063e-4,0.5301516871972264,0.16320460471441373
JobRole_Research.Scientist,5,-2.8841665334198484e-4,60.954561097692256,0.0030166944356545557
Gender_Female,22,2.854815614201874e-4,12.535380514739407,0.014073092201573845
Gender_Male,22,-2.854815428067969e-4,12.535380514739407,0.014073092201573845
DailyRate,100,2.8491552147860965e-4,0.008843463142112108,0.35443528922548545
DailyRate,99,2.833930234119376e-4,0.009705689881151381,0.35353045399695915
TrainingTimesLastYear,5,2.828759986163602e-4,60.954561097692256,0.0030166944356545557
DailyRate,98,2.8169310288444593e-4,0.010651982662822088,0.3525440401067922
EducationField_Life.Sciences,9,2.8150629018620465e-4,42.01361456372769,0.004355578754279084
YearsSinceLastPromotion,15,2.7983897248104505e-4,24.041734923188066,0.007524343918344403
DailyRate,97,2.7981654995841426e-4,0.011690537822500678,0.35146768034404935
DailyRate,96,2.7775173228802814e-4,0.012830350828144373,0.35029496581932634
DailyRate,95,2.754997999262174e-4,0.01408129419473126,0.34901816324757234
DailyRate,94,2.730189328582146e-4,0.015454202995262095,0.3476323679042937
DailyRate,93,2.703138043595669e-4,0.01696096870897924,0.34612886181282204
YearsWithCurrManager,4,2.699696247139901e-4,66.89755555588832,0.0027513320142041387
YearsInCurrentRole,4,2.6943580735138957e-4,66.89755555588832,0.0027513320142041387
Age,15,2.689106209353766e-4,24.041734923188066,0.007524343918344403
NumCompaniesWorked,14,-2.6822893942187934e-4,26.385774398510197,0.00687222038584439
YearsAtCompany,12,2.677476944418145e-4,31.781758675475068,0.005729209202670494
RelationshipSatisfaction,2,2.677454248302232e-4,80.57834250172604,0.002287629234061474
DailyRate,92,2.673740720280862e-4,0.01861464221967107,0.344500061431348
DistanceFromHome,21,-2.667132177496049e-4,13.757564639912209,0.012892289388382489
Education,12,2.6564034378680527e-4,31.781758675475068,0.005729209202670494
HourlyRate,41,2.655275871148089e-4,2.140231510889284,0.06663444590104296
DailyRate,91,2.6419057170142446e-4,0.020429546856183922,0.34273819803571226
TotalWorkingYears,12,2.639110707688693e-4,31.781758675475068,0.005729209202670494
JobRole_Research.Scientist,4,-2.634737628791464e-4,66.89755555588832,0.0027513320142041387
JobRole_Sales.Executive,12,2.6342209497062417e-4,31.781758675475068,0.005729209202670494
DailyRate,90,2.607559108055438e-4,0.0224214024542444,0.34083549706942634
TrainingTimesLastYear,4,2.578171948182022e-4,66.89755555588832,0.0027513320142041387
Gender_Female,21,2.5722459903869556e-4,13.757564639912209,0.012892289388382489
DailyRate,89,2.5707746688591505e-4,0.024607461514156204,0.3387857836774415
Gender_Male,21,-0.00025699260004160976,13.757564639912209,0.012892289388382489
EducationField_Life.Sciences,8,2.5656186622455865e-4,46.10989011759222,0.003974122877097274
YearsSinceLastPromotion,14,2.5630088321710085e-4,26.385774398510197,0.00687222038584439
DailyRate,88,2.531080805724224e-4,0.027006658633704324,0.33657437421617786
DailyRate,87,2.4888993912756935e-4,0.029639774510582882,0.3342002285797351
YearsWithCurrManager,3,2.461836003245713e-4,73.41998463709056,0.002509102196274422
YearsInCurrentRole,3,2.4569605849213307e-4,73.41998463709056,0.002509102196274422
Age,14,2.455189102624042e-4,26.385774398510197,0.00687222038584439
YearsAtCompany,11,2.4450932342141423e-4,34.88044091153211,0.005229716269062269
DailyRate,86,2.444086921725341e-4,0.032529615934857266,0.33165302277616854
NumCompaniesWorked,13,-2.442007076022088e-4,28.958354828943225,0.006275330656700269
DistanceFromHome,20,-2.4328616109658825e-4,15.09891020849457,0.011794682731018911
HourlyRate,40,2.4304205056478224e-4,2.3489014410703275,0.06195480370237651
Education,11,2.4274829338541952e-4,34.88044091153211,0.005229716269062269
TotalWorkingYears,11,2.4094992920301899e-4,34.88044091153211,0.005229716269062269
JobRole_Research.Scientist,3,-2.4063305017683458e-4,73.41998463709056,0.002509102196274422
DailyRate,85,2.3966740713638168e-4,0.0357012133304691,0.3289250107963617
JobRole_Sales.Executive,11,2.3966122826954257e-4,34.88044091153211,0.005229716269062269
TrainingTimesLastYear,3,2.3497253867766932e-4,73.41998463709056,0.002509102196274422
DailyRate,84,2.3467179324668496e-4,0.03918203755679407,0.32600871065873394
YearsSinceLastPromotion,13,2.3463586605128618e-4,28.958354828943225,0.006275330656700269
EducationField_Life.Sciences,7,2.3382250733337156e-4,50.60554748107793,0.0036256377505363424
Gender_Female,20,2.3353758463965073e-4,15.09891020849457,0.011794682731018911
Gender_Male,20,-2.3334624699820292e-4,15.09891020849457,0.011794682731018911
DailyRate,83,2.294302334064998e-4,0.04300223784808405,0.32289698885976165
YearsWithCurrManager,2,2.2445794934273914e-4,80.57834250172604,0.002287629234061474
Age,13,2.2412268405117597e-4,28.958354828943225,0.006275330656700269
YearsInCurrentRole,2,2.2398211630663187e-4,80.57834250172604,0.002287629234061474
DailyRate,82,2.239538596227528e-4,0.04719490295171102,0.3195831771275536
YearsAtCompany,10,2.232443138295442e-4,38.28124084025998,0.004773020046582687
HourlyRate,39,2.2236033874432876e-4,2.577916431839545,0.05752656232753796
NumCompaniesWorked,12,-2.2234001316286402e-4,31.781758675475068,0.005729209202670494
DistanceFromHome,19,-2.2189593420055923e-4,16.571035314113292,0.010786840274429277
Education,10,2.2177169173236646e-4,38.28124084025998,0.004773020046582687
PercentSalaryHike,58,2.2125401253236785e-4,0.44014124448594455,0.17830319446199555
TotalWorkingYears,10,2.199480489204254e-4,38.28124084025998,0.004773020046582687
JobRole_Research.Scientist,2,-2.1969456649795644e-4,80.57834250172604,0.002287629234061474
DailyRate,81,2.1825932808614365e-4,0.051796347727067434,0.316064069827691
JobRole_Sales.Executive,10,2.1806935466583868e-4,38.28124084025998,0.004773020046582687
YearsSinceLastPromotion,12,2.14712998655414e-4,31.781758675475068,0.005729209202670494
TrainingTimesLastYear,2,2.1413151115260427e-4,80.57834250172604,0.002287629234061474
EducationField_Life.Sciences,6,2.1309419926081078e-4,55.53952588758326,0.0033073466413106913
DailyRate,80,2.123551227401747e-4,0.05684642768750557,0.3123275256589967
Gender_Female,19,2.1210098892653076e-4,16.571035314113292,0.010786840274429277
Gender_Male,19,-2.119430926646793e-4,16.571035314113292,0.010786840274429277
DailyRate,79,2.0626384546277795e-4,0.06238888420972765,0.3083722059616063
Age,12,2.0455823365708042e-4,31.781758675475068,0.005729209202670494
YearsAtCompany,9,2.0379236612332572e-4,42.01361456372769,0.004355578754279084
HourlyRate,38,2.0335544017441087e-4,2.8292601014881646,0.053346563326138276
Education,9,2.0256002203174311e-4,42.01361456372769,0.004355578754279084
NumCompaniesWorked,11,-2.0244893052760658e-4,34.88044091153211,0.005229716269062269
DistanceFromHome,18,-2.0236889617899082e-4,18.186690800181175,0.009862019634632825
TotalWorkingYears,9,2.007446598923801e-4,42.01361456372769,0.004355578754279084
DailyRate,78,2.0000559497364704e-4,0.06847172340066532,0.30419410135566793
JobRole_Sales.Executive,9,1.9844459010668721e-4,42.01361456372769,0.004355578754279084
YearsSinceLastPromotion,11,1.964073271561863e-4,34.88044091153211,0.005229716269062269
EducationField_Life.Sciences,5,1.9419983945673371e-4,60.954561097692256,0.0030166944356545557
DailyRate,77,1.936021148686926e-4,0.07514763190341218,0.29979010201004386
Gender_Female,18,1.926891815103312e-4,18.186690800181175,0.009862019634632825
Gender_Male,18,-1.925588113054248e-4,18.186690800181175,0.009862019634632825
DailyRate,76,1.870764777671123e-4,0.08247443324372147,0.29515809049346203
Age,11,1.8667419835334702e-4,34.88044091153211,0.005229716269062269
YearsAtCompany,8,1.8600498093618352e-4,46.10989011759222,0.003974122877097274
HourlyRate,37,1.8590617180215004e-4,3.105109468642019,0.04941019154362132
Education,8,1.8497290510980914e-4,46.10989011759222,0.003974122877097274
DistanceFromHome,17,-1.845456442478185e-4,19.95987070160276,0.009013887236348906
NumCompaniesWorked,10,-1.843479752241448e-4,38.28124084025998,0.004773020046582687
TotalWorkingYears,8,1.8319111141984056e-4,46.10989011759222,0.003974122877097274
JobRole_Sales.Executive,8,1.8060438734325774e-4,46.10989011759222,0.003974122877097274
DailyRate,75,1.8045275226327202e-4,0.09051558866972378,0.2902970347206943
YearsSinceLastPromotion,10,1.796002132094061e-4,38.28124084025998,0.004773020046582687
Education,58,-1.7901726990046543e-4,0.44014124448594455,0.17830319446199555
EducationField_Life.Sciences,4,1.7697779089442922e-4,66.89755555588832,0.0027513320142041387
Gender_Female,17,1.7510112300756623e-4,19.95987070160276,0.009013887236348906
Gender_Male,17,-1.749934270333229e-4,19.95987070160276,0.009013887236348906
DailyRate,74,1.7375566090369708e-4,0.0993407468228991,0.2852070720866199
YearsSinceLastPromotion,55,1.7187117904080755e-4,0.5818408222230168,0.15570613377828724
Age,10,1.7033081588699867e-4,38.28124084025998,0.004773020046582687
HourlyRate,36,1.698974881168628e-4,3.4078538085554153,0.0457115666254235
YearsAtCompany,7,1.6974479970933217e-4,50.60554748107793,0.0036256377505363424
Education,7,1.6887972363015236e-4,50.60554748107793,0.0036256377505363424
DistanceFromHome,16,-1.6827993844485724e-4,21.90593345441005,0.008236509993048641
NumCompaniesWorked,9,-1.678743325772047e-4,42.01361456372769,0.004355578754279084
PercentSalaryHike,46,-1.6761445452851114e-4,1.3441277641381963,0.09379013403298568
TotalWorkingYears,7,1.6715014087562377e-4,50.60554748107793,0.0036256377505363424
DailyRate,73,1.670101937184965e-4,0.10902634700129,0.2798897828206845
PercentSalaryHike,47,-1.6684850453411228e-4,1.2247191581435093,0.09994174703233644
PercentSalaryHike,45,-1.6612127766608314e-4,1.4751785618066122,0.08786918051693175
JobRole_Sales.Executive,7,1.643836174064157e-4,50.60554748107793,0.0036256377505363424
YearsSinceLastPromotion,9,1.6417952061753392e-4,42.01361456372769,0.004355578754279084
PercentSalaryHike,48,-1.6325932502131196e-4,1.1159184836014817,0.10631298928575754
PercentSalaryHike,44,-1.6285143819944913e-4,1.6190066504645788,0.08218771800792075
EducationField_Life.Sciences,3,1.6128051667549124e-4,73.41998463709056,0.002509102196274422
DailyRate,72,1.602414129385596e-4,0.11965628124013335,0.27434710687085806
Gender_Female,16,1.591573752181015e-4,21.90593345441005,0.008236509993048641
Gender_Male,16,-1.5906836982273122e-4,21.90593345441005,0.008236509993048641
PercentSalaryHike,43,-1.582164929964335e-4,1.7768578002099231,0.07675218463479885
PercentSalaryHike,49,-1.5619412869205047e-4,1.0167833611185435,0.11289062811556416
Age,9,1.5539918647680735e-4,42.01361456372769,0.004355578754279084
HourlyRate,35,1.5522065487178147e-4,3.7401153478703777,0.042243735256353186
YearsAtCompany,6,1.5488494380116942e-4,55.53952588758326,0.0033073466413106913
Education,6,1.5415919632904158e-4,55.53952588758326,0.0033073466413106913
DailyRate,71,1.5347413318935808e-4,0.13132262094453628,0.2685840919729863
DistanceFromHome,15,-1.5343769239623776e-4,24.041734923188066,0.007524343918344403
NumCompaniesWorked,8,-1.528802633938991e-4,46.10989011759222,0.003974122877097274
PercentSalaryHike,42,-1.5256034167570226e-4,1.950099242187098,0.0715670054939172
TotalWorkingYears,6,1.5249515388155222e-4,55.53952588758326,0.0033073466413106913
YearsSinceLastPromotion,8,1.5003967338789685e-4,46.10989011759222,0.003974122877097274
JobRole_Sales.Executive,6,1.4963284695279882e-4,55.53952588758326,0.0033073466413106913
EducationField_Life.Sciences,2,1.469881980567067e-4,80.57834250172604,0.002287629234061474
DailyRate,70,1.4673238879057176e-4,0.14412641436794113,0.26260639827158394
PercentSalaryHike,41,-1.4617075476530618e-4,2.140231510889284,0.06663444590104296
PercentSalaryHike,50,-1.449045562458643e-4,0.9264551296891429,0.11965932261972216
Gender_Female,15,1.4469751856797296e-4,24.041734923188066,0.007524343918344403
Gender_Male,15,-1.4462392979379055e-4,24.041734923188066,0.007524343918344403
HourlyRate,34,1.4177330935146663e-4,4.104771977089372,0.038998859368274345
Age,8,1.4176055673752836e-4,46.10989011759222,0.003974122877097274
YearsAtCompany,5,1.4130836104464585e-4,60.954561097692256,0.0030166944356545557
YearsAtCompany,78,1.4111469267848504e-4,0.06847172340066532,0.30419410135566793
Education,5,1.4069891951774837e-4,60.954561097692256,0.0030166944356545557
DailyRate,69,1.400393492155753e-4,0.15817856184375606,0.25642120490941533
DistanceFromHome,14,-1.3989602866967452e-4,26.385774398510197,0.00687222038584439
PercentSalaryHike,40,-1.3928551545574867e-4,2.3489014410703275,0.06195480370237651
NumCompaniesWorked,7,-1.3923166826894072e-4,50.60554748107793,0.0036256377505363424
TotalWorkingYears,5,1.3910952281076283e-4,60.954561097692256,0.0030166944356545557
YearsSinceLastPromotion,7,1.3708161226212096e-4,50.60554748107793,0.0036256377505363424
PercentSalaryHike,57,1.3695239667265105e-4,0.48305447246590155,0.17074495106833817
JobRole_Sales.Executive,5,1.3621679173113065e-4,60.954561097692256,0.0030166944356545557
DailyRate,68,1.3341709864121766e-4,0.1736007763509893,0.250037252376955
PercentSalaryHike,39,-1.3209919813888783e-4,2.577916431839545,0.05752656232753796
Gender_Female,14,1.3157791628001637e-4,26.385774398510197,0.00687222038584439
Gender_Male,14,-1.3151705105508794e-4,26.385774398510197,0.00687222038584439
HourlyRate,33,1.294594272547145e-4,4.5049821774860765,0.03596839641967879
Age,7,1.2930562843683338e-4,50.60554748107793,0.0036256377505363424
YearsAtCompany,4,1.289071866690623e-4,66.89755555588832,0.0027513320142041387
PercentSalaryHike,51,-1.285410324624048e-4,0.8441514093848925,0.1266017686126627
Education,4,1.2839488885059376e-4,66.89755555588832,0.0027513320142041387
DistanceFromHome,13,-1.275423967652278e-4,28.958354828943225,0.006275330656700269
DailyRate,67,1.268864493049466e-4,0.1905266377338469,0.24346486972832568
TotalWorkingYears,4,1.2688590870710387e-4,66.89755555588832,0.0027513320142041387
NumCompaniesWorked,6,-1.268067940629305e-4,55.53952588758326,0.0033073466413106913
YearsSinceLastPromotion,6,1.252126724531086e-4,55.53952588758326,0.0033073466413106913
PercentSalaryHike,38,-1.2476932616939425e-4,2.8292601014881646,0.053346563326138276
JobRole_Sales.Executive,4,1.240129281266802e-4,66.89755555588832,0.0027513320142041387
DailyRate,66,1.2046678919093276e-4,0.2091027497064397,0.23671598444697853
Gender_Female,13,1.1966977407373841e-4,28.958354828943225,0.006275330656700269
Gender_Male,13,-1.1961941534898141e-4,28.958354828943225,0.006275330656700269
HourlyRate,32,1.1818921427624282e-4,4.944212378359189,0.03314326871487094
Age,6,1.1793389565769601e-4,55.53952588758326,0.0033073466413106913
YearsAtCompany,3,1.1758220074199685e-4,73.41998463709056,0.002509102196274422
PercentSalaryHike,37,-1.1742188641496274e-4,3.105109468642019,0.04941019154362132
Education,3,1.1715136776475207e-4,73.41998463709056,0.002509102196274422
DistanceFromHome,12,-1.1627375142489192e-4,31.781758675475068,0.005729209202670494
TotalWorkingYears,3,1.157256950986508e-4,73.41998463709056,0.002509102196274422
NumCompaniesWorked,5,-1.1549506784655501e-4,60.954561097692256,0.0030166944356545557
YearsSinceLastPromotion,5,1.1434640157097766e-4,60.954561097692256,0.0030166944356545557
DailyRate,65,1.1417596330423923e-4,0.22949000966402106,0.2298041132874453
JobRole_Sales.Executive,3,1.1291026777740312e-4,73.41998463709056,0.002509102196274422
PercentSalaryHike,36,-1.1015620914415899e-4,3.4078538085554153,0.0457115666254235
Gender_Female,12,1.0885745214180664e-4,31.781758675475068,0.005729209202670494
Gender_Male,12,-1.0881577338993863e-4,31.781758675475068,0.005729209202670494
DailyRate,64,1.0803018393572464e-4,0.2518650022992526,0.2227443296176399
HourlyRate,31,1.0787893844047787e-4,5.426266981584696,0.030514019550383013
Age,5,1.0755301282495628e-4,60.954561097692256,0.0030166944356545557
YearsAtCompany,2,1.0719698174679995e-4,80.57834250172604,0.002287629234061474
Education,2,1.067847660103511e-4,80.57834250172604,0.002287629234061474
PercentSalaryHike,52,-1.0614889492179697e-4,0.7691593247539134,0.13369889095342355
DistanceFromHome,11,-1.0599578867713866e-4,34.88044091153211,0.005229716269062269
TotalWorkingYears,2,1.0549902145281385e-4,80.57834250172604,0.002287629234061474
NumCompaniesWorked,4,-1.0519604521305995e-4,66.89755555588832,0.0027513320142041387
YearsSinceLastPromotion,4,1.044023334642345e-4,66.89755555588832,0.0027513320142041387
PercentSalaryHike,35,-1.0304924308317885e-4,3.7401153478703777,0.042243735256353186
JobRole_Sales.Executive,2,1.027604835910644e-4,80.57834250172604,0.002287629234061474
DailyRate,63,1.0204418994827715e-4,0.2764215290943355,0.21555239569290216
Gender_Female,11,9.903699287963373e-5,34.88044091153211,0.005229716269062269
Gender_Male,11,-9.900248827944719e-5,34.88044091153211,0.005229716269062269
HourlyRate,30,9.845071723033969e-5,5.955321313524936,0.02807095472488541
Age,4,9.80781946776522e-5,66.89755555588832,0.0027513320142041387
DistanceFromHome,10,-9.662223685415018e-5,38.28124084025998,0.004773020046582687
DailyRate,62,9.623043363701977e-5,0.30337228693673607,0.20824831262114743
PercentSalaryHike,34,-9.615926880450138e-5,4.104771977089372,0.038998859368274345
NumCompaniesWorked,3,-9.581845235822016e-5,73.41998463709056,0.002509102196274422
YearsSinceLastPromotion,3,9.530575310610097e-5,73.41998463709056,0.002509102196274422
DailyRate,61,9.060009084412361e-5,0.33295071039787305,0.20085025136497922
Gender_Female,10,9.011483352218771e-5,38.28124084025998,0.004773020046582687
Gender_Male,10,-9.008626087289557e-5,38.28124084025998,0.004773020046582687
HourlyRate,29,8.983227161512391e-5,6.535957789708103,0.02580426860937734
PercentSalaryHike,33,-8.952910077196787e-5,4.5049821774860765,0.03596839641967879
Age,3,8.943182458627508e-5,73.41998463709056,0.002509102196274422
DistanceFromHome,9,-8.807419971277487e-5,42.01361456372769,0.004355578754279084
NumCompaniesWorked,2,-8.72897046353239e-5,80.57834250172604,0.002287629234061474
YearsSinceLastPromotion,2,8.695126980096621e-5,80.57834250172604,0.002287629234061474
DailyRate,60,8.51625344213185e-5,0.3654129936317017,0.19337878178375337
PercentSalaryHike,32,-8.318883099155204e-5,4.944212378359189,0.03314326871487094
Gender_Female,9,8.200667762030609e-5,42.01361456372769,0.004355578754279084
Gender_Male,9,-8.198301160542711e-5,42.01361456372769,0.004355578754279084
HourlyRate,28,8.195665725496233e-5,7.1732056055193665,0.02370415453768145
Age,2,8.150022975732099e-5,80.57834250172604,0.002287629234061474
DistanceFromHome,8,-8.027954874209516e-5,46.10989011759222,0.003974122877097274
DailyRate,59,7.99254434862416e-5,0.4010403094059146,0.18585556874564121
PercentSalaryHike,31,-7.71581666968291e-5,5.426266981584696,0.030514019550383013
PercentSalaryHike,53,-7.666684114137145e-5,0.7008293302347044,0.1409300773546337
DailyRate,58,7.489484259023426e-5,0.44014124448594455,0.17830319446199555
HourlyRate,27,7.476198147405545e-5,7.872584296685375,0.02176089974062768
Gender_Female,8,7.463650330247334e-5,46.10989011759222,0.003974122877097274
Gender_Male,8,-7.461689718173578e-5,46.10989011759222,0.003974122877097274
DistanceFromHome,7,-7.31723617395853e-5,50.60554748107793,0.0036256377505363424
PercentSalaryHike,30,-7.144841194854725e-5,5.955321313524936,0.02807095472488541
DailyRate,57,7.007515541166936e-5,0.48305447246590155,0.17074495106833817
HourlyRate,26,6.819111306919466e-5,8.640151546852218,0.01996496541353593
Gender_Female,7,6.793568963622705e-5,50.60554748107793,0.0036256377505363424
Gender_Male,7,-6.791944381134455e-5,50.60554748107793,0.0036256377505363424
DistanceFromHome,6,-6.669240477444503e-5,55.53952588758326,0.0033073466413106913
PercentSalaryHike,56,6.648106878166044e-5,0.5301516871972264,0.16320460471441373
PercentSalaryHike,29,-6.60641392959698e-5,6.535957789708103,0.02580426860937734
DailyRate,56,6.546927153065498e-5,0.5301516871972264,0.16320460471441373
HourlyRate,25,6.219139066287685e-5,9.482555656343228,0.018307052781592482
JobRole_Research.Scientist,55,6.199203047959258e-5,0.5818408222230168,0.15570613377828724
Gender_Female,6,6.184224522852352e-5,55.53952588758326,0.0033073466413106913
Gender_Male,6,-6.18287814234074e-5,55.53952588758326,0.0033073466413106913
DailyRate,55,6.107862487197586e-5,0.5818408222230168,0.15570613377828724
PercentSalaryHike,28,-6.100459334449776e-5,7.1732056055193665,0.02370415453768145
DistanceFromHome,5,-6.0784654722591503e-5,60.954561097692256,0.0030166944356545557
DailyRate,54,5.690328236654428e-5,0.6385695841032256,0.14827344551453722
HourlyRate,24,5.671433412242744e-5,10.407093126555889,0.016778156220877662
Gender_Female,5,5.630012557451551e-5,60.954561097692256,0.0030166944356545557
Gender_Male,5,-5.6288965607394045e-5,60.954561097692256,0.0030166944356545557
PercentSalaryHike,27,-5.6264863616138606e-5,7.872584296685375,0.02176089974062768
DistanceFromHome,4,-5.539885963284277e-5,66.89755555588832,0.0027513320142041387
DailyRate,53,5.294204129572629e-5,0.7008293302347044,0.1409300773546337
PercentSalaryHike,26,-5.1836859742995054e-5,8.640151546852218,0.01996496541353593
HourlyRate,23,5.171536254269938e-5,11.421771858766357,0.015369604614057982
Gender_Female,4,5.125862772450539e-5,66.89755555588832,0.0027513320142041387
Gender_Male,4,-5.1249375946254064e-5,66.89755555588832,0.0027513320142041387
DistanceFromHome,3,-5.0489139092890035e-5,73.41998463709056,0.002509102196274422
DailyRate,52,4.919253367801692e-5,0.7691593247539134,0.13369889095342355
PercentSalaryHike,25,-4.77101179556224e-5,9.482555656343228,0.018307052781592482
HourlyRate,22,4.715352151393187e-5,12.535380514739407,0.014073092201573845
Gender_Female,3,4.667169812865321e-5,73.41998463709056,0.002509102196274422
Gender_Male,3,-4.66641343961717e-5,73.41998463709056,0.002509102196274422
DistanceFromHome,2,-4.601163784221919e-5,80.57834250172604,0.002287629234061474
DailyRate,51,4.565133596696391e-5,0.8441514093848925,0.1266017686126627
PercentSalaryHike,24,-4.387246409745983e-5,10.407093126555889,0.016778156220877662
HourlyRate,21,4.297598895235749e-5,13.757564639912209,0.012892289388382489
Gender_Female,2,4.255000688235895e-5,80.57834250172604,0.002287629234061474
Gender_Male,2,-4.2550005220160625e-5,80.57834250172604,0.002287629234061474
DailyRate,50,4.2314082279689825e-5,0.9264551296891429,0.11965932261972216
PercentSalaryHike,23,-4.031055504266484e-5,11.421771858766357,0.015369604614057982
HourlyRate,20,3.918112589440745e-5,15.09891020849457,0.011794682731018911
DailyRate,49,3.9175579380627313e-5,1.0167833611185435,0.11289062811556416
PercentSalaryHike,54,-3.892821557551056e-5,0.6385695841032256,0.14827344551453722
PercentSalaryHike,22,-3.701031750213831e-5,12.535380514739407,0.014073092201573845
DailyRate,48,3.6229921705113106e-5,1.1159184836014817,0.10631298928575754
HourlyRate,19,3.5719380043513533e-05,16.571035314113292,0.010786840274429277
PercentSalaryHike,21,-3.402394685271901e-5,13.757564639912209,0.012892289388382489
DailyRate,47,3.34706048122639e-5,1.2247191581435093,0.09994174703233644
HourlyRate,18,3.2561861764353584e-5,18.186690800181175,0.009862019634632825
PercentSalaryHike,20,-3.1192506299669374e-5,15.09891020849457,0.011794682731018911
DailyRate,46,3.089063579219108e-5,1.3441277641381963,0.09379013403298568
HourlyRate,17,2.9682123340514388e-5,19.95987070160276,0.009013887236348906
PercentSalaryHike,19,-2.8581145537863146e-5,16.571035314113292,0.010786840274429277
DailyRate,45,2.8482639315167384e-5,1.4751785618066122,0.08786918051693175
HourlyRate,16,2.7055964276611685e-5,21.90593345441005,0.008236509993048641
DailyRate,44,2.623896613605732e-5,1.6190066504645788,0.08218771800792075
PercentSalaryHike,18,-2.617542375315554e-5,18.186690800181175,0.009862019634632825
HourlyRate,15,2.466124990171246e-5,24.041734923188066,0.007524343918344403
DailyRate,43,2.4151752341642618e-5,1.7768578002099231,0.07675218463479885
PercentSalaryHike,17,-2.3961367849271178e-5,19.95987070160276,0.009013887236348906
HourlyRate,14,2.2477742811330866e-5,26.385774398510197,0.00687222038584439
DailyRate,42,2.221306327319727e-5,1.950099242187098,0.0715670054939172
PercentSalaryHike,16,-2.192555756872014e-5,21.90593345441005,0.008236509993048641
HourlyRate,13,2.0486946598075478e-5,28.958354828943225,0.006275330656700269
DailyRate,41,2.041492990993852e-5,2.140231510889284,0.06663444590104296
MonthlyIncome,84,2.0279803871141013e-5,0.03918203755679407,0.32600871065873394
MonthlyIncome,83,2.026666318367699e-5,0.04300223784808405,0.32289698885976165
MonthlyIncome,85,2.0258332961309113e-5,0.0357012133304691,0.3289250107963617
MonthlyIncome,82,2.0220179526714542e-5,0.04719490295171102,0.3195831771275536
MonthlyIncome,86,2.0200994969969766e-5,0.032529615934857266,0.33165302277616854
MonthlyIncome,81,2.0143986105283204e-5,0.051796347727067434,0.316064069827691
MonthlyIncome,87,2.0106496090088466e-5,0.029639774510582882,0.3342002285797351
PercentSalaryHike,15,-2.005518409745613e-5,24.041734923188066,0.007524343918344403
MonthlyIncome,80,2.0032051381674042e-5,0.05684642768750557,0.3123275256589967
MonthlyIncome,88,1.9973535270848885e-5,0.027006658633704324,0.33657437421617786
MonthlyIncome,79,1.9890492352771255e-5,0.06238888420972765,0.3083722059616063
MonthlyIncome,89,1.982320418583306e-5,0.024607461514156204,0.3387857836774415
MonthlyIncome,78,1.9720426221709315e-5,0.06847172340066532,0.30419410135566793
MonthlyIncome,90,1.9587265490124562e-5,0.0224214024542444,0.34083549706942634
MonthlyIncome,77,1.9522940649001806e-5,0.07514763190341218,0.29979010201004386
MonthlyIncome,91,1.9331624279397008e-5,0.020429546856183922,0.34273819803571226
MonthlyIncome,76,1.9299118414556212e-5,0.08247443324372147,0.29515809049346203
MonthlyIncome,75,1.9050060557390834e-5,0.09051558866972378,0.2902970347206943
MonthlyIncome,92,1.903294180489594e-5,0.01861464221967107,0.344500061431348
MonthlyIncome,74,1.877688589073872e-5,0.0993407468228991,0.2852070720866199
DailyRate,40,1.8749431359853317e-5,2.3489014410703275,0.06195480370237651
MonthlyIncome,93,1.869052056030587e-5,0.01696096870897924,0.34612886181282204
HourlyRate,12,1.8671961263873318e-5,31.781758675475068,0.005729209202670494
MonthlyIncome,73,1.8477661817191527e-5,0.10902634700129,0.2798897828206845
PercentSalaryHike,14,-1.8338087191348576e-5,26.385774398510197,0.00687222038584439
MonthlyIncome,94,1.8303691789494376e-5,0.015454202995262095,0.3476323679042937
MonthlyIncome,72,1.8160184569069703e-5,0.11965628124013335,0.27434710687085806
MonthlyIncome,95,1.787202164455381e-5,0.01408129419473126,0.34901816324757234
MonthlyIncome,71,1.7822524877976948e-5,0.13132262094453628,0.2685840919729863
MonthlyIncome,70,1.7465858509721022e-5,0.14412641436794113,0.26260639827158394
MonthlyIncome,96,1.7364955740611017e-5,0.012830350828144373,0.35029496581932634
DailyRate,39,1.7208756728567407e-5,2.577916431839545,0.05752656232753796
MonthlyIncome,69,1.7091401335572187e-5,0.15817856184375606,0.25642120490941533
HourlyRate,11,1.7017349673279694e-5,34.88044091153211,0.005229716269062269
MonthlyIncome,97,1.6838644701074607e-5,0.011690537822500678,0.35146768034404935
PercentSalaryHike,13,-1.676277506630176e-5,28.958354828943225,0.006275330656700269
MonthlyIncome,68,1.6700405177622376e-5,0.1736007763509893,0.250037252376955
MonthlyIncome,67,1.629415003313653e-5,0.1905266377338469,0.24346486972832568
MonthlyIncome,98,1.626816781726033e-5,0.010651982662822088,0.3525440401067922
MonthlyIncome,66,1.5873934992659056e-5,0.2091027497064397,0.23671598444697853
DailyRate,38,1.578525840069514e-5,2.8292601014881646,0.053346563326138276
MonthlyIncome,99,1.565319323300346e-5,0.009705689881151381,0.35353045399695915
HourlyRate,10,1.5509014392457973e-5,38.28124084025998,0.004773020046582687
MonthlyIncome,65,1.5441069997791543e-5,0.22949000966402106,0.2298041132874453
PercentSalaryHike,12,-1.5318430607882503e-5,31.781758675475068,0.005729209202670494
MonthlyIncome,64,1.4996870886670806e-5,0.2518650022992526,0.2227443296176399
MonthlyIncome,100,1.496144187537681e-5,0.008843463142112108,0.35443528922548545
MonthlyIncome,63,1.454215709342737e-5,0.2764215290943355,0.21555239569290216
DailyRate,37,1.447149688918428e-5,3.105109468642019,0.04941019154362132
HourlyRate,9,1.4134084257688067e-5,42.01361456372769,0.004355578754279084
MonthlyIncome,62,1.4079595098749398e-5,0.30337228693673607,0.20824831262114743
PercentSalaryHike,11,-1.3994906867272056e-5,34.88044091153211,0.005229716269062269
MonthlyIncome,61,1.3609538458825179e-5,0.33295071039787305,0.20085025136497922
DailyRate,36,1.3260277569901347e-5,3.4078538085554153,0.0457115666254235
MonthlyIncome,60,1.3133350529086898e-5,0.3654129936317017,0.19337878178375337
HourlyRate,8,1.2880810027226286e-5,46.10989011759222,0.003974122877097274
PercentSalaryHike,10,-1.2782714306313062e-5,38.28124084025998,0.004773020046582687
MonthlyIncome,59,1.2652416597624794e-5,0.4010403094059146,0.18585556874564121
MonthlyIncome,58,1.2168142379802331e-5,0.44014124448594455,0.17830319446199555
DailyRate,35,1.2144679756373502e-5,3.7401153478703777,0.042243735256353186
HourlyRate,7,1.1738468488173438e-5,50.60554748107793,0.0036256377505363424
MonthlyIncome,57,1.1681952360618246e-5,0.48305447246590155,0.17074495106833817
PercentSalaryHike,9,-1.167300182468395e-5,42.01361456372769,0.004355578754279084
MonthlyIncome,56,1.1195287108661444e-5,0.5301516871972264,0.16320460471441373
DailyRate,34,1.1118078678734652e-5,4.104771977089372,0.038998859368274345
MonthlyIncome,55,1.070959875805166e-5,0.5818408222230168,0.15570613377828724
HourlyRate,6,1.0697274413444116e-5,55.53952588758326,0.0033073466413106913
PercentSalaryHike,8,-1.0657533237244172e-5,46.10989011759222,0.003974122877097274
MonthlyIncome,54,1.022634408732119e-5,0.6385695841032256,0.14827344551453722
DailyRate,33,1.0174161009469046e-5,4.5049821774860765,0.03596839641967879
HourlyRate,5,9.748299791165702e-6,60.954561097692256,0.0030166944356545557
MonthlyIncome,53,9.746974950236011e-6,0.7008293302347044,0.1409300773546337
PercentSalaryHike,7,-9.728660560840958e-6,50.60554748107793,0.0036256377505363424
DailyRate,32,9.306934626790051e-6,4.944212378359189,0.03314326871487094
MonthlyIncome,52,9.272926162018245e-6,0.7691593247539134,0.13369889095342355
HourlyRate,4,8.883399788394467e-6,66.89755555588832,0.0027513320142041387
PercentSalaryHike,6,-8.879295209746176e-6,55.53952588758326,0.0033073466413106913
MonthlyIncome,51,8.80560125595484e-6,0.8441514093848925,0.1266017686126627
DailyRate,31,8.510733326651324e-6,5.426266981584696,0.030514019550383013
MonthlyIncome,50,8.34635676110382e-6,0.9264551296891429,0.11965932261972216
PercentSalaryHike,55,8.334414492256959e-6,0.5818408222230168,0.15570613377828724
PercentSalaryHike,5,-8.102877980687491e-6,60.954561097692256,0.0030166944356545557
HourlyRate,3,8.095141960320411e-6,73.41998463709056,0.002509102196274422
MonthlyIncome,49,7.896485794535709e-6,1.0167833611185435,0.11289062811556416
DailyRate,30,7.780217190061602e-6,5.955321313524936,0.02807095472488541
MonthlyIncome,48,7.45720181169391e-6,1.1159184836014817,0.10631298928575754
PercentSalaryHike,4,-7.393348539679422e-6,66.89755555588832,0.0027513320142041387
HourlyRate,2,7.377279485696592e-6,80.57834250172604,0.002287629234061474
DailyRate,29,7.110369287963769e-6,6.535957789708103,0.02580426860937734
MonthlyIncome,47,7.029623327994861e-6,1.2247191581435093,0.09994174703233644
PercentSalaryHike,3,-6.745105867116516e-6,73.41998463709056,0.002509102196274422
MonthlyIncome,46,6.614760331532692e-6,1.3441277641381963,0.09379013403298568
DailyRate,28,6.496489366129167e-6,7.1732056055193665,0.02370415453768145
MonthlyIncome,45,6.213502968637201e-6,1.4751785618066122,0.08786918051693175
PercentSalaryHike,2,-6.150990706551762e-6,80.57834250172604,0.002287629234061474
DailyRate,27,5.934185101862519e-6,7.872584296685375,0.02176089974062768
MonthlyIncome,44,5.826635334791633e-6,1.6190066504645788,0.08218771800792075
MonthlyIncome,43,5.454733026615679e-6,1.7768578002099231,0.07675218463479885
DailyRate,26,5.419361466941449e-6,8.640151546852218,0.01996496541353593
MonthlyIncome,42,5.098318469153837e-6,1.950099242187098,0.0715670054939172
DailyRate,25,4.948208670661153e-6,9.482555656343228,0.018307052781592482
MonthlyIncome,41,4.757745544989063e-6,2.140231510889284,0.06663444590104296
DailyRate,24,4.517189095980528e-6,10.407093126555889,0.016778156220877662
MonthlyIncome,40,4.433234889213278e-6,2.3489014410703275,0.06195480370237651
MonthlyIncome,39,4.124879491952574e-6,2.577916431839545,0.05752656232753796
DailyRate,23,4.1230235827588614e-06,11.421771858766357,0.015369604614057982
MonthlyIncome,38,3.832652395074808e-6,2.8292601014881646,0.053346563326138276
DailyRate,22,3.762677362843087e-6,12.535380514739407,0.014073092201573845
MonthlyIncome,37,3.556416079600137e-6,3.105109468642019,0.04941019154362132
DailyRate,21,3.434954406218674e-6,13.757564639912209,0.012892289388382489
MonthlyIncome,36,3.2959331183456557e-6,3.4078538085554153,0.0457115666254235
DailyRate,20,3.1337781941141282e-6,15.09891020849457,0.011794682731018911
MonthlyIncome,35,3.050877670852739e-6,3.7401153478703777,0.042243735256353186
DailyRate,19,2.8586874952253327e-6,16.571035314113292,0.010786840274429277
MonthlyIncome,34,2.8208474203245074e-6,4.104771977089372,0.038998859368274345
MonthlyRate,86,-2.7141296090599493e-6,0.032529615934857266,0.33165302277616854
MonthlyRate,87,-2.7126642668558388e-6,0.029639774510582882,0.3342002285797351
MonthlyRate,85,-2.7115756663370014e-6,0.0357012133304691,0.3289250107963617
MonthlyRate,88,-2.7074229668400057e-6,0.027006658633704324,0.33657437421617786
MonthlyRate,84,-2.704813820712909e-6,0.03918203755679407,0.32600871065873394
MonthlyRate,89,-2.6983261318030864e-6,0.024607461514156204,0.3387857836774415
MonthlyRate,83,-2.69371216254203e-6,0.04300223784808405,0.32289698885976165
MonthlyRate,90,-2.6868204800881567e-6,0.0224214024542444,0.34083549706942634
MonthlyRate,82,-2.678192547622425e-6,0.04719490295171102,0.3195831771275536
MonthlyRate,91,-2.6722058445446803e-6,0.020429546856183922,0.34273819803571226
MonthlyRate,81,-2.657926225699157e-6,0.051796347727067434,0.316064069827691
MonthlyRate,92,-2.6552260009286512e-6,0.01861464221967107,0.344500061431348
MonthlyRate,93,-2.6363197737803974e-6,0.01696096870897924,0.34612886181282204
MonthlyRate,80,-2.6336129953251547e-6,0.05684642768750557,0.3123275256589967
MonthlyRate,94,-2.615928728555575e-6,0.015454202995262095,0.3476323679042937
DailyRate,18,2.6074774727623216e-6,18.186690800181175,0.009862019634632825
MonthlyIncome,33,2.6053755902888398e-6,4.5049821774860765,0.03596839641967879
MonthlyRate,79,-2.604990532752399e-6,0.06238888420972765,0.3083722059616063
MonthlyRate,95,-2.594493283423003e-6,0.01408129419473126,0.34901816324757234
MonthlyRate,96,-2.5726480972020123e-6,0.012830350828144373,0.35029496581932634
MonthlyRate,78,-2.5721830389096937e-6,0.06847172340066532,0.30419410135566793
MonthlyRate,97,-2.5504105655014734e-6,0.011690537822500678,0.35146768034404935
MonthlyRate,77,-2.5353515331642547e-6,0.07514763190341218,0.29979010201004386
MonthlyRate,98,-2.528330348751086e-6,0.010651982662822088,0.3525440401067922
MonthlyRate,99,-2.506776227779822e-6,0.009705689881151381,0.35353045399695915
MonthlyRate,76,-2.4946876511082315e-6,0.08247443324372147,0.29515809049346203
MonthlyRate,100,-2.4861367823233087e-6,0.008843463142112108,0.35443528922548545
MonthlyRate,75,-2.450407183195338e-6,0.09051558866972378,0.2902970347206943
MonthlyIncome,32,2.403942727109251e-6,4.944212378359189,0.03314326871487094
MonthlyRate,74,-2.402743095283918e-6,0.0993407468228991,0.2852070720866199
DailyRate,17,2.3781203815009855e-6,19.95987070160276,0.009013887236348906
MonthlyRate,73,-2.3517979614596803e-6,0.10902634700129,0.2798897828206845
MonthlyRate,72,-2.298172030091723e-6,0.11965628124013335,0.27434710687085806
MonthlyRate,71,-2.241899239766851e-6,0.13132262094453628,0.2685840919729863
MonthlyIncome,31,2.215987988722861e-6,5.426266981584696,0.030514019550383013
MonthlyRate,70,-2.183227283024543e-6,0.14412641436794113,0.26260639827158394
DailyRate,16,2.168752938986406e-6,21.90593345441005,0.008236509993048641
MonthlyRate,69,-2.1224006365072304e-6,0.15817856184375606,0.25642120490941533
MonthlyRate,68,-2.05965923044422e-6,0.1736007763509893,0.250037252376955
MonthlyIncome,30,2.040919736095856e-6,5.955321313524936,0.02807095472488541
MonthlyRate,67,-1.9952381149794313e-6,0.1905266377338469,0.24346486972832568
DailyRate,15,1.9776643140093488e-6,24.041734923188066,0.007524343918344403
MonthlyRate,66,-1.9293680152129104e-6,0.2091027497064397,0.23671598444697853
MonthlyIncome,29,1.8781252785807744e-6,6.535957789708103,0.02580426860937734
MonthlyRate,65,-1.8622765749822195e-6,0.22949000966402106,0.2298041132874453
DailyRate,14,1.8032847573454247e-6,26.385774398510197,0.00687222038584439
MonthlyRate,64,-1.7941901111937773e-6,0.2518650022992526,0.2227443296176399
MonthlyIncome,28,1.7269796751517542e-6,7.1732056055193665,0.02370415453768145
MonthlyRate,63,-1.725380811869315e-6,0.2764215290943355,0.21555239569290216
MonthlyRate,62,-1.6559861788716678e-6,0.30337228693673607,0.20824831262114743
DailyRate,13,1.6441748855052462e-6,28.958354828943225,0.006275330656700269
MonthlyIncome,27,1.5868535386739503e-6,7.872584296685375,0.02176089974062768
MonthlyRate,61,-1.5862777611545933e-6,0.33295071039787305,0.20085025136497922
MonthlyRate,60,-1.5164926697519325e-6,0.3654129936317017,0.19337878178375337
DailyRate,12,1.499015616910905e-6,31.781758675475068,0.005729209202670494
MonthlyIncome,26,1.4571198289297575e-6,8.640151546852218,0.01996496541353593
MonthlyRate,59,-1.446870203690081e-6,0.4010403094059146,0.18585556874564121
MonthlyRate,58,-1.3776505579706041e-6,0.44014124448594455,0.17830319446199555
DailyRate,11,1.3665987510539731e-6,34.88044091153211,0.005229716269062269
MonthlyIncome,25,1.3371596516797236e-6,9.482555656343228,0.018307052781592482
MonthlyRate,57,-1.3090728737601899e-6,0.48305447246590155,0.17074495106833817
DailyRate,10,1.2458181744105677e-6,38.28124084025998,0.004773020046582687
MonthlyRate,56,-1.2413727256599724e-6,0.5301516871972264,0.16320460471441373
MonthlyIncome,24,1.2263671056640057e-6,10.407093126555889,0.016778156220877662
MonthlyRate,55,-1.1747791910708318e-6,0.5818408222230168,0.15570613377828724
DailyRate,9,1.1356616718426112e-6,42.01361456372769,0.004355578754279084
MonthlyIncome,23,1.1241532375898564e-6,11.421771858766357,0.015369604614057982
MonthlyRate,54,-1.1095116797300073e-6,0.6385695841032256,0.14827344551453722
MonthlyRate,53,-1.0457767158413444e-6,0.7008293302347044,0.1409300773546337
DailyRate,8,1.0352033185976444e-6,46.10989011759222,0.003974122877097274
MonthlyIncome,22,1.0299491774863319e-6,12.535380514739407,0.014073092201573845
MonthlyRate,52,-9.83764861825648e-7,0.7691593247539134,0.13369889095342355
MonthlyIncome,21,9.455738922169568e-7,13.757564639912209,0.012892289388382489
DailyRate,7,9.435964255705248e-7,50.60554748107793,0.0036256377505363424
MonthlyRate,51,-9.236479543802402e-7,0.8441514093848925,0.1266017686126627
MonthlyRate,50,-8.655767939967653e-7,0.9264551296891429,0.11965932261972216
MonthlyIncome,20,8.653990538653416e-7,15.09891020849457,0.011794682731018911
DailyRate,6,8.600670089846492e-7,55.53952588758326,0.0033073466413106913
MonthlyRate,49,-8.096793922910391e-7,1.0167833611185435,0.11289062811556416
MonthlyIncome,19,7.917263983336949e-7,16.571035314113292,0.010786840274429277
DailyRate,5,7.839077548983153e-7,60.954561097692256,0.0030166944356545557
MonthlyRate,48,-7.560598411706957e-7,1.1159184836014817,0.10631298928575754
MonthlyIncome,18,7.240767379204036e-7,18.186690800181175,0.009862019634632825
DailyRate,4,7.144724488783813e-7,66.89755555588832,0.0027513320142041387
MonthlyRate,47,-7.047978273291712e-7,1.2247191581435093,0.09994174703233644
MonthlyIncome,17,6.619983215701351e-7,19.95987070160276,0.009013887236348906
MonthlyRate,46,-6.559487776801398e-7,1.3441277641381963,0.09379013403298568
DailyRate,3,6.511708464347908e-7,73.41998463709056,0.002509102196274422
MonthlyRate,45,-6.095445887117827e-7,1.4751785618066122,0.08786918051693175
MonthlyIncome,16,6.050666088302914e-7,21.90593345441005,0.008236509993048641
DailyRate,2,5.93416523795835e-7,80.57834250172604,0.002287629234061474
MonthlyRate,44,-5.655956400396457e-7,1.6190066504645788,0.08218771800792075
MonthlyIncome,15,5.528837676442701e-7,24.041734923188066,0.007524343918344403
MonthlyRate,43,-5.240890670202607e-7,1.7768578002099231,0.07675218463479885
MonthlyIncome,14,5.050779538293454e-7,26.385774398510197,0.00687222038584439
MonthlyRate,42,-4.849963521934853e-7,1.950099242187098,0.0715670054939172
MonthlyIncome,13,4.613024227714852e-7,28.958354828943225,0.006275330656700269
MonthlyRate,41,-4.482713136857333e-7,2.140231510889284,0.06663444590104296
MonthlyIncome,12,4.212345169087867e-7,31.781758675475068,0.005729209202670494
MonthlyRate,40,-4.1385362099815624e-7,2.3489014410703275,0.06195480370237651
MonthlyIncome,11,3.845745661002298e-7,34.88044091153211,0.005229716269062269
MonthlyRate,39,-3.8167112433172696e-7,2.577916431839545,0.05752656232753796
MonthlyRate,38,-3.5164213408234346e-7,2.8292601014881646,0.053346563326138276
MonthlyIncome,10,3.5104473206441877e-7,38.28124084025998,0.004773020046582687
MonthlyRate,37,-3.2367758936380175e-7,3.105109468642019,0.04941019154362132
MonthlyIncome,9,3.2038782275971705e-7,42.01361456372769,0.004355578754279084
MonthlyRate,36,-2.976830697317408e-7,3.4078538085554153,0.0457115666254235
MonthlyIncome,8,2.9236609786768556e-7,46.10989011759222,0.003974122877097274
MonthlyRate,35,-2.7356061892893663e-7,3.7401153478703777,0.042243735256353186
MonthlyIncome,7,2.6676008241880487e-7,50.60554748107793,0.0036256377505363424
MonthlyRate,34,-2.5121036262639736e-7,4.104771977089372,0.038998859368274345
MonthlyIncome,6,2.4336740203089133e-7,55.53952588758326,0.0033073466413106913
MonthlyRate,33,-2.30531913306391e-7,4.5049821774860765,0.03596839641967879
MonthlyIncome,5,2.2200165017518913e-7,60.954561097692256,0.0030166944356545557
MonthlyRate,32,-2.1142556442009582e-7,4.944212378359189,0.03314326871487094
MonthlyIncome,4,2.0249129493515608e-7,66.89755555588832,0.0027513320142041387
MonthlyRate,31,-1.9379328277134556e-7,5.426266981584696,0.030514019550383013
MonthlyIncome,3,1.8467883127100793e-7,73.41998463709056,0.002509102196274422
MonthlyRate,30,-1.775395128980842e-7,5.955321313524936,0.02807095472488541
MonthlyIncome,2,1.683405328765469e-7,80.57834250172604,0.002287629234061474
MonthlyRate,29,-1.6257181030408102e-7,6.535957789708103,0.02580426860937734
MonthlyRate,28,-1.4880132203537627e-7,7.1732056055193665,0.02370415453768145
MonthlyRate,27,-1.3614313360303204e-7,7.872584296685375,0.02176089974062768
MonthlyRate,26,-1.24516500910032e-7,8.640151546852218,0.01996496541353593
MonthlyRate,25,-1.1384498489514898e-7,9.482555656343228,0.018307052781592482
MonthlyRate,24,-1.0405650526911875e-7,10.407093126555889,0.016778156220877662
MonthlyRate,23,-9.508332815585914e-8,11.421771858766357,0.015369604614057982
MonthlyRate,22,-8.68620009746311e-8,12.535380514739407,0.014073092201573845
MonthlyRate,21,-7.944926317799884e-8,13.757564639912209,0.012892289388382489
MonthlyRate,20,-7.253855012107774e-8,15.09891020849457,0.011794682731018911
MonthlyRate,19,-6.621697124442571e-8,16.571035314113292,0.010786840274429277
MonthlyRate,18,-6.043634220603316e-8,18.186690800181175,0.009862019634632825
MonthlyRate,17,-5.515206892478488e-8,19.95987070160276,0.009013887236348906
MonthlyRate,16,-5.03229419895559e-8,21.90593345441005,0.008236509993048641
MonthlyRate,15,-4.591093109134121e-8,24.041734923188066,0.007524343918344403
MonthlyRate,14,-4.1880982310158475e-8,26.385774398510197,0.00687222038584439
MonthlyRate,13,-3.820082042456973e-8,28.958354828943225,0.006275330656700269
MonthlyRate,12,-3.484075785889961e-8,31.781758675475068,0.005729209202670494
MonthlyRate,11,-3.1773511427440695e-8,34.88044091153211,0.005229716269062269
MonthlyRate,10,-2.8974027662805174e-8,38.28124084025998,0.004773020046582687
MonthlyRate,9,-2.6419317214908447e-8,42.01361456372769,0.004355578754279084
MonthlyRate,8,-2.408829856689274e-8,46.10989011759222,0.003974122877097274
MonthlyRate,7,-2.1961651124920505e-8,50.60554748107793,0.0036256377505363424
MonthlyRate,6,-2.002167759171646e-8,55.53952588758326,0.0033073466413106913
MonthlyRate,5,-1.8252175421703254e-8,60.954561097692256,0.0030166944356545557
MonthlyRate,4,-1.6638317065811077e-8,66.89755555588832,0.0027513320142041387
MonthlyRate,3,-1.5166545808499777e-8,73.41998463709056,0.002509102196274422
MonthlyRate,2,-1.3820922246857319e-8,80.57834250172604,0.002287629234061474
JobRole_Sales.Representative,1,-2.722114486820375e-37,88.43463142112095,1.8248719679534334e-14
OverTime_No,1,1.9768532134443975e-37,88.43463142112095,1.8248719679534334e-14
OverTime_Yes,1,-1.9768532134443933e-37,88.43463142112095,1.8248719679534334e-14
JobRole_Research.Director,1,1.5514335524461541e-37,88.43463142112095,1.8248719679534334e-14
MaritalStatus_Single,1,-1.5442576435187609e-37,88.43463142112095,1.8248719679534334e-14
JobRole_Manager,1,1.3432448939253775e-37,88.43463142112095,1.8248719679534334e-14
JobRole_Manufacturing.Director,1,1.1912972439288249e-37,88.43463142112095,1.8248719679534334e-14
EducationField_Human.Resources,1,-1.1516250576409793e-37,88.43463142112095,1.8248719679534334e-14
BusinessTravel_Travel_Frequently,1,-1.1209513989361547e-37,88.43463142112095,1.8248719679534334e-14
JobRole_Laboratory.Technician,1,-1.0144527343317556e-37,88.43463142112095,1.8248719679534334e-14
BusinessTravel_Non.Travel,1,1.0117517267183582e-37,88.43463142112095,1.8248719679534334e-14
JobRole_Healthcare.Representative,1,9.479335423172882e-38,88.43463142112095,1.8248719679534334e-14
EducationField_Technical.Degree,1,-8.813807833415687e-38,88.43463142112095,1.8248719679534334e-14
MaritalStatus_Divorced,1,8.219492210235104e-38,88.43463142112095,1.8248719679534334e-14
JobRole_Human.Resources,1,-8.091676229363823e-38,88.43463142112095,1.8248719679534334e-14
MaritalStatus_Married,1,7.912310624471637e-38,88.43463142112095,1.8248719679534334e-14
StockOptionLevel,1,7.108745232664995e-38,88.43463142112095,1.8248719679534334e-14
EducationField_Other,1,7.003055564206676e-38,88.43463142112095,1.8248719679534334e-14
JobInvolvement,1,6.900723663038368e-38,88.43463142112095,1.8248719679534334e-14
EducationField_Marketing,1,-6.514570611954197e-38,88.43463142112095,1.8248719679534334e-14
JobLevel,1,6.23756233987983e-38,88.43463142112095,1.8248719679534334e-14
Department_Research...Development,1,5.830410865306183e-38,88.43463142112095,1.8248719679534334e-14
Department_Sales,1,-5.517704352739574e-38,88.43463142112095,1.8248719679534334e-14
EducationField_Medical,1,4.305633498579294e-38,88.43463142112095,1.8248719679534334e-14
EnvironmentSatisfaction,1,4.0873004997213494e-38,88.43463142112095,1.8248719679534334e-14
Department_Human.Resources,1,-3.7197739730709874e-38,88.43463142112095,1.8248719679534334e-14
JobSatisfaction,1,3.537413090704876e-38,88.43463142112095,1.8248719679534334e-14
BusinessTravel_Travel_Rarely,1,3.5257410846724793e-38,88.43463142112095,1.8248719679534334e-14
PerformanceRating,1,-3.2787072481778754e-38,88.43463142112095,1.8248719679534334e-14
WorkLifeBalance,1,3.1922209113538005e-38,88.43463142112095,1.8248719679534334e-14
RelationshipSatisfaction,1,2.1817584748383563e-38,88.43463142112095,1.8248719679534334e-14
YearsWithCurrManager,1,1.840911966294365e-38,88.43463142112095,1.8248719679534334e-14
YearsInCurrentRole,1,1.837200210728668e-38,88.43463142112095,1.8248719679534334e-14
JobRole_Research.Scientist,1,-1.8282455897083851e-38,88.43463142112095,1.8248719679534334e-14
TrainingTimesLastYear,1,1.747106338250281e-38,88.43463142112095,1.8248719679534334e-14
EducationField_Life.Sciences,1,1.1979694976813145e-38,88.43463142112095,1.8248719679534334e-14
YearsAtCompany,1,8.817602848745186e-39,88.43463142112095,1.8248719679534334e-14
Education,1,8.812674253850708e-39,88.43463142112095,1.8248719679534334e-14
TotalWorkingYears,1,8.668497063070617e-39,88.43463142112095,1.8248719679534334e-14
JobRole_Sales.Executive,1,8.306667695314014e-39,88.43463142112095,1.8248719679534334e-14
YearsSinceLastPromotion,1,7.205324840282225e-39,88.43463142112095,1.8248719679534334e-14
NumCompaniesWorked,1,-7.081188142134425e-39,88.43463142112095,1.8248719679534334e-14
Age,1,6.683449255852125e-39,88.43463142112095,1.8248719679534334e-14
DistanceFromHome,1,-3.753348896558419e-39,88.43463142112095,1.8248719679534334e-14
Gender_Male,1,-3.436362450145979e-39,88.43463142112095,1.8248719679534334e-14
Gender_Female,1,3.436362450145951e-39,88.43463142112095,1.8248719679534334e-14
HourlyRate,1,6.0104414896124294e-40,88.43463142112095,1.8248719679534334e-14
PercentSalaryHike,1,-5.0680296816985595e-40,88.43463142112095,1.8248719679534334e-14
DailyRate,1,4.842147698102451e-41,88.43463142112095,1.8248719679534334e-14
MonthlyIncome,1,1.3831601419561016e-41,88.43463142112095,1.8248719679534334e-14
MonthlyRate,1,-1.1295932450750671e-42,88.43463142112095,1.8248719679534334e-14
