term,step,estimate,lambda,dev.ratio
JobRole_Human.Resources,84,-2.860941781779339,1.3060679185598e-4,0.36270900867236205
JobRole_Human.Resources,83,-2.8069461631239734,1.4334079282694658e-4,0.3626996358496665
JobRole_Human.Resources,82,-2.7494499045461462,1.573163431723698e-4,0.36268878304664653
JobRole_Human.Resources,81,-2.69158122814468,1.726544924235578e-4,0.36267670590257495
JobRole_Human.Resources,80,-2.6335098954119,1.894880922916849e-4,0.36266329993878255
JobRole_Human.Resources,79,-2.5716568046642405,2.0796294736575847e-4,0.3626476335247683
JobRole_Human.Resources,78,-2.5128887103514344,2.2823907800221732e-4,0.36263078551494077
JobRole_Human.Resources,77,-2.450664130763253,2.5049210634470686e-4,0.36261119687824717
JobRole_Human.Resources,76,-2.3880976055672876,2.749147774790711e-4,0.3625891229427948
JobRole_Research.Director,84,2.35508131352741,1.3060679185598e-4,0.36270900867236205
JobRole_Research.Director,83,2.346300924558852,1.4334079282694658e-4,0.3626996358496665
JobRole_Research.Director,82,2.336813355361583,1.573163431723698e-4,0.36268878304664653
JobRole_Research.Director,81,2.326809531152873,1.726544924235578e-4,0.36267670590257495
JobRole_Human.Resources,75,-2.3254113888339543,3.017186288990788e-4,0.3625643260515155
JobRole_Research.Director,80,2.3163529967943917,1.894880922916849e-4,0.36266329993878255
JobRole_Research.Director,79,2.304987199991177,2.0796294736575847e-4,0.3626476335247683
JobRole_Research.Director,78,2.2932856445482983,2.2823907800221732e-4,0.36263078551494077
JobRole_Research.Director,77,2.2806731715815087,2.5049210634470686e-4,0.36261119687824717
JobRole_Research.Director,76,2.267284961897532,2.749147774790711e-4,0.3625891229427948
JobRole_Human.Resources,74,-2.2588094973986848,3.311358227429965e-4,0.3625352485239564
JobRole_Research.Director,75,2.25319631582157,3.017186288990788e-4,0.3625643260515155
JobRole_Research.Director,74,2.2379290573853643,3.311358227429965e-4,0.3625352485239564
JobRole_Research.Director,73,2.221996918105783,3.634211566709661e-4,0.36250335554747265
JobRole_Research.Director,72,2.204846929015805,3.988542708004438e-4,0.3624661887046761
JobRole_Human.Resources,73,-2.1952728902664016,3.634211566709661e-4,0.36250335554747265
JobRole_Research.Director,71,2.186119940272139,4.377420698151201e-4,0.36242380570606114
JobRole_Research.Director,70,2.169265113421459,4.8042138122646953e-4,0.3623785051143624
JobRole_Research.Director,69,2.154529922587627,5.272618728125192e-4,0.3623298698791808
JobRole_Research.Director,68,2.139043388719289,5.786692545032966e-4,0.362274724273457
JobRole_Human.Resources,72,-2.128096233283383,3.988542708004438e-4,0.3624661887046761
JobRole_Research.Director,67,2.1230247571433134,6.35088792446155e-4,0.3622124809128614
JobRole_Research.Director,66,2.106350072482609,6.970091656881309e-4,0.3621389708220613
JobRole_Research.Director,65,2.0880279611824974,7.649666988800687e-4,0.3620558681243696
JobRole_Research.Director,64,2.0756323423408634,8.395500076641738e-4,0.36196382696590595
JobRole_Research.Director,63,2.061593186795074,9.214050969811165e-4,0.36185858356393547
JobRole_Human.Resources,71,-2.0598846277101934,4.377420698151201e-4,0.36242380570606114
JobRole_Research.Director,62,2.04576109582083,0.001011240956455785,0.36173779317598387
JobRole_Research.Director,61,2.0277606228292986,0.0011098357013262414,0.3616011962312166
JobRole_Research.Director,60,2.007784144629907,0.0012180433121056701,0.361445151152419
JobRole_Human.Resources,70,-1.9913554055841334,4.8042138122646953e-4,0.3623785051143624
JobRole_Research.Director,59,1.9857978537240735,0.0013368010313530461,0.3612668113676365
Department_Human.Resources,84,1.9855512187249074,1.3060679185598e-4,0.36270900867236205
JobRole_Research.Director,58,1.9618350225834242,0.0014671374816198123,0.3610628161978371
JobRole_Research.Director,57,1.9358606595754266,0.0016101815748863352,0.36082886696660776
Department_Human.Resources,83,1.9318866967923822,1.4334079282694658e-4,0.3626996358496665
JobRole_Human.Resources,69,-1.9228928802074097,5.272618728125192e-4,0.3623298698791808
JobRole_Research.Director,56,1.9079511174343062,0.0017671722906574176,0.3605630327202353
JobRole_Research.Director,55,1.8790737768389665,0.001939469407410052,0.3602582895122597
Department_Human.Resources,82,1.8747383317457904,1.573163431723698e-4,0.36268878304664653
JobRole_Human.Resources,68,-1.854237505439706,5.786692545032966e-4,0.362274724273457
JobRole_Research.Director,54,1.8470142746487617,0.002128565280344081,0.3599126037612435
Department_Human.Resources,81,1.817312566944312,1.726544924235578e-4,0.36267670590257495
JobRole_Research.Director,53,1.8091381561575888,0.00233609776744901,0.3595201862708644
JobRole_Human.Resources,67,-1.786121734305072,6.35088792446155e-4,0.3622124809128614
JobRole_Research.Director,52,1.7707304765309677,0.002563864415846373,0.35911763857005125
Department_Human.Resources,80,1.75979615262622,1.894880922916849e-4,0.36266329993878255
JobRole_Research.Director,51,1.7273315853694997,0.0028138380312829696,0.3586584069105049
JobRole_Human.Resources,66,-1.709042708782874,6.970091656881309e-4,0.3621389708220613
Department_Human.Resources,79,1.6985262577142792,2.0796294736575847e-4,0.3626476335247683
JobRole_Research.Director,50,1.6814207981816556,0.0030881837656304705,0.3581500660051783
Department_Human.Resources,78,1.6405369368456637,2.2823907800221732e-4,0.36263078551494077
JobRole_Human.Resources,65,-1.6346842932137584,7.649666988800687e-4,0.3620558681243696
JobRole_Research.Director,49,1.6224241973680193,0.0033892778703951388,0.3575584590141311
Department_Human.Resources,77,1.579215880783838,2.5049210634470686e-4,0.36261119687824717
JobRole_Research.Director,48,1.5632489372716627,0.003719728278671599,0.3568862839675571
JobRole_Human.Resources,64,-1.549952406820081,8.395500076641738e-4,0.36196382696590595
Department_Human.Resources,76,1.517730346051577,2.749147774790711e-4,0.3625891229427948
JobRole_Research.Director,47,1.5019422996426157,0.00408239719381169,0.35612114930746547
JobRole_Human.Resources,63,-1.46409588159299,9.214050969811165e-4,0.36185858356393547
Department_Human.Resources,75,1.4563434411417406,3.017186288990788e-4,0.3625643260515155
JobRole_Research.Director,46,1.441010351597495,0.004480425880460647,0.3552550274455445
Department_Human.Resources,74,1.3912395010995118,3.311358227429965e-4,0.3625352485239564
JobRole_Research.Director,45,1.3788327729199557,0.004917261872688699,0.35427601746796533
JobRole_Human.Resources,62,-1.3761496782152476,0.001011240956455785,0.36173779317598387
Department_Human.Resources,73,1.329489359054068,3.634211566709661e-4,0.36250335554747265
JobRole_Research.Director,44,1.3174266752821255,0.005396688834881921,0.35317097725719754
JobRole_Human.Resources,61,-1.2905576834486696,0.0011098357013262414,0.3616011962312166
Department_Human.Resources,72,1.2645210275749323,3.988542708004438e-4,0.3624661887046761
JobRole_Research.Director,43,1.2557852685946835,0.005922859334033068,0.3519241192592846
JobRole_Human.Resources,60,-1.2045365614506325,0.0012180433121056701,0.361445151152419
Department_Human.Resources,71,1.199214520403735,4.377420698151201e-4,0.36242380570606114
BusinessTravel_Non.Travel,84,1.1978610173655497,1.3060679185598e-4,0.36270900867236205
BusinessTravel_Non.Travel,83,1.1967623492449866,1.4334079282694658e-4,0.3626996358496665
BusinessTravel_Non.Travel,82,1.1955608550490362,1.573163431723698e-4,0.36268878304664653
BusinessTravel_Non.Travel,81,1.194249892458153,1.726544924235578e-4,0.36267670590257495
BusinessTravel_Non.Travel,80,1.1928168076293209,1.894880922916849e-4,0.36266329993878255
JobRole_Research.Director,42,1.1926538880255786,0.006500330807290316,0.3505174587433949
BusinessTravel_Non.Travel,79,1.191256835564468,2.0796294736575847e-4,0.3626476335247683
BusinessTravel_Non.Travel,78,1.1895545389132198,2.2823907800221732e-4,0.36263078551494077
BusinessTravel_Non.Travel,77,1.187699168057669,2.5049210634470686e-4,0.36261119687824717
BusinessTravel_Non.Travel,76,1.1856792822127011,2.749147774790711e-4,0.3625891229427948
BusinessTravel_Non.Travel,75,1.1834738348917342,3.017186288990788e-4,0.3625643260515155
BusinessTravel_Non.Travel,74,1.1810837732983122,3.311358227429965e-4,0.3625352485239564
BusinessTravel_Non.Travel,73,1.1784770163431952,3.634211566709661e-4,0.36250335554747265
BusinessTravel_Non.Travel,72,1.1756531190368376,3.988542708004438e-4,0.3624661887046761
BusinessTravel_Non.Travel,71,1.1725829876461022,4.377420698151201e-4,0.36242380570606114
BusinessTravel_Non.Travel,70,1.1691757480597993,4.8042138122646953e-4,0.3623785051143624
BusinessTravel_Non.Travel,69,1.1654888971750137,5.272618728125192e-4,0.3623298698791808
BusinessTravel_Non.Travel,68,1.1615009179290923,5.786692545032966e-4,0.362274724273457
BusinessTravel_Non.Travel,67,1.1571881837237978,6.35088792446155e-4,0.3622124809128614
BusinessTravel_Non.Travel,66,1.1525340229966243,6.970091656881309e-4,0.3621389708220613
JobRole_Laboratory.Technician,84,-1.1480219613474334,1.3060679185598e-4,0.36270900867236205
JobRole_Laboratory.Technician,83,-1.1479618112779428,1.4334079282694658e-4,0.3626996358496665
JobRole_Laboratory.Technician,82,-1.1476869763920543,1.573163431723698e-4,0.36268878304664653
BusinessTravel_Non.Travel,65,1.1475387832465223,7.649666988800687e-4,0.3620558681243696
JobRole_Laboratory.Technician,81,-1.1470442690323381,1.726544924235578e-4,0.36267670590257495
JobRole_Laboratory.Technician,80,-1.1460485172427963,1.894880922916849e-4,0.36266329993878255
JobRole_Laboratory.Technician,79,-1.144660539752931,2.0796294736575847e-4,0.3626476335247683
JobRole_Laboratory.Technician,78,-1.1427871080179675,2.2823907800221732e-4,0.36263078551494077
BusinessTravel_Non.Travel,64,1.1420809484703356,8.395500076641738e-4,0.36196382696590595
JobRole_Laboratory.Technician,77,-1.140487447092761,2.5049210634470686e-4,0.36261119687824717
JobRole_Laboratory.Technician,76,-1.1376605792581282,2.749147774790711e-4,0.3625891229427948
BusinessTravel_Non.Travel,63,1.1361951212737118,9.214050969811165e-4,0.36185858356393547
JobRole_Laboratory.Technician,75,-1.1343303071998467,3.017186288990788e-4,0.3625643260515155
Department_Human.Resources,70,1.1338234702235266,4.8042138122646953e-4,0.3623785051143624
JobRole_Research.Director,41,1.1309263681304926,0.007134105036297602,0.34893757609222753
JobRole_Laboratory.Technician,74,-1.1303514005056017,3.311358227429965e-4,0.3625352485239564
BusinessTravel_Non.Travel,62,1.1298746193425273,0.001011240956455785,0.36173779317598387
JobRole_Laboratory.Technician,73,-1.1257981083725581,3.634211566709661e-4,0.36250335554747265
BusinessTravel_Non.Travel,61,1.12306075859148,0.0011098357013262414,0.3616011962312166
JobRole_Laboratory.Technician,72,-1.120551841011242,3.988542708004438e-4,0.3624661887046761
JobRole_Human.Resources,59,-1.1180469098480905,0.0013368010313530461,0.3612668113676365
BusinessTravel_Non.Travel,60,1.11574075377869,0.0012180433121056701,0.361445151152419
JobRole_Laboratory.Technician,71,-1.1144651792587963,4.377420698151201e-4,0.36242380570606114
JobRole_Laboratory.Technician,70,-1.1080647551732146,4.8042138122646953e-4,0.3623785051143624
BusinessTravel_Non.Travel,59,1.1078874715230937,0.0013368010313530461,0.3612668113676365
JobRole_Laboratory.Technician,69,-1.101340810917734,5.272618728125192e-4,0.3623298698791808
BusinessTravel_Non.Travel,58,1.099473327544143,0.0014671374816198123,0.3610628161978371
JobRole_Laboratory.Technician,68,-1.0937028654390306,5.786692545032966e-4,0.362274724273457
BusinessTravel_Non.Travel,57,1.090501716434843,0.0016101815748863352,0.36082886696660776
JobRole_Laboratory.Technician,67,-1.0851530896300086,6.35088792446155e-4,0.3622124809128614
BusinessTravel_Non.Travel,56,1.0808900052864987,0.0017671722906574176,0.3605630327202353
JobRole_Laboratory.Technician,66,-1.074804295664518,6.970091656881309e-4,0.3621389708220613
BusinessTravel_Non.Travel,55,1.0706263575542112,0.001939469407410052,0.3602582895122597
JobRole_Research.Director,40,1.069473758826251,0.007829671470234412,0.34716434627406656
Department_Human.Resources,69,1.0687202905561697,5.272618728125192e-4,0.3623298698791808
JobRole_Laboratory.Technician,65,-1.0634760310865898,7.649666988800687e-4,0.3620558681243696
BusinessTravel_Non.Travel,54,1.059952807546056,0.002128565280344081,0.3599126037612435
BusinessTravel_Non.Travel,53,1.0485623776775783,0.00233609776744901,0.3595201862708644
JobRole_Laboratory.Technician,64,-1.0451807813730107,8.395500076641738e-4,0.36196382696590595
JobRole_Sales.Representative,65,-1.0437594693495922,7.649666988800687e-4,0.3620558681243696
JobRole_Manager,84,1.0423766449072656,1.3060679185598e-4,0.36270900867236205
JobRole_Sales.Representative,64,-1.0396275230439815,8.395500076641738e-4,0.36196382696590595
BusinessTravel_Non.Travel,52,1.036530379280764,0.002563864415846373,0.35911763857005125
JobRole_Sales.Representative,63,-1.0352094801636835,9.214050969811165e-4,0.36185858356393547
JobRole_Sales.Representative,66,-1.0345720937350888,6.970091656881309e-4,0.3621389708220613
JobRole_Manager,83,1.0338210607107876,1.4334079282694658e-4,0.3626996358496665
JobRole_Human.Resources,58,-1.03080920140866,0.0014671374816198123,0.3610628161978371
JobRole_Sales.Representative,62,-1.030375705766101,0.001011240956455785,0.36173779317598387
JobRole_Laboratory.Technician,63,-1.026415190842697,9.214050969811165e-4,0.36185858356393547
JobRole_Sales.Representative,61,-1.0253706682806105,0.0011098357013262414,0.3616011962312166
JobRole_Sales.Representative,67,-1.0252020395501718,6.35088792446155e-4,0.3622124809128614
JobRole_Manager,82,1.0244540983127173,1.573163431723698e-4,0.36268878304664653
BusinessTravel_Non.Travel,51,1.0237064401445855,0.0028138380312829696,0.3586584069105049
JobRole_Sales.Representative,60,-1.020044036667324,0.0012180433121056701,0.361445151152419
JobRole_Sales.Representative,68,-1.015543169283732,5.786692545032966e-4,0.362274724273457
JobRole_Manager,81,1.0146129058903601,1.726544924235578e-4,0.36267670590257495
JobRole_Sales.Representative,59,-1.0143790947677374,0.0013368010313530461,0.3612668113676365
BusinessTravel_Non.Travel,50,1.0099509206169144,0.0030881837656304705,0.3581500660051783
JobRole_Sales.Representative,58,-1.0083572497466748,0.0014671374816198123,0.3610628161978371
JobRole_Laboratory.Technician,62,-1.0070331702932134,0.001011240956455785,0.36173779317598387
JobRole_Research.Director,39,1.0069898153969465,0.008593054772798469,0.34517585847057386
JobRole_Sales.Representative,69,-1.005316039389045,5.272618728125192e-4,0.3623298698791808
Department_Human.Resources,68,1.0044776182843342,5.786692545032966e-4,0.362274724273457
JobRole_Manager,80,1.0044192958890508,1.894880922916849e-4,0.36266329993878255
OverTime_No,84,1.0034005893688989,1.3060679185598e-4,0.36270900867236205
OverTime_No,83,1.0030739242039577,1.4334079282694658e-4,0.3626996358496665
OverTime_No,82,1.0027361273261548,1.573163431723698e-4,0.36268878304664653
OverTime_No,81,1.002364049723056,1.726544924235578e-4,0.36267670590257495
OverTime_No,80,1.0019513502965303,1.894880922916849e-4,0.36266329993878255
JobRole_Sales.Representative,57,-1.0017952589524513,0.0016101815748863352,0.36082886696660776
OverTime_No,79,1.0015312963199678,2.0796294736575847e-4,0.3626476335247683
OverTime_No,78,1.0010337447630495,2.2823907800221732e-4,0.36263078551494077
OverTime_No,77,1.000521455369812,2.5049210634470686e-4,0.36261119687824717
OverTime_No,76,0.9999595560889817,2.749147774790711e-4,0.3625891229427948
OverTime_No,75,0.9993370650495833,3.017186288990788e-4,0.3625643260515155
OverTime_No,74,0.9987099281372545,3.311358227429965e-4,0.3625352485239564
OverTime_No,73,0.9979682045303039,3.634211566709661e-4,0.36250335554747265
OverTime_No,72,0.997216245880349,3.988542708004438e-4,0.3624661887046761
OverTime_No,71,0.996385620713253,4.377420698151201e-4,0.36242380570606114
BusinessTravel_Non.Travel,49,0.9957346362927978,0.0033892778703951388,0.3575584590141311
OverTime_No,70,0.9953566525547316,4.8042138122646953e-4,0.3623785051143624
JobRole_Sales.Representative,56,-0.9950210580741473,0.0017671722906574176,0.3605630327202353
JobRole_Sales.Representative,70,-0.9948375838490204,4.8042138122646953e-4,0.3623785051143624
OverTime_No,69,0.9941754693759544,5.272618728125192e-4,0.3623298698791808
JobRole_Manager,79,0.9931283189478476,2.0796294736575847e-4,0.3626476335247683
OverTime_No,68,0.992884020684648,5.786692545032966e-4,0.362274724273457
OverTime_No,67,0.9914685718837987,6.35088792446155e-4,0.3622124809128614
OverTime_No,66,0.9900820858486556,6.970091656881309e-4,0.3621389708220613
OverTime_No,65,0.9884208334668362,7.649666988800687e-4,0.3620558681243696
JobRole_Sales.Representative,55,-0.9879463254309635,0.001939469407410052,0.3602582895122597
JobRole_Laboratory.Technician,61,-0.9878721644932147,0.0011098357013262414,0.3616011962312166
OverTime_No,64,0.9866588748755343,8.395500076641738e-4,0.36196382696590595
OverTime_Yes,84,-0.9864896296712464,1.3060679185598e-4,0.36270900867236205
OverTime_Yes,83,-0.9862456665914218,1.4334079282694658e-4,0.3626996358496665
OverTime_Yes,82,-0.9859638935250892,1.573163431723698e-4,0.36268878304664653
OverTime_Yes,81,-0.9856554436964848,1.726544924235578e-4,0.36267670590257495
OverTime_Yes,80,-0.9853179485008496,1.894880922916849e-4,0.36266329993878255
JobRole_Sales.Representative,71,-0.985231035078683,4.377420698151201e-4,0.36242380570606114
OverTime_Yes,79,-0.9849287137394958,2.0796294736575847e-4,0.3626476335247683
OverTime_No,63,0.9847621181454687,9.214050969811165e-4,0.36185858356393547
OverTime_Yes,78,-0.9845239774619717,2.2823907800221732e-4,0.36263078551494077
OverTime_Yes,77,-0.9840574778674006,2.5049210634470686e-4,0.36261119687824717
OverTime_Yes,76,-0.9835461474089511,2.749147774790711e-4,0.3625891229427948
OverTime_Yes,75,-0.9829858436437605,3.017186288990788e-4,0.3625643260515155
OverTime_No,62,0.9827434918427265,0.001011240956455785,0.36173779317598387
OverTime_Yes,74,-0.9823394828203352,3.311358227429965e-4,0.3625352485239564
JobRole_Manager,78,0.9818207298360342,2.2823907800221732e-4,0.36263078551494077
OverTime_Yes,73,-0.9816637137693498,3.634211566709661e-4,0.36250335554747265
OverTime_Yes,72,-0.9808836304780213,3.988542708004438e-4,0.3624661887046761
BusinessTravel_Non.Travel,48,0.9806498489341213,0.003719728278671599,0.3568862839675571
OverTime_No,61,0.9804562248501194,0.0011098357013262414,0.3616011962312166
OverTime_Yes,71,-0.9800235960676008,4.377420698151201e-4,0.36242380570606114
JobRole_Sales.Representative,54,-0.9799283514738568,0.002128565280344081,0.3599126037612435
OverTime_Yes,70,-0.9790792840228142,4.8042138122646953e-4,0.3623785051143624
OverTime_Yes,69,-0.9780479446494423,5.272618728125192e-4,0.3623298698791808
OverTime_No,60,0.9780005213628367,0.0012180433121056701,0.361445151152419
OverTime_Yes,68,-0.976922963931227,5.786692545032966e-4,0.362274724273457
JobRole_Sales.Representative,72,-0.9763605895017257,3.988542708004438e-4,0.3624661887046761
OverTime_Yes,67,-0.9756971070070463,6.35088792446155e-4,0.3622124809128614
OverTime_No,59,0.9753807994470386,0.0013368010313530461,0.3612668113676365
OverTime_Yes,66,-0.9742189105680077,6.970091656881309e-4,0.3621389708220613
OverTime_Yes,65,-0.9727377740722025,7.649666988800687e-4,0.3620558681243696
OverTime_No,58,0.9726140443334533,0.0014671374816198123,0.3610628161978371
OverTime_Yes,64,-0.9710383807043796,8.395500076641738e-4,0.36196382696590595
OverTime_No,57,0.9697585129410508,0.0016101815748863352,0.36082886696660776
JobRole_Manager,77,0.9695179051743726,2.5049210634470686e-4,0.36261119687824717
JobRole_Sales.Representative,53,-0.9692901599118405,0.00233609776744901,0.3595201862708644
OverTime_Yes,63,-0.9691690394297711,9.214050969811165e-4,0.36185858356393547
EducationField_Human.Resources,84,-0.9689372274598093,1.3060679185598e-4,0.36270900867236205
JobRole_Laboratory.Technician,60,-0.9683955277306726,0.0012180433121056701,0.361445151152419
EducationField_Human.Resources,83,-0.9679542534202681,1.4334079282694658e-4,0.3626996358496665
JobRole_Sales.Representative,73,-0.9672552814014185,3.634211566709661e-4,0.36250335554747265
OverTime_Yes,62,-0.9671059834372127,0.001011240956455785,0.36173779317598387
EducationField_Human.Resources,82,-0.9668889520942139,1.573163431723698e-4,0.36268878304664653
OverTime_No,56,0.9666251583751448,0.0017671722906574176,0.3605630327202353
EducationField_Human.Resources,81,-0.9657302522852255,1.726544924235578e-4,0.36267670590257495
OverTime_Yes,61,-0.9649404218944704,0.0011098357013262414,0.3616011962312166
BusinessTravel_Non.Travel,47,0.9648045320732745,0.00408239719381169,0.35612114930746547
EducationField_Human.Resources,80,-0.9644567375554777,1.894880922916849e-4,0.36266329993878255
OverTime_No,55,0.9634608016406123,0.001939469407410052,0.3602582895122597
EducationField_Human.Resources,79,-0.9630897827018204,2.0796294736575847e-4,0.3626476335247683
OverTime_Yes,60,-0.9625632687693955,0.0012180433121056701,0.361445151152419
EducationField_Human.Resources,78,-0.9615830481125383,2.2823907800221732e-4,0.36263078551494077
OverTime_No,54,0.9603642591372512,0.002128565280344081,0.3599126037612435
EducationField_Human.Resources,77,-0.9599546024657746,2.5049210634470686e-4,0.36261119687824717
OverTime_Yes,59,-0.9599436548608542,0.0013368010313530461,0.3612668113676365
JobRole_Sales.Representative,52,-0.9597534053959049,0.002563864415846373,0.35911763857005125
JobRole_Sales.Representative,74,-0.9587742534358883,3.311358227429965e-4,0.3625352485239564
EducationField_Human.Resources,76,-0.9581879853317625,2.749147774790711e-4,0.3625891229427948
OverTime_Yes,58,-0.9570380662434355,0.0014671374816198123,0.3610628161978371
OverTime_No,53,0.9568049298657176,0.00233609776744901,0.3595201862708644
JobRole_Manager,76,0.9565511090660815,2.749147774790711e-4,0.3625891229427948
EducationField_Human.Resources,75,-0.9562509865810925,3.017186288990788e-4,0.3625643260515155
EducationField_Human.Resources,74,-0.9541787005502382,3.311358227429965e-4,0.3625352485239564
OverTime_Yes,57,-0.953779600169278,0.0016101815748863352,0.36082886696660776
EducationField_Human.Resources,73,-0.9518986427366795,3.634211566709661e-4,0.36250335554747265
OverTime_No,52,0.9517407532848804,0.002563864415846373,0.35911763857005125
OverTime_Yes,56,-0.9502838955881455,0.0017671722906574176,0.3605630327202353
JobRole_Sales.Representative,51,-0.949880516802182,0.0028138380312829696,0.3586584069105049
JobRole_Sales.Representative,75,-0.9498090326718651,3.017186288990788e-4,0.3625643260515155
EducationField_Human.Resources,72,-0.9494594943050851,3.988542708004438e-4,0.3624661887046761
JobRole_Laboratory.Technician,59,-0.9485818417345574,0.0013368010313530461,0.3612668113676365
BusinessTravel_Non.Travel,46,0.9480288284018704,0.004480425880460647,0.3552550274455445
JobRole_Research.Director,38,0.947148242811718,0.009430867004960533,0.34299410935673436
EducationField_Human.Resources,71,-0.946972058853795,4.377420698151201e-4,0.36242380570606114
OverTime_Yes,55,-0.9463012204416297,0.001939469407410052,0.3602582895122597
OverTime_No,51,0.9461347732823511,0.0028138380312829696,0.3586584069105049
EducationField_Human.Resources,70,-0.9442584685654861,4.8042138122646953e-4,0.3623785051143624
JobRole_Manager,75,0.9430911238178218,3.017186288990788e-4,0.3625643260515155
JobRole_Sales.Representative,50,-0.9426511216053326,0.0030881837656304705,0.3581500660051783
Department_Human.Resources,67,0.9420846848287673,6.35088792446155e-4,0.3622124809128614
OverTime_Yes,54,-0.9419094779086861,0.002128565280344081,0.3599126037612435
JobRole_Sales.Representative,76,-0.9416237956227613,2.749147774790711e-4,0.3625891229427948
JobRole_Human.Resources,57,-0.9415467302301666,0.0016101815748863352,0.36082886696660776
EducationField_Human.Resources,69,-0.9412090791914911,5.272618728125192e-4,0.3623298698791808
OverTime_No,50,0.9395259346008691,0.0030881837656304705,0.3581500660051783
EducationField_Human.Resources,68,-0.937900589579412,5.786692545032966e-4,0.362274724273457
OverTime_Yes,53,-0.9373366064859187,0.00233609776744901,0.3595201862708644
OverTime_No,49,0.933897793382992,0.0033892778703951388,0.3575584590141311
EducationField_Human.Resources,67,-0.9338769802170167,6.35088792446155e-4,0.3622124809128614
JobRole_Sales.Representative,77,-0.9335509573650115,2.5049210634470686e-4,0.36261119687824717
OverTime_Yes,52,-0.933529586890437,0.002563864415846373,0.35911763857005125
JobRole_Sales.Representative,49,-0.933504788012035,0.0033892778703951388,0.3575584590141311
EducationField_Human.Resources,66,-0.9305494828728996,6.970091656881309e-4,0.3621389708220613
BusinessTravel_Non.Travel,45,0.9302471030015304,0.004917261872688699,0.35427601746796533
OverTime_Yes,51,-0.9296038818272279,0.0028138380312829696,0.3586584069105049
JobRole_Laboratory.Technician,58,-0.9283464028830384,0.0014671374816198123,0.3610628161978371
JobRole_Manager,74,0.9282942712153062,3.311358227429965e-4,0.3625352485239564
OverTime_No,48,0.9276515560171397,0.003719728278671599,0.3568862839675571
EducationField_Human.Resources,65,-0.9259583520480555,7.649666988800687e-4,0.3620558681243696
OverTime_Yes,50,-0.9257075323249409,0.0030881837656304705,0.3581500660051783
JobRole_Sales.Representative,78,-0.9256276492315609,2.2823907800221732e-4,0.36263078551494077
JobRole_Sales.Representative,48,-0.9243785642698998,0.003719728278671599,0.3568862839675571
OverTime_No,47,0.9212300791525838,0.00408239719381169,0.35612114930746547
EducationField_Human.Resources,64,-0.9211454912816657,8.395500076641738e-4,0.36196382696590595
OverTime_Yes,49,-0.920000724486588,0.0033892778703951388,0.3575584590141311
JobRole_Sales.Representative,79,-0.9183632288619225,2.0796294736575847e-4,0.3626476335247683
EducationField_Human.Resources,63,-0.9159241446385016,9.214050969811165e-4,0.36185858356393547
JobRole_Sales.Representative,47,-0.9143480184704067,0.00408239719381169,0.35612114930746547
OverTime_No,46,0.9141110634888866,0.004480425880460647,0.3552550274455445
OverTime_Yes,48,-0.9140777530309581,0.003719728278671599,0.3568862839675571
JobRole_Manager,73,0.9133276294093586,3.634211566709661e-4,0.36250335554747265
BusinessTravel_Non.Travel,44,0.9114963095412296,0.005396688834881921,0.35317097725719754
JobRole_Sales.Representative,80,-0.9106989127893225,1.894880922916849e-4,0.36266329993878255
EducationField_Human.Resources,62,-0.9103332011521301,0.001011240956455785,0.36173779317598387
OverTime_Yes,47,-0.9075561023960647,0.00408239719381169,0.35612114930746547
JobRole_Laboratory.Technician,57,-0.9073738310137126,0.0016101815748863352,0.36082886696660776
OverTime_No,45,0.9067126777433387,0.004917261872688699,0.35427601746796533
JobRole_Sales.Representative,46,-0.9044154604286327,0.004480425880460647,0.3552550274455445
EducationField_Human.Resources,61,-0.9041290066421153,0.0011098357013262414,0.3616011962312166
JobRole_Sales.Representative,81,-0.9037602775315283,1.726544924235578e-4,0.36267670590257495
OverTime_Yes,46,-0.9008139868603285,0.004480425880460647,0.3552550274455445
OverTime_No,44,0.8984681218091845,0.005396688834881921,0.35317097725719754
EducationField_Human.Resources,60,-0.8973920774546398,0.0012180433121056701,0.361445151152419
JobRole_Manager,72,0.8971494888953256,3.988542708004438e-4,0.3624661887046761
JobRole_Sales.Representative,82,-0.8969540941189084,1.573163431723698e-4,0.36268878304664653
JobRole_Sales.Representative,45,-0.893662860860939,0.004917261872688699,0.35427601746796533
OverTime_Yes,45,-0.8933984545813862,0.004917261872688699,0.35427601746796533
BusinessTravel_Non.Travel,43,0.8918457807142124,0.005922859334033068,0.3519241192592846
JobRole_Sales.Representative,83,-0.8902947758207533,1.4334079282694658e-4,0.3626996358496665
EducationField_Human.Resources,59,-0.8900867041138422,0.0013368010313530461,0.3612668113676365
OverTime_No,43,0.8898237408191834,0.005922859334033068,0.3519241192592846
JobRole_Research.Director,37,0.8886687869346669,0.01035036489547338,0.3406035179119267
JobRole_Laboratory.Technician,56,-0.8862312190717547,0.0017671722906574176,0.3605630327202353
OverTime_Yes,44,-0.885834842446421,0.005396688834881921,0.35317097725719754
JobRole_Sales.Representative,84,-0.8842422467463008,1.3060679185598e-4,0.36270900867236205
JobRole_Sales.Representative,44,-0.8830493193875947,0.005396688834881921,0.35317097725719754
EducationField_Human.Resources,58,-0.8821853185804669,0.0014671374816198123,0.3610628161978371
OverTime_No,42,0.8810045874454131,0.006500330807290316,0.3505174587433949
JobRole_Manager,71,0.8797015300455966,4.377420698151201e-4,0.36242380570606114
OverTime_Yes,43,-0.8777138329894438,0.005922859334033068,0.3519241192592846
Department_Human.Resources,66,0.8739885463706434,6.970091656881309e-4,0.3621389708220613
EducationField_Human.Resources,57,-0.873758262108377,0.0016101815748863352,0.36082886696660776
JobRole_Sales.Representative,43,-0.8720634831966557,0.005922859334033068,0.3519241192592846
BusinessTravel_Non.Travel,42,0.8713788989795329,0.006500330807290316,0.3505174587433949
OverTime_No,41,0.8712217095366694,0.007134105036297602,0.34893757609222753
OverTime_Yes,42,-0.8688391351150915,0.006500330807290316,0.3505174587433949
JobRole_Manager,70,0.8649128067157784,4.8042138122646953e-4,0.3623785051143624
EducationField_Human.Resources,56,-0.8644900449085424,0.0017671722906574176,0.3605630327202353
JobRole_Laboratory.Technician,55,-0.8636776314561542,0.001939469407410052,0.3602582895122597
OverTime_No,40,0.8610077854396647,0.007829671470234412,0.34716434627406656
JobRole_Sales.Representative,42,-0.8600380462513774,0.006500330807290316,0.3505174587433949
OverTime_Yes,41,-0.8598331549650456,0.007134105036297602,0.34893757609222753
EducationField_Human.Resources,55,-0.8544833926729116,0.001939469407410052,0.3602582895122597
JobRole_Human.Resources,56,-0.8543959000665353,0.0017671722906574176,0.3605630327202353
JobRole_Manager,69,0.8529949229416462,5.272618728125192e-4,0.3623298698791808
OverTime_No,39,0.8506788969301354,0.008593054772798469,0.34517585847057386
OverTime_Yes,40,-0.8502187681654865,0.007829671470234412,0.34716434627406656
BusinessTravel_Non.Travel,41,0.8499078447828371,0.007134105036297602,0.34893757609222753
JobRole_Sales.Representative,41,-0.8482156211647979,0.007134105036297602,0.34893757609222753
EducationField_Human.Resources,54,-0.843606348878704,0.002128565280344081,0.3599126037612435
JobRole_Manager,68,0.8408595909507035,5.786692545032966e-4,0.362274724273457
OverTime_Yes,39,-0.839734154696058,0.008593054772798469,0.34517585847057386
OverTime_No,38,0.8392224005985155,0.009430867004960533,0.34299410935673436
EducationField_Technical.Degree,84,-0.8387617147365602,1.3060679185598e-4,0.36270900867236205
JobRole_Laboratory.Technician,54,-0.8387253984864632,0.002128565280344081,0.3599126037612435
EducationField_Technical.Degree,83,-0.8382404210014077,1.4334079282694658e-4,0.3626996358496665
EducationField_Technical.Degree,82,-0.8376726554415164,1.573163431723698e-4,0.36268878304664653
EducationField_Technical.Degree,81,-0.8370503999200328,1.726544924235578e-4,0.36267670590257495
EducationField_Technical.Degree,80,-0.8363672274342655,1.894880922916849e-4,0.36266329993878255
JobRole_Sales.Representative,40,-0.8360171360122447,0.007829671470234412,0.34716434627406656
EducationField_Technical.Degree,79,-0.8356267852717777,2.0796294736575847e-4,0.3626476335247683
EducationField_Technical.Degree,78,-0.8348083957161163,2.2823907800221732e-4,0.36263078551494077
EducationField_Technical.Degree,77,-0.8339187006296253,2.5049210634470686e-4,0.36261119687824717
EducationField_Technical.Degree,76,-0.8329452712910215,2.749147774790711e-4,0.3625891229427948
EducationField_Human.Resources,53,-0.8326424032300487,0.00233609776744901,0.3595201862708644
EducationField_Technical.Degree,75,-0.831876428895435,3.017186288990788e-4,0.3625643260515155
JobRole_Research.Director,36,0.8312096976221425,0.0113595126951847,0.3379337135395595
EducationField_Technical.Degree,74,-0.8307217157584571,3.311358227429965e-4,0.3625352485239564
EducationField_Technical.Degree,73,-0.8294459348016606,3.634211566709661e-4,0.36250335554747265
OverTime_Yes,38,-0.8291184986980723,0.009430867004960533,0.34299410935673436
JobRole_Manager,67,0.8289115954024615,6.35088792446155e-4,0.3622124809128614
EducationField_Technical.Degree,72,-0.8280663418183123,3.988542708004438e-4,0.3624661887046761
BusinessTravel_Non.Travel,40,0.8275252104041985,0.007829671470234412,0.34716434627406656
EducationField_Human.Resources,52,-0.8272852866807403,0.002563864415846373,0.35911763857005125
OverTime_No,37,0.8271779149807974,0.01035036489547338,0.3406035179119267
EducationField_Technical.Degree,71,-0.826554719845128,4.377420698151201e-4,0.36242380570606114
EducationField_Technical.Degree,70,-0.8247844963252339,4.8042138122646953e-4,0.3623785051143624
EducationField_Human.Resources,51,-0.8232004759525894,0.0028138380312829696,0.3586584069105049
EducationField_Technical.Degree,69,-0.8227813471236061,5.272618728125192e-4,0.3623298698791808
JobRole_Sales.Representative,39,-0.8227385005463936,0.008593054772798469,0.34517585847057386
EducationField_Technical.Degree,68,-0.8206003712177202,5.786692545032966e-4,0.362274724273457
BusinessTravel_Travel_Frequently,84,-0.818299814999202,1.3060679185598e-4,0.36270900867236205
EducationField_Technical.Degree,67,-0.8182008175824234,6.35088792446155e-4,0.3622124809128614
BusinessTravel_Travel_Frequently,83,-0.8179659124587791,1.4334079282694658e-4,0.3626996358496665
OverTime_Yes,37,-0.8178763672832621,0.01035036489547338,0.3406035179119267
BusinessTravel_Travel_Frequently,82,-0.8175987194238611,1.573163431723698e-4,0.36268878304664653
BusinessTravel_Travel_Frequently,81,-0.8171987003356151,1.726544924235578e-4,0.36267670590257495
JobRole_Manager,66,0.8169363110336721,6.970091656881309e-4,0.3621389708220613
BusinessTravel_Travel_Frequently,80,-0.816761699715828,1.894880922916849e-4,0.36266329993878255
BusinessTravel_Travel_Frequently,79,-0.8162820805876394,2.0796294736575847e-4,0.3626476335247683
BusinessTravel_Travel_Frequently,78,-0.8157630567667402,2.2823907800221732e-4,0.36263078551494077
EducationField_Technical.Degree,66,-0.8156662410069943,6.970091656881309e-4,0.3621389708220613
BusinessTravel_Travel_Frequently,77,-0.8151939412921606,2.5049210634470686e-4,0.36261119687824717
EducationField_Human.Resources,50,-0.8151417904110326,0.0030881837656304705,0.3581500660051783
OverTime_No,36,0.8147290828167643,0.0113595126951847,0.3379337135395595
BusinessTravel_Travel_Frequently,76,-0.814575083117244,2.749147774790711e-4,0.3625891229427948
BusinessTravel_Travel_Frequently,75,-0.8139007805819521,3.017186288990788e-4,0.3625643260515155
BusinessTravel_Travel_Frequently,74,-0.8131628974515691,3.311358227429965e-4,0.3625352485239564
EducationField_Technical.Degree,65,-0.812854443402955,7.649666988800687e-4,0.3620558681243696
BusinessTravel_Travel_Frequently,73,-0.8123652993106554,3.634211566709661e-4,0.36250335554747265
BusinessTravel_Travel_Frequently,72,-0.8114954085510839,3.988542708004438e-4,0.3624661887046761
JobRole_Sales.Representative,38,-0.8106469520506804,0.009430867004960533,0.34299410935673436
BusinessTravel_Travel_Frequently,71,-0.810588464948727,4.377420698151201e-4,0.36242380570606114
JobRole_Laboratory.Technician,53,-0.8104008748757922,0.00233609776744901,0.3595201862708644
EducationField_Technical.Degree,64,-0.8097526019630727,8.395500076641738e-4,0.36196382696590595
BusinessTravel_Travel_Frequently,70,-0.8097151785691217,4.8042138122646953e-4,0.3623785051143624
Department_Human.Resources,65,0.8089236615289985,7.649666988800687e-4,0.3620558681243696
BusinessTravel_Travel_Frequently,69,-0.8088282527445589,5.272618728125192e-4,0.3623298698791808
BusinessTravel_Travel_Frequently,68,-0.807862615417597,5.786692545032966e-4,0.362274724273457
EducationField_Human.Resources,49,-0.8074087430775235,0.0033892778703951388,0.3575584590141311
BusinessTravel_Travel_Frequently,67,-0.8068057561516121,6.35088792446155e-4,0.3622124809128614
EducationField_Technical.Degree,63,-0.8063891256462139,9.214050969811165e-4,0.36185858356393547
OverTime_Yes,36,-0.8058986981239479,0.0113595126951847,0.3379337135395595
BusinessTravel_Travel_Frequently,66,-0.8056598586582834,6.970091656881309e-4,0.3621389708220613
BusinessTravel_Travel_Frequently,65,-0.8044438017388912,7.649666988800687e-4,0.3620558681243696
BusinessTravel_Non.Travel,39,0.8043356009152848,0.008593054772798469,0.34517585847057386
JobRole_Manager,65,0.8036364523565712,7.649666988800687e-4,0.3620558681243696
BusinessTravel_Travel_Frequently,64,-0.8030763705669594,8.395500076641738e-4,0.36196382696590595
EducationField_Technical.Degree,62,-0.8027555128660082,0.001011240956455785,0.36173779317598387
OverTime_No,35,0.8025775804829076,0.012467051159567907,0.33505388278095777
BusinessTravel_Travel_Frequently,63,-0.8015872554383666,9.214050969811165e-4,0.36185858356393547
JobRole_Manager,64,0.801413777078168,8.395500076641738e-4,0.36196382696590595
BusinessTravel_Travel_Frequently,62,-0.7999763849588402,0.001011240956455785,0.36173779317598387
JobRole_Sales.Representative,37,-0.7991761439944137,0.01035036489547338,0.3406035179119267
EducationField_Human.Resources,48,-0.7990706251943049,0.003719728278671599,0.3568862839675571
EducationField_Technical.Degree,61,-0.7988060441107011,0.0011098357013262414,0.3616011962312166
JobRole_Manager,63,0.7986368907500289,9.214050969811165e-4,0.36185858356393547
BusinessTravel_Travel_Frequently,61,-0.798212195299403,0.0011098357013262414,0.3616011962312166
BusinessTravel_Travel_Frequently,60,-0.7962932803081451,0.0012180433121056701,0.361445151152419
JobRole_Manager,62,0.7951954614232214,0.001011240956455785,0.36173779317598387
EducationField_Technical.Degree,60,-0.7945356972557337,0.0012180433121056701,0.361445151152419
BusinessTravel_Travel_Frequently,59,-0.7942072636167359,0.0013368010313530461,0.3612668113676365
OverTime_Yes,35,-0.7925096823843804,0.012467051159567907,0.33505388278095777
BusinessTravel_Travel_Frequently,58,-0.7919410032041528,0.0014671374816198123,0.3610628161978371
JobRole_Manager,61,0.790853801772257,0.0011098357013262414,0.3616011962312166
EducationField_Human.Resources,47,-0.7904531693834648,0.00408239719381169,0.35612114930746547
EducationField_Technical.Degree,59,-0.7899245331000085,0.0013368010313530461,0.3612668113676365
BusinessTravel_Travel_Frequently,57,-0.7894955700755233,0.0016101815748863352,0.36082886696660776
OverTime_No,34,0.7885591812770393,0.013682573256964552,0.3322769013147441
JobRole_Sales.Representative,36,-0.7874248879392235,0.0113595126951847,0.3379337135395595
BusinessTravel_Travel_Frequently,56,-0.7868245147130056,0.0017671722906574176,0.3605630327202353
JobRole_Manager,60,0.7857300216145854,0.0012180433121056701,0.361445151152419
JobRole_Laboratory.Technician,52,-0.7855189811758141,0.002563864415846373,0.35911763857005125
EducationField_Technical.Degree,58,-0.7849533894472087,0.0014671374816198123,0.3610628161978371
BusinessTravel_Travel_Frequently,55,-0.7839179561327978,0.001939469407410052,0.3602582895122597
EducationField_Human.Resources,46,-0.7811107550951467,0.004480425880460647,0.3552550274455445
BusinessTravel_Travel_Frequently,54,-0.780672273952458,0.002128565280344081,0.3599126037612435
JobRole_Manager,59,0.7797910167738565,0.0013368010313530461,0.3612668113676365
BusinessTravel_Non.Travel,38,0.7796223605745511,0.009430867004960533,0.34299410935673436
EducationField_Technical.Degree,57,-0.7796173983779667,0.0016101815748863352,0.36082886696660776
OverTime_Yes,34,-0.7795370438920197,0.013682573256964552,0.3322769013147441
BusinessTravel_Travel_Frequently,53,-0.7771455728993423,0.00233609776744901,0.3595201862708644
JobRole_Sales.Representative,35,-0.7750702127678692,0.012467051159567907,0.33505388278095777
JobRole_Research.Director,35,0.774308293046736,0.012467051159567907,0.33505388278095777
EducationField_Technical.Degree,56,-0.77385806527213,0.0017671722906574176,0.3605630327202353
OverTime_No,33,0.77385512047915,0.0150166072582869,0.3291465765077483
BusinessTravel_Travel_Frequently,52,-0.7731761267063184,0.002563864415846373,0.35911763857005125
JobRole_Manager,58,0.7730502285059586,0.0014671374816198123,0.3610628161978371
EducationField_Human.Resources,45,-0.7711717535640863,0.004917261872688699,0.35427601746796533
BusinessTravel_Travel_Frequently,51,-0.7689130936817291,0.0028138380312829696,0.3586584069105049
EducationField_Technical.Degree,55,-0.7676723124233201,0.001939469407410052,0.3602582895122597
OverTime_Yes,33,-0.7660775037235695,0.0150166072582869,0.3291465765077483
JobRole_Human.Resources,55,-0.765794852387867,0.001939469407410052,0.3602582895122597
JobRole_Manager,57,0.7654233712200311,0.0016101815748863352,0.36082886696660776
BusinessTravel_Travel_Frequently,50,-0.7641957225722639,0.0030881837656304705,0.3581500660051783
JobRole_Laboratory.Technician,51,-0.764138039789087,0.0028138380312829696,0.3586584069105049
JobRole_Sales.Representative,34,-0.761751072522472,0.013682573256964552,0.3322769013147441
MaritalStatus_Single,84,-0.7615884697021797,1.3060679185598e-4,0.36270900867236205
MaritalStatus_Single,83,-0.7613597405144737,1.4334079282694658e-4,0.3626996358496665
EducationField_Technical.Degree,54,-0.7611947018434024,0.002128565280344081,0.3599126037612435
MaritalStatus_Single,82,-0.7611059693064166,1.573163431723698e-4,0.36268878304664653
MaritalStatus_Single,81,-0.7608323731142809,1.726544924235578e-4,0.36267670590257495
MaritalStatus_Single,80,-0.7605352909234177,1.894880922916849e-4,0.36266329993878255
EducationField_Human.Resources,44,-0.7604051457139938,0.005396688834881921,0.35317097725719754
MaritalStatus_Single,79,-0.7602070141244377,2.0796294736575847e-4,0.3626476335247683
MaritalStatus_Single,78,-0.7598603515035515,2.2823907800221732e-4,0.36263078551494077
MaritalStatus_Single,77,-0.7594772063739121,2.5049210634470686e-4,0.36261119687824717
BusinessTravel_Travel_Frequently,49,-0.7592853974868395,0.0033892778703951388,0.3575584590141311
MaritalStatus_Single,76,-0.7590643974815287,2.749147774790711e-4,0.3625891229427948
MaritalStatus_Single,75,-0.758616809932798,3.017186288990788e-4,0.3625643260515155
MaritalStatus_Single,74,-0.7581236428859882,3.311358227429965e-4,0.3625352485239564
OverTime_No,32,0.7579416858492235,0.01648070792786394,0.3256214303482414
MaritalStatus_Single,73,-0.7576015105954098,3.634211566709661e-4,0.36250335554747265
MaritalStatus_Single,72,-0.7570300317401288,3.988542708004438e-4,0.3624661887046761
JobRole_Manager,56,0.7568725001186409,0.0017671722906574176,0.3605630327202353
MaritalStatus_Single,71,-0.7564648920527094,4.377420698151201e-4,0.36242380570606114
MaritalStatus_Single,70,-0.7558578855971304,4.8042138122646953e-4,0.3623785051143624
MaritalStatus_Single,69,-0.7551390010533651,5.272618728125192e-4,0.3623298698791808
MaritalStatus_Single,68,-0.7543618521268438,5.786692545032966e-4,0.362274724273457
EducationField_Technical.Degree,53,-0.7542044914625977,0.00233609776744901,0.3595201862708644
BusinessTravel_Travel_Frequently,48,-0.7539760076632696,0.003719728278671599,0.3568862839675571
MaritalStatus_Single,67,-0.7535366997706785,6.35088792446155e-4,0.3622124809128614
BusinessTravel_Non.Travel,37,0.7534432898412061,0.01035036489547338,0.3406035179119267
OverTime_Yes,32,-0.7525995117340193,0.01648070792786394,0.3256214303482414
MaritalStatus_Single,66,-0.7525437892613609,6.970091656881309e-4,0.3621389708220613
MaritalStatus_Single,65,-0.7515776899674844,7.649666988800687e-4,0.3620558681243696
JobRole_Laboratory.Technician,50,-0.751036254422745,0.0030881837656304705,0.3581500660051783
MaritalStatus_Single,64,-0.7504873522411459,8.395500076641738e-4,0.36196382696590595
MaritalStatus_Single,63,-0.7493024123669025,9.214050969811165e-4,0.36185858356393547
EducationField_Human.Resources,43,-0.7489778765041175,0.005922859334033068,0.3519241192592846
BusinessTravel_Travel_Frequently,47,-0.7483068045557225,0.00408239719381169,0.35612114930746547
JobRole_Sales.Representative,33,-0.7482570201618081,0.0150166072582869,0.3291465765077483
MaritalStatus_Single,62,-0.7480193908336279,0.001011240956455785,0.36173779317598387
JobRole_Manager,55,0.7479692227484831,0.001939469407410052,0.3602582895122597
EducationField_Technical.Degree,52,-0.7470193272939731,0.002563864415846373,0.35911763857005125
MaritalStatus_Single,61,-0.7466298330828722,0.0011098357013262414,0.3616011962312166
MaritalStatus_Single,60,-0.7451239871628856,0.0012180433121056701,0.361445151152419
JobRole_Laboratory.Technician,49,-0.7447554881477247,0.0033892778703951388,0.3575584590141311
MaritalStatus_Single,59,-0.7434927468455068,0.0013368010313530461,0.3612668113676365
OverTime_No,31,0.7433742634087943,0.018087556605282298,0.32169487980111905
BusinessTravel_Travel_Frequently,46,-0.7421885708218678,0.004480425880460647,0.3552550274455445
MaritalStatus_Single,58,-0.7417254314516278,0.0014671374816198123,0.3610628161978371
Department_Human.Resources,64,0.7403674619497501,8.395500076641738e-4,0.36196382696590595
MaritalStatus_Single,57,-0.7398174058020683,0.0016101815748863352,0.36082886696660776
EducationField_Technical.Degree,51,-0.7393743136148038,0.0028138380312829696,0.3586584069105049
JobRole_Laboratory.Technician,48,-0.7379055345633442,0.003719728278671599,0.3568862839675571
MaritalStatus_Single,56,-0.7377543328641959,0.0017671722906574176,0.3605630327202353
EducationField_Human.Resources,42,-0.7371252344857655,0.006500330807290316,0.3505174587433949
OverTime_Yes,31,-0.7366497038937194,0.018087556605282298,0.32169487980111905
BusinessTravel_Travel_Frequently,45,-0.7356257360415877,0.004917261872688699,0.35427601746796533
MaritalStatus_Single,55,-0.7355024323559285,0.001939469407410052,0.3602582895122597
JobRole_Manager,54,0.7351670998676603,0.002128565280344081,0.3599126037612435
JobRole_Sales.Representative,32,-0.7340315866628536,0.01648070792786394,0.3256214303482414
MaritalStatus_Single,54,-0.7330374752480198,0.002128565280344081,0.3599126037612435
EducationField_Technical.Degree,50,-0.7309425625076378,0.0030881837656304705,0.3581500660051783
MaritalStatus_Single,53,-0.7306930006098444,0.00233609776744901,0.3595201862708644
JobRole_Laboratory.Technician,47,-0.7305978304061107,0.00408239719381169,0.35612114930746547
BusinessTravel_Travel_Frequently,44,-0.728568190791659,0.005396688834881921,0.35317097725719754
MaritalStatus_Single,52,-0.7283511817597551,0.002563864415846373,0.35911763857005125
OverTime_No,30,0.7276954921125559,0.019851071045083095,0.3173917016003022
BusinessTravel_Non.Travel,36,0.7263732130508532,0.0113595126951847,0.3379337135395595
MaritalStatus_Single,51,-0.725865728039344,0.0028138380312829696,0.3586584069105049
EducationField_Human.Resources,41,-0.7242707422766528,0.007134105036297602,0.34893757609222753
MaritalStatus_Single,50,-0.7228883429779498,0.0030881837656304705,0.3581500660051783
JobRole_Laboratory.Technician,46,-0.7226533893480644,0.004480425880460647,0.3552550274455445
EducationField_Technical.Degree,49,-0.7218378302066922,0.0033892778703951388,0.3575584590141311
JobRole_Sales.Representative,31,-0.7216141182586158,0.018087556605282298,0.32169487980111905
BusinessTravel_Travel_Frequently,43,-0.721029790810175,0.005922859334033068,0.3519241192592846
OverTime_Yes,30,-0.7205836554782661,0.019851071045083095,0.3173917016003022
MaritalStatus_Single,49,-0.7196565312109928,0.0033892778703951388,0.3575584590141311
JobRole_Research.Director,34,0.7166534568516156,0.013682573256964552,0.3322769013147441
MaritalStatus_Single,48,-0.7161528442975558,0.003719728278671599,0.3568862839675571
JobRole_Laboratory.Technician,45,-0.7140839877254052,0.004917261872688699,0.35427601746796533
JobRole_Manager,53,0.7135688545708163,0.00233609776744901,0.3595201862708644
BusinessTravel_Travel_Frequently,42,-0.7130392223654922,0.006500330807290316,0.3505174587433949
MaritalStatus_Single,47,-0.7124139263507162,0.00408239719381169,0.35612114930746547
EducationField_Technical.Degree,48,-0.7121147817320983,0.003719728278671599,0.3568862839675571
OverTime_No,29,0.7106422844502773,0.021786525965693648,0.3126143885653771
EducationField_Human.Resources,40,-0.7106206949590593,0.007829671470234412,0.34716434627406656
JobRole_Sales.Representative,30,-0.7100215361958732,0.019851071045083095,0.3173917016003022
MaritalStatus_Single,46,-0.7083663856279281,0.004480425880460647,0.3552550274455445
JobRole_Laboratory.Technician,44,-0.7048172148563164,0.005396688834881921,0.35317097725719754
BusinessTravel_Travel_Frequently,41,-0.7044885089946712,0.007134105036297602,0.34893757609222753
OverTime_Yes,29,-0.7044838542550665,0.021786525965693648,0.3126143885653771
MaritalStatus_Single,45,-0.7040339220391023,0.004917261872688699,0.35427601746796533
EducationField_Technical.Degree,47,-0.7018034542742406,0.00408239719381169,0.35612114930746547
MaritalStatus_Single,44,-0.6993565393979494,0.005396688834881921,0.35317097725719754
BusinessTravel_Non.Travel,35,0.69867451793073,0.012467051159567907,0.33505388278095777
JobRole_Sales.Representative,29,-0.6972761920333831,0.021786525965693648,0.3126143885653771
EducationField_Human.Resources,39,-0.6964523517266947,0.008593054772798469,0.34517585847057386
Department_Sales,84,-0.6955162156569986,1.3060679185598e-4,0.36270900867236205
BusinessTravel_Travel_Frequently,40,-0.6954007567311561,0.007829671470234412,0.34716434627406656
JobRole_Laboratory.Technician,43,-0.6949102655933923,0.005922859334033068,0.3519241192592846
MaritalStatus_Single,43,-0.6943417368253099,0.005922859334033068,0.3519241192592846
OverTime_No,28,0.6931004516660293,0.02391068535173119,0.3072782442919343
EducationField_Technical.Degree,46,-0.6908508814061659,0.004480425880460647,0.3552550274455445
JobRole_Manager,52,0.689511321588316,0.002563864415846373,0.35911763857005125
MaritalStatus_Single,42,-0.6890110794986465,0.006500330807290316,0.3505174587433949
Department_Sales,83,-0.6885385767728254,1.4334079282694658e-4,0.3626996358496665
OverTime_Yes,28,-0.687819682830912,0.02391068535173119,0.3072782442919343
BusinessTravel_Travel_Frequently,39,-0.6858150864997833,0.008593054772798469,0.34517585847057386
JobRole_Laboratory.Technician,42,-0.6844024256042857,0.006500330807290316,0.3505174587433949
JobRole_Sales.Representative,28,-0.6835101658773911,0.02391068535173119,0.3072782442919343
MaritalStatus_Single,41,-0.6832830220548674,0.007134105036297602,0.34893757609222753
EducationField_Human.Resources,38,-0.6815492351944074,0.009430867004960533,0.34299410935673436
Department_Sales,82,-0.6808726917977279,1.573163431723698e-4,0.36268878304664653
JobRole_Human.Resources,54,-0.6803906009255655,0.002128565280344081,0.3599126037612435
EducationField_Technical.Degree,45,-0.6795317902874313,0.004917261872688699,0.35427601746796533
MaritalStatus_Single,40,-0.6771706252051765,0.007829671470234412,0.34716434627406656
BusinessTravel_Travel_Frequently,38,-0.6755877217866484,0.009430867004960533,0.34299410935673436
OverTime_No,27,0.6749594613447326,0.02624194765561788,0.301326935666394
JobRole_Laboratory.Technician,41,-0.6731140675684164,0.007134105036297602,0.34893757609222753
Department_Sales,81,-0.6729004643907267,1.726544924235578e-4,0.36267670590257495
Department_Human.Resources,63,0.6709602790139116,9.214050969811165e-4,0.36185858356393547
BusinessTravel_Non.Travel,34,0.6709271774038905,0.013682573256964552,0.3322769013147441
MaritalStatus_Single,39,-0.6707014682028624,0.008593054772798469,0.34517585847057386
OverTime_Yes,27,-0.670664614038721,0.02624194765561788,0.301326935666394
JobRole_Sales.Representative,27,-0.6692461953244117,0.02624194765561788,0.301326935666394
EducationField_Technical.Degree,44,-0.6675134851438818,0.005396688834881921,0.35317097725719754
EducationField_Human.Resources,37,-0.6661895095455459,0.01035036489547338,0.3406035179119267
BusinessTravel_Travel_Frequently,37,-0.6647319270283321,0.01035036489547338,0.3406035179119267
Department_Sales,80,-0.6646215161866929,1.894880922916849e-4,0.36266329993878255
MaritalStatus_Single,38,-0.6636915764133925,0.009430867004960533,0.34299410935673436
JobRole_Manager,51,0.6630867767186175,0.0028138380312829696,0.3586584069105049
JobRole_Laboratory.Technician,40,-0.66110671871733,0.007829671470234412,0.34716434627406656
JobRole_Research.Director,33,0.6597665782239772,0.0150166072582869,0.3291465765077483
MaritalStatus_Single,37,-0.6561315373408004,0.01035036489547338,0.3406035179119267
OverTime_No,26,0.6557383809164922,0.028800505156174022,0.29474201045148735
Department_Sales,79,-0.6554973862508584,2.0796294736575847e-4,0.3626476335247683
EducationField_Technical.Degree,43,-0.6548099660506241,0.005922859334033068,0.3519241192592846
JobRole_Sales.Representative,26,-0.6545445571034673,0.028800505156174022,0.29474201045148735
OverTime_Yes,26,-0.6538494287993026,0.028800505156174022,0.29474201045148735
BusinessTravel_Travel_Frequently,36,-0.653245204749673,0.0113595126951847,0.3379337135395595
EducationField_Human.Resources,36,-0.6496963667399278,0.0113595126951847,0.3379337135395595
JobRole_Laboratory.Technician,39,-0.6484282975623376,0.008593054772798469,0.34517585847057386
MaritalStatus_Single,36,-0.6481071448440255,0.0113595126951847,0.3379337135395595
Department_Sales,78,-0.6465096246545564,2.2823907800221732e-4,0.36263078551494077
BusinessTravel_Non.Travel,33,0.6422865762444062,0.0150166072582869,0.3291465765077483
EducationField_Technical.Degree,42,-0.6414321715279077,0.006500330807290316,0.3505174587433949
BusinessTravel_Travel_Frequently,35,-0.6408973566537698,0.012467051159567907,0.33505388278095777
MaritalStatus_Single,35,-0.6393671124974608,0.012467051159567907,0.33505388278095777
JobRole_Manager,50,0.6393081244974325,0.0030881837656304705,0.3581500660051783
JobRole_Sales.Representative,25,-0.6390674709368978,0.03160851885447739,0.28740341007070747
OverTime_No,25,0.636899513726814,0.03160851885447739,0.28740341007070747
Department_Sales,77,-0.6366403092894863,2.5049210634470686e-4,0.36261119687824717
OverTime_Yes,25,-0.6353774362455893,0.03160851885447739,0.28740341007070747
JobRole_Laboratory.Technician,38,-0.6347493731016396,0.009430867004960533,0.34299410935673436
EducationField_Human.Resources,35,-0.6320031058979082,0.012467051159567907,0.33505388278095777
MaritalStatus_Single,34,-0.6292215896948787,0.013682573256964552,0.3322769013147441
EducationField_Technical.Degree,41,-0.627296968004907,0.007134105036297602,0.34893757609222753
BusinessTravel_Travel_Frequently,34,-0.6268839941081022,0.013682573256964552,0.3322769013147441
Department_Sales,76,-0.6263447048050136,2.749147774790711e-4,0.3625891229427948
JobRole_Sales.Representative,24,-0.6231016763245601,0.03469031042185292,0.2793493821504954
JobRole_Manufacturing.Director,50,0.6225018470659119,0.0030881837656304705,0.3581500660051783
JobRole_Manufacturing.Director,51,0.6213948220201944,0.0028138380312829696,0.3586584069105049
JobRole_Laboratory.Technician,37,-0.6200807289839473,0.01035036489547338,0.3406035179119267
MaritalStatus_Single,33,-0.6186718991195307,0.0150166072582869,0.3291465765077483
OverTime_No,24,0.6179512588325103,0.03469031042185292,0.2793493821504954
OverTime_Yes,24,-0.6164395845682116,0.03469031042185292,0.2793493821504954
Department_Sales,75,-0.6156201122200137,3.017186288990788e-4,0.3625643260515155
JobRole_Human.Resources,53,-0.6153048711188126,0.00233609776744901,0.3595201862708644
JobRole_Manufacturing.Director,49,0.6144795361817588,0.0033892778703951388,0.3575584590141311
JobRole_Manufacturing.Director,52,0.6139444837165517,0.002563864415846373,0.35911763857005125
EducationField_Human.Resources,34,-0.612924301590705,0.013682573256964552,0.3322769013147441
BusinessTravel_Non.Travel,32,0.6128211339701702,0.01648070792786394,0.3256214303482414
EducationField_Technical.Degree,40,-0.6124248043329669,0.007829671470234412,0.34716434627406656
BusinessTravel_Travel_Frequently,33,-0.6122126919533674,0.0150166072582869,0.3291465765077483
JobRole_Sales.Representative,23,-0.6083088284126729,0.03807257286255448,0.27070617891247667
MaritalStatus_Single,32,-0.6077156141954339,0.01648070792786394,0.3256214303482414
JobRole_Manager,49,0.6068038840214806,0.0033892778703951388,0.3575584590141311
JobRole_Manufacturing.Director,48,0.6064438670928706,0.003719728278671599,0.3568862839675571
JobRole_Laboratory.Technician,36,-0.6045344956309147,0.0113595126951847,0.3379337135395595
Department_Sales,74,-0.6037833627413188,3.311358227429965e-4,0.3625352485239564
JobRole_Research.Director,32,0.6026717620897938,0.01648070792786394,0.3256214303482414
JobRole_Manufacturing.Director,53,0.6022797016133355,0.00233609776744901,0.3595201862708644
Department_Human.Resources,62,0.5998854402299759,0.001011240956455785,0.36173779317598387
OverTime_No,23,0.598966590141753,0.03807257286255448,0.27070617891247667
OverTime_Yes,23,-0.5977935773046522,0.03807257286255448,0.27070617891247667
JobRole_Manufacturing.Director,47,0.5975113238952781,0.00408239719381169,0.35612114930746547
BusinessTravel_Travel_Frequently,32,-0.596911131982245,0.01648070792786394,0.3256214303482414
EducationField_Technical.Degree,39,-0.5968376208192284,0.008593054772798469,0.34517585847057386
MaritalStatus_Single,31,-0.5962925385512617,0.018087556605282298,0.32169487980111905
EducationField_Human.Resources,33,-0.5925753708978447,0.0150166072582869,0.3291465765077483
Department_Sales,73,-0.592033583840941,3.634211566709661e-4,0.36250335554747265
JobRole_Human.Resources,52,-0.5920317450717748,0.002563864415846373,0.35911763857005125
JobRole_Sales.Representative,22,-0.5912323308561405,0.04178460171579797,0.26203343554047254
JobRole_Manufacturing.Director,46,0.5885937995007561,0.004480425880460647,0.3552550274455445
JobRole_Laboratory.Technician,35,-0.5883362063641543,0.012467051159567907,0.33505388278095777
JobRole_Manufacturing.Director,54,0.5876892150351674,0.002128565280344081,0.3599126037612435
MaritalStatus_Single,30,-0.5841856419056848,0.019851071045083095,0.3173917016003022
BusinessTravel_Non.Travel,31,0.5824705040648146,0.018087556605282298,0.32169487980111905
BusinessTravel_Travel_Frequently,31,-0.5806659540874884,0.018087556605282298,0.32169487980111905
EducationField_Technical.Degree,38,-0.5803513269759797,0.009430867004960533,0.34299410935673436
OverTime_No,22,0.5796559473945843,0.04178460171579797,0.26203343554047254
Department_Sales,72,-0.5790950999887061,3.988542708004438e-4,0.3624661887046761
JobRole_Manufacturing.Director,45,0.5787319467820871,0.004917261872688699,0.35427601746796533
OverTime_Yes,22,-0.5787305341962277,0.04178460171579797,0.26203343554047254
JobRole_Manager,48,0.5741454678344473,0.003719728278671599,0.3568862839675571
JobRole_Manufacturing.Director,55,0.5734246838003967,0.001939469407410052,0.3602582895122597
JobRole_Sales.Representative,21,-0.5729568737202866,0.0458585487997073,0.2528330937662405
JobRole_Laboratory.Technician,34,-0.5719247362188739,0.013682573256964552,0.3322769013147441
MaritalStatus_Single,29,-0.5715654243301221,0.021786525965693648,0.3126143885653771
EducationField_Human.Resources,32,-0.570851573264509,0.01648070792786394,0.3256214303482414
JobRole_Human.Resources,51,-0.5694774661368818,0.0028138380312829696,0.3586584069105049
JobRole_Manufacturing.Director,44,0.5688806130833488,0.005396688834881921,0.35317097725719754
Department_Sales,71,-0.565541917535066,4.377420698151201e-4,0.36242380570606114
BusinessTravel_Travel_Frequently,30,-0.5633698178985584,0.019851071045083095,0.3173917016003022
EducationField_Technical.Degree,37,-0.5629679101179176,0.01035036489547338,0.3406035179119267
JobRole_Manufacturing.Director,56,0.5603813920576572,0.0017671722906574176,0.3605630327202353
OverTime_No,21,0.5598973233357444,0.0458585487997073,0.2528330937662405
OverTime_Yes,21,-0.5591676372768489,0.0458585487997073,0.2528330937662405
MaritalStatus_Single,28,-0.5585728210840059,0.02391068535173119,0.3072782442919343
JobRole_Manufacturing.Director,43,0.5585473399916682,0.005922859334033068,0.3519241192592846
JobRole_Laboratory.Technician,33,-0.5545537275140641,0.0150166072582869,0.3291465765077483
JobRole_Sales.Representative,20,-0.5540500457579418,0.050329700694981834,0.24270222693166177
JobRole_Research.Director,31,0.5530308988181066,0.018087556605282298,0.32169487980111905
BusinessTravel_Non.Travel,30,0.5514656776110025,0.019851071045083095,0.3173917016003022
Department_Sales,70,-0.5511227606720741,4.8042138122646953e-4,0.3623785051143624
EducationField_Human.Resources,31,-0.5484217169824884,0.018087556605282298,0.32169487980111905
JobRole_Manufacturing.Director,57,0.5480974064326029,0.0016101815748863352,0.36082886696660776
JobRole_Human.Resources,50,-0.5477298001625369,0.0030881837656304705,0.3581500660051783
JobRole_Manufacturing.Director,42,0.5471225848129976,0.006500330807290316,0.3505174587433949
BusinessTravel_Travel_Frequently,29,-0.5452636428627151,0.021786525965693648,0.3126143885653771
MaritalStatus_Single,27,-0.5452119197486744,0.02624194765561788,0.301326935666394
EducationField_Technical.Degree,36,-0.5447613786955277,0.0113595126951847,0.3379337135395595
JobRole_Manager,47,0.5395569483993865,0.00408239719381169,0.35612114930746547
OverTime_No,20,0.5395543106676228,0.050329700694981834,0.24270222693166177
OverTime_Yes,20,-0.538986362102339,0.050329700694981834,0.24270222693166177
JobRole_Laboratory.Technician,32,-0.5361486130091129,0.01648070792786394,0.3256214303482414
Department_Sales,69,-0.5357049628009785,5.272618728125192e-4,0.3623298698791808
JobRole_Manufacturing.Director,41,0.5356895115433273,0.007134105036297602,0.34893757609222753
JobRole_Manufacturing.Director,58,0.5354577216453302,0.0014671374816198123,0.3610628161978371
JobRole_Sales.Representative,19,-0.5346076566333208,0.055236784380377574,0.23145129884950377
MaritalStatus_Single,26,-0.5316741811120776,0.028800505156174022,0.29474201045148735
Department_Human.Resources,61,0.5306691986253164,0.0011098357013262414,0.3616011962312166
BusinessTravel_Travel_Frequently,28,-0.5264740909005401,0.02391068535173119,0.3072782442919343
EducationField_Technical.Degree,35,-0.5260236150109665,0.012467051159567907,0.33505388278095777
EducationField_Human.Resources,30,-0.5250157534863514,0.019851071045083095,0.3173917016003022
JobRole_Manufacturing.Director,40,0.5237072387094288,0.007829671470234412,0.34716434627406656
JobRole_Manufacturing.Director,59,0.5227884551389537,0.0013368010313530461,0.3612668113676365
JobRole_Human.Resources,49,-0.5221703922469454,0.0033892778703951388,0.3575584590141311
BusinessTravel_Non.Travel,29,0.5198857232720614,0.021786525965693648,0.3126143885653771
Department_Sales,68,-0.5193410115145592,5.786692545032966e-4,0.362274724273457
OverTime_No,19,0.5185814020355878,0.055236784380377574,0.23145129884950377
OverTime_Yes,19,-0.5182876375631654,0.055236784380377574,0.23145129884950377
JobRole_Sales.Representative,18,-0.5171078544665568,0.06062230266727051,0.21943656292354227
MaritalStatus_Single,25,-0.5166973597669952,0.03160851885447739,0.28740341007070747
JobRole_Laboratory.Technician,31,-0.5166488735121648,0.018087556605282298,0.32169487980111905
JobRole_Healthcare.Representative,51,0.5106385520922503,0.0028138380312829696,0.3586584069105049
JobRole_Manufacturing.Director,39,0.5105446098623575,0.008593054772798469,0.34517585847057386
JobRole_Manufacturing.Director,60,0.5099595307314077,0.0012180433121056701,0.361445151152419
JobRole_Healthcare.Representative,50,0.5089295713049047,0.0030881837656304705,0.3581500660051783
JobRole_Research.Director,30,0.508231092742764,0.019851071045083095,0.3173917016003022
EducationField_Technical.Degree,34,-0.507559955002563,0.013682573256964552,0.3322769013147441
BusinessTravel_Travel_Frequently,27,-0.5069812289905371,0.02624194765561788,0.301326935666394
JobRole_Healthcare.Representative,52,0.506105134627716,0.002563864415846373,0.35911763857005125
JobRole_Manager,46,0.5051923115009299,0.004480425880460647,0.3552550274455445
Department_Sales,67,-0.5018984822454422,6.35088792446155e-4,0.3622124809128614
MaritalStatus_Single,24,-0.5012306232955648,0.03469031042185292,0.2793493821504954
EducationField_Human.Resources,29,-0.5011899316655445,0.021786525965693648,0.3126143885653771
JobRole_Sales.Representative,17,-0.5011185806648296,0.06653290233867579,0.20698173981391432
JobRole_Human.Resources,48,-0.49834571303496755,0.003719728278671599,0.3568862839675571
JobRole_Healthcare.Representative,49,0.49790785824909795,0.0033892778703951388,0.3575584590141311
JobInvolvement,84,0.4976309592994683,1.3060679185598e-4,0.36270900867236205
OverTime_No,18,0.4974940004291808,0.06062230266727051,0.21943656292354227
JobInvolvement,83,0.49746338981302923,1.4334079282694658e-4,0.3626996358496665
JobInvolvement,82,0.4972821051661943,1.573163431723698e-4,0.36268878304664653
JobRole_Healthcare.Representative,53,0.49727010786256776,0.00233609776744901,0.3595201862708644
JobRole_Manufacturing.Director,38,0.49719428507835384,0.009430867004960533,0.34299410935673436
JobInvolvement,81,0.49708328016601383,1.726544924235578e-4,0.36267670590257495
OverTime_Yes,18,-0.497062713052404,0.06062230266727051,0.21943656292354227
JobRole_Manufacturing.Director,61,0.4969299649975002,0.0011098357013262414,0.3616011962312166
JobInvolvement,80,0.4968644631950315,1.894880922916849e-4,0.36266329993878255
JobInvolvement,79,0.4966289876352179,2.0796294736575847e-4,0.3626476335247683
JobInvolvement,78,0.4963665980082154,2.2823907800221732e-4,0.36263078551494077
JobRole_Laboratory.Technician,30,-0.49612830310908157,0.019851071045083095,0.3173917016003022
JobInvolvement,77,0.496082992149188,2.5049210634470686e-4,0.36261119687824717
JobInvolvement,76,0.495772838959059,2.749147774790711e-4,0.3625891229427948
JobInvolvement,75,0.49543251804987454,3.017186288990788e-4,0.3625643260515155
JobInvolvement,74,0.4950668754920617,3.311358227429965e-4,0.3625352485239564
JobInvolvement,73,0.49466149547907756,3.634211566709661e-4,0.36250335554747265
JobInvolvement,72,0.4942243506847416,3.988542708004438e-4,0.3624661887046761
JobInvolvement,71,0.49375078811817186,4.377420698151201e-4,0.36242380570606114
JobInvolvement,70,0.4932579320732639,4.8042138122646953e-4,0.3623785051143624
JobInvolvement,69,0.4927400077477592,5.272618728125192e-4,0.3623298698791808
JobInvolvement,68,0.49217383792198266,5.786692545032966e-4,0.362274724273457
JobInvolvement,67,0.4915542102084585,6.35088792446155e-4,0.3622124809128614
JobInvolvement,66,0.49088084641471635,6.970091656881309e-4,0.3621389708220613
JobInvolvement,65,0.490152090493783,7.649666988800687e-4,0.3620558681243696
JobInvolvement,64,0.4893451242288898,8.395500076641738e-4,0.36196382696590595
PerformanceRating,84,-0.4888674652238573,1.3060679185598e-4,0.36270900867236205
JobInvolvement,63,0.48846936198963836,9.214050969811165e-4,0.36185858356393547
EducationField_Technical.Degree,33,-0.4881608748922881,0.0150166072582869,0.3291465765077483
BusinessTravel_Non.Travel,28,0.4876597489082961,0.02391068535173119,0.3072782442919343
PerformanceRating,83,-0.48760410200683574,1.4334079282694658e-4,0.3626996358496665
JobInvolvement,62,0.4875241214721667,0.001011240956455785,0.36173779317598387
BusinessTravel_Travel_Frequently,26,-0.4869368404709298,0.028800505156174022,0.29474201045148735
JobRole_Healthcare.Representative,48,0.4868925185356228,0.003719728278671599,0.3568862839675571
JobInvolvement,61,0.48649283370424085,0.0011098357013262414,0.3616011962312166
MaritalStatus_Single,23,-0.4863430619309304,0.03807257286255448,0.27070617891247667
PerformanceRating,82,-0.48621169938073544,1.573163431723698e-4,0.36268878304664653
JobRole_Healthcare.Representative,54,0.4857645891531542,0.002128565280344081,0.3599126037612435
JobInvolvement,60,0.4853765743657892,0.0012180433121056701,0.361445151152419
PerformanceRating,81,-0.48469322269296733,1.726544924235578e-4,0.36267670590257495
JobInvolvement,59,0.48416997604547296,0.0013368010313530461,0.3612668113676365
JobRole_Sales.Representative,16,-0.4840353320211365,0.07301977818136673,0.19397191602786856
JobRole_Manufacturing.Director,62,0.4837174628546086,0.001011240956455785,0.36173779317598387
JobRole_Manufacturing.Director,37,0.48304468043193133,0.01035036489547338,0.3406035179119267
PerformanceRating,80,-0.4830435120228172,1.894880922916849e-4,0.36266329993878255
JobInvolvement,58,0.4828678387777552,0.0014671374816198123,0.3610628161978371
Department_Sales,66,-0.48179056042335927,6.970091656881309e-4,0.3621389708220613
JobInvolvement,57,0.4814710893130472,0.0016101815748863352,0.36082886696660776
PerformanceRating,79,-0.4812219025368003,2.0796294736575847e-4,0.3626476335247683
JobInvolvement,56,0.4799587220223917,0.0017671722906574176,0.3605630327202353
PerformanceRating,78,-0.4792619529684569,2.2823907800221732e-4,0.36263078551494077
JobInvolvement,55,0.4783399336011459,0.001939469407410052,0.3602582895122597
EnvironmentSatisfaction,84,0.47753026496995565,1.3060679185598e-4,0.36270900867236205
EnvironmentSatisfaction,83,0.4772509234797592,1.4334079282694658e-4,0.3626996358496665
PerformanceRating,77,-0.4771091391051143,2.5049210634470686e-4,0.36261119687824717
EnvironmentSatisfaction,82,0.4769450345678055,1.573163431723698e-4,0.36268878304664653
EnvironmentSatisfaction,81,0.4766112530662432,1.726544924235578e-4,0.36267670590257495
JobInvolvement,54,0.4765941234104307,0.002128565280344081,0.3599126037612435
EnvironmentSatisfaction,80,0.47624665134771516,1.894880922916849e-4,0.36266329993878255
EducationField_Human.Resources,28,-0.47618916199614253,0.02391068535173119,0.3072782442919343
OverTime_No,17,0.4758751773878038,0.06653290233867579,0.20698173981391432
EnvironmentSatisfaction,79,0.475848699396622,2.0796294736575847e-4,0.3626476335247683
OverTime_Yes,17,-0.47555164172648623,0.06653290233867579,0.20698173981391432
EnvironmentSatisfaction,78,0.4754152983147726,2.2823907800221732e-4,0.36263078551494077
JobRole_Healthcare.Representative,47,0.4749597306983179,0.00408239719381169,0.35612114930746547
EnvironmentSatisfaction,77,0.4749422574487401,2.5049210634470686e-4,0.36261119687824717
PerformanceRating,76,-0.4747654452620212,2.749147774790711e-4,0.3625891229427948
JobRole_Laboratory.Technician,29,-0.47474201414049866,0.021786525965693648,0.3126143885653771
JobInvolvement,53,0.47470026100394974,0.00233609776744901,0.3595201862708644
JobRole_Healthcare.Representative,55,0.47449146829260036,0.001939469407410052,0.3602582895122597
JobRole_Human.Resources,47,-0.47446846380998653,0.00408239719381169,0.35612114930746547
EnvironmentSatisfaction,76,0.4744271730186538,2.749147774790711e-4,0.3625891229427948
EnvironmentSatisfaction,75,0.47386525119209366,3.017186288990788e-4,0.3625643260515155
EnvironmentSatisfaction,74,0.47325455824812296,3.311358227429965e-4,0.3625352485239564
EnvironmentSatisfaction,73,0.472589750619536,3.634211566709661e-4,0.36250335554747265
JobInvolvement,52,0.47247159389579146,0.002563864415846373,0.35911763857005125
EducationField_Marketing,84,-0.47231212052318533,1.3060679185598e-4,0.36270900867236205
PerformanceRating,75,-0.4722225146767719,3.017186288990788e-4,0.3625643260515155
EducationField_Marketing,83,-0.47205294737236597,1.4334079282694658e-4,0.3626996358496665
MaritalStatus_Single,22,-0.47198809744065495,0.04178460171579797,0.26203343554047254
EnvironmentSatisfaction,72,0.471868329755133,3.988542708004438e-4,0.3624661887046761
EducationField_Marketing,82,-0.4717671846770452,1.573163431723698e-4,0.36268878304664653
EducationField_Marketing,81,-0.4714545450204937,1.726544924235578e-4,0.36267670590257495
EducationField_Marketing,80,-0.47111191838835254,1.894880922916849e-4,0.36266329993878255
EnvironmentSatisfaction,71,0.47108944211102965,4.377420698151201e-4,0.36242380570606114
EducationField_Marketing,79,-0.4707346428062644,2.0796294736575847e-4,0.3626476335247683
EducationField_Marketing,78,-0.47032439262816805,2.2823907800221732e-4,0.36263078551494077
EnvironmentSatisfaction,70,0.470246490486807,4.8042138122646953e-4,0.3623785051143624
JobInvolvement,51,0.47007643057420034,0.0028138380312829696,0.3586584069105049
JobRole_Manufacturing.Director,63,0.46993394285928114,9.214050969811165e-4,0.36185858356393547
EducationField_Marketing,77,-0.46987280394308656,2.5049210634470686e-4,0.36261119687824717
PerformanceRating,74,-0.4694267689881717,3.311358227429965e-4,0.3625352485239564
EducationField_Marketing,76,-0.46937906974920945,2.749147774790711e-4,0.3625891229427948
EnvironmentSatisfaction,69,0.4693390860204653,5.272618728125192e-4,0.3623298698791808
JobRole_Manager,45,0.469096092911385,0.004917261872688699,0.35427601746796533
EducationField_Marketing,75,-0.4688384099414203,3.017186288990788e-4,0.3625643260515155
JobRole_Manufacturing.Director,36,0.4683819707781988,0.0113595126951847,0.3379337135395595
EnvironmentSatisfaction,68,0.4683549506542912,5.786692545032966e-4,0.362274724273457
EducationField_Marketing,74,-0.4682439372785896,3.311358227429965e-4,0.3625352485239564
EducationField_Technical.Degree,32,-0.4678024872070121,0.01648070792786394,0.3256214303482414
EducationField_Marketing,73,-0.4675972881465402,3.634211566709661e-4,0.36250335554747265
JobInvolvement,50,0.4674591352727621,0.0030881837656304705,0.3581500660051783
EnvironmentSatisfaction,67,0.46728822937501024,6.35088792446155e-4,0.3622124809128614
EducationField_Marketing,72,-0.46688693035247136,3.988542708004438e-4,0.3624661887046761
PerformanceRating,73,-0.466418510815334,3.634211566709661e-4,0.36250335554747265
EnvironmentSatisfaction,66,0.4661326535184332,6.970091656881309e-4,0.3621389708220613
EducationField_Marketing,71,-0.4661152664978123,4.377420698151201e-4,0.36242380570606114
BusinessTravel_Travel_Frequently,25,-0.46603845076295997,0.03160851885447739,0.28740341007070747
JobRole_Sales.Representative,15,-0.465502079876622,0.08013911641062678,0.18044049287694436
EducationField_Marketing,70,-0.46523375848691395,4.8042138122646953e-4,0.3623785051143624
EnvironmentSatisfaction,65,0.4648855038764573,7.649666988800687e-4,0.3620558681243696
JobInvolvement,49,0.46478699509189186,0.0033892778703951388,0.3575584590141311
JobRole_Healthcare.Representative,56,0.4643425036398477,0.0017671722906574176,0.3605630327202353
EducationField_Marketing,69,-0.46423131675498225,5.272618728125192e-4,0.3623298698791808
EnvironmentSatisfaction,64,0.46353611919263354,8.395500076641738e-4,0.36196382696590595
EducationField_Marketing,68,-0.463135962984813,5.786692545032966e-4,0.362274724273457
PerformanceRating,72,-0.46312778417435474,3.988542708004438e-4,0.3624661887046761
JobRole_Healthcare.Representative,46,0.4631221240077085,0.004480425880460647,0.3552550274455445
JobRole_Research.Director,29,0.4630304153378282,0.021786525965693648,0.3126143885653771
EnvironmentSatisfaction,63,0.4620771099354406,9.214050969811165e-4,0.36185858356393547
JobInvolvement,48,0.4619234898204731,0.003719728278671599,0.3568862839675571
EducationField_Marketing,67,-0.46191985610023084,6.35088792446155e-4,0.3622124809128614
Department_Human.Resources,60,0.46108297259884373,0.0012180433121056701,0.361445151152419
Department_Sales,65,-0.46080350382306307,7.649666988800687e-4,0.3620558681243696
EducationField_Marketing,66,-0.46058135554548585,6.970091656881309e-4,0.3621389708220613
EnvironmentSatisfaction,62,0.46050555744027577,0.001011240956455785,0.36173779317598387
PerformanceRating,71,-0.4595596843490166,4.377420698151201e-4,0.36242380570606114
EducationField_Marketing,65,-0.45902120413553094,7.649666988800687e-4,0.3620558681243696
JobInvolvement,47,0.45887841078847935,0.00408239719381169,0.35612114930746547
EnvironmentSatisfaction,61,0.4588052370675676,0.0011098357013262414,0.3616011962312166
EducationField_Marketing,64,-0.457563219099694,8.395500076641738e-4,0.36196382696590595
MaritalStatus_Single,21,-0.45736208022035063,0.0458585487997073,0.2528330937662405
EnvironmentSatisfaction,60,0.45697189961378276,0.0012180433121056701,0.361445151152419
JobRole_Manufacturing.Director,64,0.4562325564735774,8.395500076641738e-4,0.36196382696590595
EducationField_Marketing,63,-0.45598034324478126,9.214050969811165e-4,0.36185858356393547
PerformanceRating,70,-0.4558874567447677,4.8042138122646953e-4,0.3623785051143624
JobInvolvement,46,0.45561568883757986,0.004480425880460647,0.3552550274455445
EnvironmentSatisfaction,59,0.45499714359676213,0.0013368010313530461,0.3612668113676365
JobRole_Healthcare.Representative,57,0.45488605806444776,0.0016101815748863352,0.36082886696660776
BusinessTravel_Non.Travel,27,0.4548236211578915,0.02624194765561788,0.301326935666394
EducationField_Marketing,62,-0.45426273363439634,0.001011240956455785,0.36173779317598387
OverTime_No,16,0.4528922950615802,0.07301977818136673,0.19397191602786856
EnvironmentSatisfaction,58,0.4528723211027831,0.0014671374816198123,0.3610628161978371
JobRole_Laboratory.Technician,28,-0.4528065547898434,0.02391068535173119,0.3072782442919343
OverTime_Yes,16,-0.452649720351478,0.07301977818136673,0.19397191602786856
EducationField_Marketing,61,-0.4524104673924487,0.0011098357013262414,0.3616011962312166
JobRole_Manufacturing.Director,35,0.4522862153621877,0.012467051159567907,0.33505388278095777
JobRole_Human.Resources,46,-0.4522128458249588,0.004480425880460647,0.3552550274455445
JobInvolvement,45,0.4521353415353133,0.004917261872688699,0.35427601746796533
PerformanceRating,69,-0.4520711195536869,5.272618728125192e-4,0.3623298698791808
EnvironmentSatisfaction,57,0.4505957578430004,0.0016101815748863352,0.36082886696660776
JobRole_Healthcare.Representative,45,0.4505674616832184,0.004917261872688699,0.35427601746796533
EducationField_Marketing,60,-0.4504053216389614,0.0012180433121056701,0.361445151152419
EducationField_Human.Resources,27,-0.44937518300579377,0.02624194765561788,0.301326935666394
JobInvolvement,44,0.44840799160322903,0.005396688834881921,0.35317097725719754
EducationField_Marketing,59,-0.44823524642901036,0.0013368010313530461,0.3612668113676365
EnvironmentSatisfaction,56,0.4481443621830741,0.0017671722906574176,0.3605630327202353
PerformanceRating,68,-0.44793578910119497,5.786692545032966e-4,0.362274724273457
EducationField_Technical.Degree,31,-0.4465221731141202,0.018087556605282298,0.32169487980111905
Department_Sales,64,-0.44616393226694473,8.395500076641738e-4,0.36196382696590595
EducationField_Marketing,58,-0.44588586966292065,0.0014671374816198123,0.3610628161978371
EnvironmentSatisfaction,55,0.4455133325082415,0.001939469407410052,0.3602582895122597
JobRole_Healthcare.Representative,58,0.4449903970007618,0.0014671374816198123,0.3610628161978371
BusinessTravel_Travel_Frequently,24,-0.44445223492726077,0.03469031042185292,0.2793493821504954
JobInvolvement,43,0.44443343821018655,0.005922859334033068,0.3519241192592846
PerformanceRating,67,-0.44346826090280617,6.35088792446155e-4,0.3622124809128614
EducationField_Marketing,57,-0.44334202113963955,0.0016101815748863352,0.36082886696660776
EnvironmentSatisfaction,54,0.4427217366690576,0.002128565280344081,0.3599126037612435
JobRole_Manufacturing.Director,65,0.44259491267609724,7.649666988800687e-4,0.3620558681243696
MaritalStatus_Single,20,-0.4415420067075852,0.050329700694981834,0.24270222693166177
EducationField_Marketing,56,-0.44059550964071986,0.0017671722906574176,0.3605630327202353
JobInvolvement,42,0.4402183126238606,0.006500330807290316,0.3505174587433949
EnvironmentSatisfaction,53,0.43973239575304696,0.00233609776744901,0.3595201862708644
PerformanceRating,66,-0.43856181428793456,6.970091656881309e-4,0.3621389708220613
JobRole_Healthcare.Representative,44,0.4381383448753432,0.005396688834881921,0.35317097725719754
EducationField_Marketing,55,-0.4376117202434333,0.001939469407410052,0.3602582895122597
EnvironmentSatisfaction,52,0.43655975429093136,0.002563864415846373,0.35911763857005125
JobRole_Manufacturing.Director,66,0.4360640449726129,6.970091656881309e-4,0.3621389708220613
JobInvolvement,41,0.435706795790593,0.007134105036297602,0.34893757609222753
JobRole_Healthcare.Representative,59,0.4349653252784248,0.0013368010313530461,0.3612668113676365
EducationField_Marketing,54,-0.43439778102804716,0.002128565280344081,0.3599126037612435
JobRole_Manager,44,0.433542885923479,0.005396688834881921,0.35317097725719754
PerformanceRating,65,-0.433319707568761,7.649666988800687e-4,0.3620558681243696
EnvironmentSatisfaction,51,0.43317910013652433,0.0028138380312829696,0.3586584069105049
JobRole_Sales.Representative,14,-0.43246830198409786,0.08795258132836721,0.16780870086071736
JobRole_Manufacturing.Director,34,0.4323489597110604,0.013682573256964552,0.3322769013147441
Department_Sales,63,-0.4313005939944624,9.214050969811165e-4,0.36185858356393547
EducationField_Marketing,53,-0.4310618914058992,0.00233609776744901,0.3595201862708644
JobInvolvement,40,0.4309005297192769,0.007829671470234412,0.34716434627406656
JobRole_Human.Resources,45,-0.43004994709619865,0.004917261872688699,0.35427601746796533
JobRole_Laboratory.Technician,27,-0.4299688071741046,0.02624194765561788,0.301326935666394
JobRole_Manufacturing.Director,67,0.42983417283510483,6.35088792446155e-4,0.3622124809128614
EnvironmentSatisfaction,50,0.42950469230260213,0.0030881837656304705,0.3581500660051783
OverTime_No,15,0.42866410218032236,0.08013911641062678,0.18044049287694436
OverTime_Yes,15,-0.4285031872501135,0.08013911641062678,0.18044049287694436
PerformanceRating,64,-0.4277225058217677,8.395500076641738e-4,0.36196382696590595
EducationField_Marketing,52,-0.42750612905525975,0.002563864415846373,0.35911763857005125
JobInvolvement,39,0.42580824633895287,0.008593054772798469,0.34517585847057386
EnvironmentSatisfaction,49,0.4256581200228273,0.0033892778703951388,0.3575584590141311
JobRole_Healthcare.Representative,43,0.4253286306030768,0.005922859334033068,0.3519241192592846
MaritalStatus_Single,19,-0.42507742542090987,0.055236784380377574,0.23145129884950377
EducationField_Technical.Degree,30,-0.4250646377559147,0.019851071045083095,0.3173917016003022
JobRole_Manufacturing.Director,68,0.4248236483367853,5.786692545032966e-4,0.362274724273457
JobRole_Healthcare.Representative,60,0.42467947212813417,0.0012180433121056701,0.361445151152419
EducationField_Marketing,51,-0.4238469217925494,0.0028138380312829696,0.3586584069105049
BusinessTravel_Travel_Frequently,23,-0.4221695670520885,0.03807257286255448,0.27070617891247667
PerformanceRating,63,-0.42167581400295434,9.214050969811165e-4,0.36185858356393547
BusinessTravel_Non.Travel,26,0.42159057968593866,0.028800505156174022,0.29474201045148735
EnvironmentSatisfaction,48,0.4215490946901538,0.003719728278671599,0.3568862839675571
EducationField_Human.Resources,26,-0.42054424526398737,0.028800505156174022,0.29474201045148735
JobRole_Manufacturing.Director,69,0.420538443853307,5.272618728125192e-4,0.3623298698791808
JobInvolvement,38,0.42034129830657535,0.009430867004960533,0.34299410935673436
EducationField_Marketing,50,-0.4195956254287225,0.0030881837656304705,0.3581500660051783
JobRole_Research.Director,28,0.4178409472827002,0.02391068535173119,0.3072782442919343
EnvironmentSatisfaction,47,0.4171945709986152,0.00408239719381169,0.35612114930746547
JobRole_Manufacturing.Director,70,0.41688154869013994,4.8042138122646953e-4,0.3623785051143624
Department_Sales,62,-0.41618432654343207,0.001011240956455785,0.36173779317598387
PerformanceRating,62,-0.4151464079477747,0.001011240956455785,0.36173779317598387
EducationField_Marketing,49,-0.4151105186602561,0.0033892778703951388,0.3575584590141311
JobInvolvement,37,0.41450600029626966,0.01035036489547338,0.3406035179119267
JobRole_Manufacturing.Director,71,0.41413649303217914,4.377420698151201e-4,0.36242380570606114
JobRole_Healthcare.Representative,61,0.41408485544418944,0.0011098357013262414,0.3616011962312166
EnvironmentSatisfaction,46,0.4125598117344975,0.004480425880460647,0.3552550274455445
JobRole_Manufacturing.Director,33,0.4121505752923428,0.0150166072582869,0.3291465765077483
JobRole_Manufacturing.Director,72,0.4119614187292014,3.988542708004438e-4,0.3624661887046761
JobRole_Healthcare.Representative,42,0.4115118393821481,0.006500330807290316,0.3505174587433949
EducationField_Marketing,48,-0.41027619979480057,0.003719728278671599,0.3568862839675571
JobRole_Manufacturing.Director,73,0.40996997771321275,3.634211566709661e-4,0.36250335554747265
JobRole_Manufacturing.Director,84,0.409511043618986,1.3060679185598e-4,0.36270900867236205
JobRole_Human.Resources,44,-0.40946744398493684,0.005396688834881921,0.35317097725719754
JobRole_Manufacturing.Director,83,0.4083649785726111,1.4334079282694658e-4,0.3626996358496665
JobRole_Manufacturing.Director,74,0.40835987564180365,3.311358227429965e-4,0.3625352485239564
JobInvolvement,36,0.4083074591795023,0.0113595126951847,0.3379337135395595
PerformanceRating,61,-0.40812794444939704,0.0011098357013262414,0.3616011962312166
EnvironmentSatisfaction,45,0.4077107763124569,0.004917261872688699,0.35427601746796533
MaritalStatus_Single,18,-0.4075064193168504,0.06062230266727051,0.21943656292354227
JobRole_Manufacturing.Director,82,0.4073052309823141,1.573163431723698e-4,0.36268878304664653
JobRole_Manufacturing.Director,75,0.4071278220247684,3.017186288990788e-4,0.3625643260515155
JobRole_Manufacturing.Director,81,0.406480222974187,1.726544924235578e-4,0.36267670590257495
JobRole_Laboratory.Technician,26,-0.4062579662435544,0.028800505156174022,0.29474201045148735
JobRole_Manufacturing.Director,76,0.40625573673525506,2.749147774790711e-4,0.3625891229427948
JobRole_Manufacturing.Director,80,0.40590405065536417,1.894880922916849e-4,0.36266329993878255
JobRole_Manufacturing.Director,77,0.4057187445210363,2.5049210634470686e-4,0.36261119687824717
JobRole_Manufacturing.Director,79,0.4055217551894359,2.0796294736575847e-4,0.3626476335247683
JobRole_Manufacturing.Director,78,0.40550397249012643,2.2823907800221732e-4,0.36263078551494077
EducationField_Marketing,47,-0.40508659789194773,0.00408239719381169,0.35612114930746547
OverTime_No,14,0.40447894260779166,0.08795258132836721,0.16780870086071736
OverTime_Yes,14,-0.4043665992308763,0.08795258132836721,0.16780870086071736
JobRole_Healthcare.Representative,62,0.4031957474258769,0.001011240956455785,0.36173779317598387
EducationField_Technical.Degree,29,-0.4027421138761925,0.021786525965693648,0.3126143885653771
EnvironmentSatisfaction,44,0.4025593922076085,0.005396688834881921,0.35317097725719754
JobInvolvement,35,0.40166512760254863,0.012467051159567907,0.33505388278095777
Department_Sales,61,-0.4014224963013229,0.0011098357013262414,0.3616011962312166
PerformanceRating,60,-0.4005727075103886,0.0012180433121056701,0.361445151152419
EducationField_Marketing,46,-0.39952356516706594,0.004480425880460647,0.3552550274455445
JobRole_Healthcare.Representative,41,0.39786932928471674,0.007134105036297602,0.34893757609222753
JobRole_Manager,43,0.3976011018823937,0.005922859334033068,0.3519241192592846
BusinessTravel_Travel_Frequently,22,-0.3975283428919708,0.04178460171579797,0.26203343554047254
JobSatisfaction,84,0.39722981261597756,1.3060679185598e-4,0.36270900867236205
EnvironmentSatisfaction,43,0.39711455690205993,0.005922859334033068,0.3519241192592846
JobSatisfaction,83,0.397053298756545,1.4334079282694658e-4,0.3626996358496665
JobSatisfaction,82,0.3968609201631749,1.573163431723698e-4,0.36268878304664653
JobSatisfaction,81,0.39664965942139435,1.726544924235578e-4,0.36267670590257495
JobSatisfaction,80,0.3964173023711435,1.894880922916849e-4,0.36266329993878255
JobSatisfaction,79,0.3961653045679842,2.0796294736575847e-4,0.3626476335247683
JobSatisfaction,78,0.3958859613943783,2.2823907800221732e-4,0.36263078551494077
JobSatisfaction,77,0.3955820447911629,2.5049210634470686e-4,0.36261119687824717
JobSatisfaction,76,0.39524888687432846,2.749147774790711e-4,0.3625891229427948
JobSatisfaction,75,0.39488240370814737,3.017186288990788e-4,0.3625643260515155
JobSatisfaction,74,0.39448619314229877,3.311358227429965e-4,0.3625352485239564
JobRole_Sales.Representative,13,-0.3944394470475366,0.09652784942981063,0.1550980674820616
JobInvolvement,34,0.39428735585774194,0.013682573256964552,0.3322769013147441
JobSatisfaction,73,0.39404721367570844,3.634211566709661e-4,0.36250335554747265
EducationField_Marketing,45,-0.39378822295784566,0.004917261872688699,0.35427601746796533
JobSatisfaction,72,0.39357187533485455,3.988542708004438e-4,0.3624661887046761
JobSatisfaction,71,0.39304592689543116,4.377420698151201e-4,0.36242380570606114
PerformanceRating,59,-0.3924478262340661,0.0013368010313530461,0.3612668113676365
JobSatisfaction,70,0.39241531885859826,4.8042138122646953e-4,0.3623785051143624
JobSatisfaction,69,0.39169460291613073,5.272618728125192e-4,0.3623298698791808
JobRole_Healthcare.Representative,63,0.39162327674077235,9.214050969811165e-4,0.36185858356393547
EnvironmentSatisfaction,42,0.3913877705309707,0.006500330807290316,0.3505174587433949
JobRole_Manufacturing.Director,32,0.39127800380300715,0.01648070792786394,0.3256214303482414
Department_Human.Resources,59,0.3910905685189466,0.0013368010313530461,0.3612668113676365
JobSatisfaction,68,0.3909095128849164,5.786692545032966e-4,0.362274724273457
JobSatisfaction,67,0.3900562647535648,6.35088792446155e-4,0.3622124809128614
EducationField_Human.Resources,25,-0.389426839478991,0.03160851885447739,0.28740341007070747
JobRole_Human.Resources,43,-0.3893303921302863,0.005922859334033068,0.3519241192592846
MaritalStatus_Single,17,-0.38924976183641635,0.06653290233867579,0.20698173981391432
JobSatisfaction,66,0.38912390154970095,6.970091656881309e-4,0.3621389708220613
JobSatisfaction,65,0.3881263699870113,7.649666988800687e-4,0.3620558681243696
EducationField_Marketing,44,-0.38762898649610544,0.005396688834881921,0.35317097725719754
BusinessTravel_Non.Travel,25,0.3874954949775983,0.03160851885447739,0.28740341007070747
JobSatisfaction,64,0.38703152438299954,8.395500076641738e-4,0.36196382696590595
Department_Sales,60,-0.38661847880856465,0.0012180433121056701,0.361445151152419
JobInvolvement,33,0.38650541931060833,0.0150166072582869,0.3291465765077483
JobSatisfaction,63,0.3858438177328199,9.214050969811165e-4,0.36185858356393547
EnvironmentSatisfaction,41,0.38533302847172796,0.007134105036297602,0.34893757609222753
JobSatisfaction,62,0.3845589103769358,0.001011240956455785,0.36173779317598387
JobRole_Healthcare.Representative,40,0.3838426217600465,0.007829671470234412,0.34716434627406656
PerformanceRating,58,-0.3837178566395003,0.0014671374816198123,0.3610628161978371
JobSatisfaction,61,0.3831638944486814,0.0011098357013262414,0.3616011962312166
JobRole_Laboratory.Technician,25,-0.38171807216602244,0.03160851885447739,0.28740341007070747
JobSatisfaction,60,0.3816543624804414,0.0012180433121056701,0.361445151152419
EducationField_Marketing,43,-0.3810278621887438,0.005922859334033068,0.3519241192592846
JobSatisfaction,59,0.3800226627703376,0.0013368010313530461,0.3612668113676365
JobRole_Healthcare.Representative,64,0.3800157883226317,8.395500076641738e-4,0.36196382696590595
OverTime_No,13,0.37945747463362256,0.09652784942981063,0.1550980674820616
EducationField_Technical.Degree,28,-0.3794294228786954,0.02391068535173119,0.3072782442919343
OverTime_Yes,13,-0.37935514278878735,0.09652784942981063,0.1550980674820616
EnvironmentSatisfaction,40,0.3789646595508741,0.007829671470234412,0.34716434627406656
JobInvolvement,32,0.3783325944368437,0.01648070792786394,0.3256214303482414
JobSatisfaction,58,0.3782611287493449,0.0014671374816198123,0.3610628161978371
JobSatisfaction,57,0.37636574799343314,0.0016101815748863352,0.36082886696660776
PerformanceRating,57,-0.37434422293912234,0.0016101815748863352,0.36082886696660776
JobSatisfaction,56,0.37431864881548704,0.0017671722906574176,0.3605630327202353
EducationField_Marketing,42,-0.3739828399879765,0.006500330807290316,0.3505174587433949
JobRole_Research.Director,27,0.37317868673454324,0.02624194765561788,0.301326935666394
JobRole_Manufacturing.Director,31,0.37273560784606524,0.018087556605282298,0.32169487980111905
EnvironmentSatisfaction,39,0.372301429769035,0.008593054772798469,0.34517585847057386
JobSatisfaction,55,0.37211396067454733,0.001939469407410052,0.3602582895122597
Department_Sales,59,-0.3717650150226077,0.0013368010313530461,0.3612668113676365
BusinessTravel_Travel_Frequently,21,-0.3714155511229927,0.0458585487997073,0.2528330937662405
MaritalStatus_Single,16,-0.37107460176971324,0.07301977818136673,0.19397191602786856
JobSatisfaction,54,0.3698138060199306,0.002128565280344081,0.3599126037612435
JobInvolvement,31,0.36962546393580564,0.018087556605282298,0.32169487980111905
JobRole_Human.Resources,42,-0.3688531638169046,0.006500330807290316,0.3505174587433949
JobRole_Healthcare.Representative,39,0.3687805948544153,0.008593054772798469,0.34517585847057386
JobRole_Healthcare.Representative,65,0.36836130940085254,7.649666988800687e-4,0.3620558681243696
JobSatisfaction,53,0.36730509019991964,0.00233609776744901,0.3595201862708644
EducationField_Marketing,41,-0.3664515369478804,0.007134105036297602,0.34893757609222753
EnvironmentSatisfaction,38,0.36535574922836384,0.009430867004960533,0.34299410935673436
JobSatisfaction,52,0.3645390985295721,0.002563864415846373,0.35911763857005125
PerformanceRating,56,-0.3643144149140969,0.0017671722906574176,0.3605630327202353
JobRole_Healthcare.Representative,66,0.3636929015244305,6.970091656881309e-4,0.3621389708220613
JobSatisfaction,51,0.36155399971006325,0.0028138380312829696,0.3586584069105049
JobInvolvement,30,0.3605963726959791,0.019851071045083095,0.3173917016003022
JobRole_Manager,42,0.3600295320544426,0.006500330807290316,0.3505174587433949
JobRole_Healthcare.Representative,67,0.3591963180115969,6.35088792446155e-4,0.3622124809128614
EducationField_Marketing,40,-0.35842022745501584,0.007829671470234412,0.34716434627406656
JobSatisfaction,50,0.35838477865657925,0.0030881837656304705,0.3581500660051783
EnvironmentSatisfaction,37,0.3581526863223545,0.01035036489547338,0.3406035179119267
Department_Sales,58,-0.3567942886942034,0.0014671374816198123,0.3610628161978371
JobRole_Laboratory.Technician,24,-0.3559857777690743,0.03469031042185292,0.2793493821504954
JobRole_Healthcare.Representative,68,0.355873481688635,5.786692545032966e-4,0.362274724273457
JobRole_Healthcare.Representative,84,0.3552261101836036,1.3060679185598e-4,0.36270900867236205
JobRole_Manufacturing.Director,30,0.35519223730488725,0.019851071045083095,0.3173917016003022
EducationField_Technical.Degree,27,-0.35513694607028196,0.02624194765561788,0.301326935666394
JobSatisfaction,49,0.35502683724120576,0.0033892778703951388,0.3575584590141311
JobRole_Sales.Representative,12,-0.3545856409052353,0.10593919558491677,0.14174565720426993
JobRole_Healthcare.Representative,38,0.3536212821702176,0.009430867004960533,0.34299410935673436
JobRole_Healthcare.Representative,83,0.3536178155671179,1.4334079282694658e-4,0.3626996358496665
PerformanceRating,55,-0.3535657708334261,0.001939469407410052,0.3602582895122597
OverTime_No,12,0.3532947149507036,0.10593919558491677,0.14174565720426993
OverTime_Yes,12,-0.3532498985255094,0.10593919558491677,0.14174565720426993
EducationField_Human.Resources,24,-0.3532047992174854,0.03469031042185292,0.2793493821504954
JobRole_Healthcare.Representative,69,0.35316604439353805,5.272618728125192e-4,0.3623298698791808
BusinessTravel_Non.Travel,24,0.35297423937713285,0.03469031042185292,0.2793493821504954
MaritalStatus_Single,15,-0.35262699160533884,0.08013911641062678,0.18044049287694436
JobRole_Healthcare.Representative,82,0.35204801399698366,1.573163431723698e-4,0.36268878304664653
JobSatisfaction,48,0.3514342998282761,0.003719728278671599,0.3568862839675571
JobRole_Healthcare.Representative,70,0.35098641246248324,4.8042138122646953e-4,0.3623785051143624
JobInvolvement,29,0.3509332961900976,0.021786525965693648,0.3126143885653771
JobRole_Healthcare.Representative,81,0.3506690800516746,1.726544924235578e-4,0.36267670590257495
EnvironmentSatisfaction,36,0.350616083996247,0.0113595126951847,0.3379337135395595
EducationField_Marketing,39,-0.3498911214927144,0.008593054772798469,0.34517585847057386
JobRole_Human.Resources,41,-0.34968095111223363,0.007134105036297602,0.34893757609222753
JobRole_Healthcare.Representative,71,0.34956426823979,4.377420698151201e-4,0.36242380570606114
JobRole_Healthcare.Representative,80,0.3494978545817776,1.894880922916849e-4,0.36266329993878255
JobRole_Research.Scientist,83,-0.3491168372466493,1.4334079282694658e-4,0.3626996358496665
JobRole_Research.Scientist,82,-0.34909055400160977,1.573163431723698e-4,0.36268878304664653
JobRole_Research.Scientist,84,-0.34895015894147213,1.3060679185598e-4,0.36270900867236205
JobRole_Research.Scientist,81,-0.348719151590484,1.726544924235578e-4,0.36267670590257495
JobRole_Healthcare.Representative,72,0.3485873208189139,3.988542708004438e-4,0.3624661887046761
JobRole_Healthcare.Representative,79,0.34845557005785655,2.0796294736575847e-4,0.3626476335247683
JobRole_Research.Scientist,80,-0.3480218428036499,1.894880922916849e-4,0.36266329993878255
JobRole_Healthcare.Representative,78,0.34773856963840616,2.2823907800221732e-4,0.36263078551494077
JobRole_Healthcare.Representative,73,0.34771446389163374,3.634211566709661e-4,0.36250335554747265
JobSatisfaction,47,0.3476196385237216,0.00408239719381169,0.35612114930746547
JobRole_Healthcare.Representative,77,0.34718730278778404,2.5049210634470686e-4,0.36261119687824717
JobRole_Healthcare.Representative,74,0.34713704683926266,3.311358227429965e-4,0.3625352485239564
JobRole_Research.Scientist,79,-0.34695814958398974,2.0796294736575847e-4,0.3626476335247683
JobRole_Healthcare.Representative,76,0.3468958238247846,2.749147774790711e-4,0.3625891229427948
JobRole_Healthcare.Representative,75,0.3468798782816611,3.017186288990788e-4,0.3625643260515155
JobRole_Research.Scientist,78,-0.34544029688130073,2.2823907800221732e-4,0.36263078551494077
BusinessTravel_Travel_Frequently,20,-0.3443748850338117,0.050329700694981834,0.24270222693166177
JobSatisfaction,46,0.3435524846655348,0.004480425880460647,0.3552550274455445
JobRole_Research.Scientist,77,-0.3435291101846728,2.5049210634470686e-4,0.36261119687824717
EnvironmentSatisfaction,35,0.34273877632660105,0.012467051159567907,0.33505388278095777
PerformanceRating,54,-0.3419206220049165,0.002128565280344081,0.3599126037612435
Department_Sales,57,-0.34155751637673926,0.0016101815748863352,0.36082886696660776
JobRole_Research.Scientist,76,-0.3411256772768123,2.749147774790711e-4,0.3625891229427948
EducationField_Marketing,38,-0.3410014374132584,0.009430867004960533,0.34299410935673436
JobInvolvement,28,0.34077169011184083,0.02391068535173119,0.3072782442919343
StockOptionLevel,84,0.339837861147144,1.3060679185598e-4,0.36270900867236205
StockOptionLevel,83,0.33978930422317405,1.4334079282694658e-4,0.3626996358496665
StockOptionLevel,82,0.33974113828819064,1.573163431723698e-4,0.36268878304664653
EducationField_Other,60,0.3397156152845841,0.0012180433121056701,0.361445151152419
EducationField_Other,61,0.3397030912175835,0.0011098357013262414,0.3616011962312166
EducationField_Other,59,0.33968890009837427,0.0013368010313530461,0.3612668113676365
StockOptionLevel,81,0.33968428356773245,1.726544924235578e-4,0.36267670590257495
EducationField_Other,62,0.33965853588877754,0.001011240956455785,0.36173779317598387
StockOptionLevel,80,0.33961673107762735,1.894880922916849e-4,0.36266329993878255
EducationField_Other,58,0.3396143073564832,0.0014671374816198123,0.3610628161978371
EducationField_Other,63,0.3395834859912262,9.214050969811165e-4,0.36185858356393547
StockOptionLevel,79,0.3395509741766602,2.0796294736575847e-4,0.3626476335247683
EducationField_Other,64,0.33949193324101057,8.395500076641738e-4,0.36196382696590595
EducationField_Other,57,0.3394874299357824,0.0016101815748863352,0.36082886696660776
StockOptionLevel,78,0.3394609249713849,2.2823907800221732e-4,0.36263078551494077
EducationField_Other,65,0.33938467425328284,7.649666988800687e-4,0.3620558681243696
StockOptionLevel,77,0.33936878981482577,2.5049210634470686e-4,0.36261119687824717
EducationField_Other,56,0.3392869121504401,0.0017671722906574176,0.3605630327202353
StockOptionLevel,76,0.3392620500836178,2.749147774790711e-4,0.3625891229427948
EducationField_Other,66,0.3392404425991081,6.970091656881309e-4,0.3621389708220613
JobSatisfaction,45,0.3392248267418732,0.004917261872688699,0.35427601746796533
StockOptionLevel,75,0.33913701337594293,3.017186288990788e-4,0.3625643260515155
EducationField_Other,67,0.3390994165873699,6.35088792446155e-4,0.3622124809128614
EducationField_Other,55,0.33901201571740697,0.001939469407410052,0.3602582895122597
StockOptionLevel,74,0.33901167381649244,3.311358227429965e-4,0.3625352485239564
EducationField_Other,68,0.3389553567217795,5.786692545032966e-4,0.362274724273457
StockOptionLevel,73,0.3388494916370879,3.634211566709661e-4,0.36250335554747265
EducationField_Other,69,0.3388035630868122,5.272618728125192e-4,0.3623298698791808
StockOptionLevel,72,0.3386799385452941,3.988542708004438e-4,0.3624661887046761
EducationField_Other,70,0.3386506858117186,4.8042138122646953e-4,0.3623785051143624
EducationField_Other,54,0.3386387515426433,0.002128565280344081,0.3599126037612435
EducationField_Other,71,0.33852620112311904,4.377420698151201e-4,0.36242380570606114
StockOptionLevel,71,0.338465192406386,4.377420698151201e-4,0.36242380570606114
EducationField_Other,72,0.33842277233364265,3.988542708004438e-4,0.3624661887046761
EducationField_Other,73,0.3383158861022937,3.634211566709661e-4,0.36250335554747265
JobRole_Research.Scientist,75,-0.3382612454964761,3.017186288990788e-4,0.3625643260515155
StockOptionLevel,70,0.33823742420983816,4.8042138122646953e-4,0.3623785051143624
EducationField_Other,74,0.3382146882366062,3.311358227429965e-4,0.3625352485239564
EducationField_Other,53,0.338164614555527,0.00233609776744901,0.3595201862708644
EducationField_Other,75,0.33810506529331985,3.017186288990788e-4,0.3625643260515155
StockOptionLevel,69,0.3380403905280872,5.272618728125192e-4,0.3623298698791808
EducationField_Other,76,0.33800789541919424,2.749147774790711e-4,0.3625891229427948
EducationField_Other,77,0.3379107898752066,2.5049210634470686e-4,0.36261119687824717
EducationField_Other,78,0.33781715683882696,2.2823907800221732e-4,0.36263078551494077
StockOptionLevel,68,0.3378130293489176,5.786692545032966e-4,0.362274724273457
EducationField_Other,79,0.33773315018142624,2.0796294736575847e-4,0.3626476335247683
JobRole_Healthcare.Representative,37,0.337688367213355,0.01035036489547338,0.3406035179119267
EducationField_Other,80,0.3376438988083381,1.894880922916849e-4,0.36266329993878255
EducationField_Other,81,0.3375672102539534,1.726544924235578e-4,0.36267670590257495
StockOptionLevel,67,0.3375321949975818,6.35088792446155e-4,0.3622124809128614
EducationField_Other,82,0.3374916980850171,1.573163431723698e-4,0.36268878304664653
EducationField_Other,83,0.3374201417276563,1.4334079282694658e-4,0.3626996358496665
EducationField_Other,84,0.3373573628476878,1.3060679185598e-4,0.36270900867236205
StockOptionLevel,66,0.33731020980556975,6.970091656881309e-4,0.3621389708220613
EducationField_Other,52,0.33720827744181775,0.002563864415846373,0.35911763857005125
StockOptionLevel,65,0.3369787321323966,7.649666988800687e-4,0.3620558681243696
JobRole_Manufacturing.Director,29,0.3368494801799883,0.021786525965693648,0.3126143885653771
StockOptionLevel,64,0.3365821773683427,8.395500076641738e-4,0.36196382696590595
StockOptionLevel,63,0.33614044085358197,9.214050969811165e-4,0.36185858356393547
EducationField_Other,51,0.3360543365855206,0.0028138380312829696,0.3586584069105049
StockOptionLevel,62,0.33565660553652654,0.001011240956455785,0.36173779317598387
StockOptionLevel,61,0.3351004964819277,0.0011098357013262414,0.3616011962312166
JobRole_Research.Scientist,74,-0.33478664636074296,3.311358227429965e-4,0.3625352485239564
JobSatisfaction,44,0.3346308529028624,0.005396688834881921,0.35317097725719754
EducationField_Other,50,0.334559172937936,0.0030881837656304705,0.3581500660051783
StockOptionLevel,60,0.33448226286943283,0.0012180433121056701,0.361445151152419
EnvironmentSatisfaction,34,0.3344627308547321,0.013682573256964552,0.3322769013147441
StockOptionLevel,59,0.33379707007076553,0.0013368010313530461,0.3612668113676365
StockOptionLevel,58,0.33304117615720136,0.0014671374816198123,0.3610628161978371
EducationField_Other,49,0.33284422841409156,0.0033892778703951388,0.3575584590141311
MaritalStatus_Single,14,-0.3324972797053819,0.08795258132836721,0.16780870086071736
StockOptionLevel,57,0.3322205612101803,0.0016101815748863352,0.36082886696660776
EducationField_Marketing,37,-0.33177103709572353,0.01035036489547338,0.3406035179119267
StockOptionLevel,56,0.3312985247945971,0.0017671722906574176,0.3605630327202353
EducationField_Other,48,0.330869308369292,0.003719728278671599,0.3568862839675571
JobRole_Research.Scientist,73,-0.3307871866257163,3.634211566709661e-4,0.36250335554747265
JobRole_Human.Resources,40,-0.3307569690290522,0.007829671470234412,0.34716434627406656
StockOptionLevel,55,0.3303026249929707,0.001939469407410052,0.3602582895122597
JobInvolvement,27,0.33011552552338064,0.02624194765561788,0.301326935666394
EducationField_Technical.Degree,26,-0.32991770036665624,0.028800505156174022,0.29474201045148735
JobSatisfaction,43,0.32977812144884144,0.005922859334033068,0.3519241192592846
PerformanceRating,53,-0.3294386385099683,0.00233609776744901,0.3595201862708644
JobRole_Research.Director,26,0.32932286334385424,0.028800505156174022,0.29474201045148735
StockOptionLevel,54,0.329262098250959,0.002128565280344081,0.3599126037612435
JobRole_Laboratory.Technician,23,-0.32863976331023087,0.03807257286255448,0.27070617891247667
EducationField_Other,47,0.3286345622625692,0.00408239719381169,0.35612114930746547
StockOptionLevel,53,0.32788254048898224,0.00233609776744901,0.3595201862708644
OverTime_No,11,0.3265113253138932,0.11626813637177358,0.12772107627145066
OverTime_Yes,11,-0.32646791783661727,0.11626813637177358,0.12772107627145066
Department_Sales,56,-0.3263185494249376,0.0017671722906574176,0.3605630327202353
StockOptionLevel,52,0.32620243905899315,0.002563864415846373,0.35911763857005125
JobRole_Research.Scientist,72,-0.3261401917672326,3.988542708004438e-4,0.3624661887046761
EducationField_Other,46,0.32603105088009565,0.004480425880460647,0.3552550274455445
EnvironmentSatisfaction,33,0.32586058057535194,0.0150166072582869,0.3291465765077483
JobSatisfaction,42,0.32467426767213936,0.006500330807290316,0.3505174587433949
StockOptionLevel,51,0.32438208218570536,0.0028138380312829696,0.3586584069105049
JobRole_Manager,41,0.3235000329392809,0.007134105036297602,0.34893757609222753
EducationField_Other,45,0.32257779083442095,0.004917261872688699,0.35427601746796533
StockOptionLevel,50,0.32244396309376055,0.0030881837656304705,0.3581500660051783
EducationField_Marketing,36,-0.3219606843533854,0.0113595126951847,0.3379337135395595
JobRole_Healthcare.Representative,36,0.32145809815256354,0.0113595126951847,0.3379337135395595
JobRole_Research.Scientist,71,-0.3206811157322843,4.377420698151201e-4,0.36242380570606114
Department_Human.Resources,58,0.3204819725709468,0.0014671374816198123,0.3610628161978371
StockOptionLevel,49,0.32046075121951273,0.0033892778703951388,0.3575584590141311
JobSatisfaction,41,0.31928786204169274,0.007134105036297602,0.34893757609222753
JobInvolvement,26,0.3190536419821996,0.028800505156174022,0.29474201045148735
EducationField_Other,44,0.3186939165682298,0.005396688834881921,0.35317097725719754
StockOptionLevel,48,0.3183340363661209,0.003719728278671599,0.3568862839675571
BusinessTravel_Non.Travel,23,0.31813916955827387,0.03807257286255448,0.27070617891247667
JobRole_Sales.Representative,11,-0.3179208176565822,0.11626813637177358,0.12772107627145066
JobRole_Manufacturing.Director,28,0.3175992954963647,0.02391068535173119,0.3072782442919343
EnvironmentSatisfaction,32,0.316934539865671,0.01648070792786394,0.3256214303482414
PerformanceRating,52,-0.31670734056981287,0.002563864415846373,0.35911763857005125
BusinessTravel_Travel_Frequently,19,-0.316461752798922,0.055236784380377574,0.23145129884950377
StockOptionLevel,47,0.31607089231068397,0.00408239719381169,0.35612114930746547
JobRole_Research.Scientist,70,-0.3149973394223812,4.8042138122646953e-4,0.3623785051143624
EducationField_Other,43,0.31435346551261895,0.005922859334033068,0.3519241192592846
StockOptionLevel,46,0.3136442447131435,0.004480425880460647,0.3552550274455445
JobSatisfaction,40,0.3136304284884009,0.007829671470234412,0.34716434627406656
MaritalStatus_Single,13,-0.31146746965350514,0.09652784942981063,0.1550980674820616
EducationField_Marketing,35,-0.3114664874837776,0.012467051159567907,0.33505388278095777
JobRole_Human.Resources,39,-0.31124663038192013,0.008593054772798469,0.34517585847057386
StockOptionLevel,45,0.3109875725994663,0.004917261872688699,0.35427601746796533
Department_Sales,55,-0.309921580877484,0.001939469407410052,0.3602582895122597
EducationField_Other,42,0.30953731860624767,0.006500330807290316,0.3505174587433949
JobRole_Research.Scientist,69,-0.30909148709197043,5.272618728125192e-4,0.3623298698791808
StockOptionLevel,44,0.3081566547645311,0.005396688834881921,0.35317097725719754
JobSatisfaction,39,0.30771622453584613,0.008593054772798469,0.34517585847057386
EnvironmentSatisfaction,31,0.30765106134789844,0.018087556605282298,0.32169487980111905
WorkLifeBalance,84,0.3074197824443126,1.3060679185598e-4,0.36270900867236205
JobInvolvement,25,0.30737200686999283,0.03160851885447739,0.28740341007070747
WorkLifeBalance,83,0.30728448831045574,1.4334079282694658e-4,0.3626996358496665
WorkLifeBalance,82,0.3071380160423159,1.573163431723698e-4,0.36268878304664653
WorkLifeBalance,81,0.30697662609551907,1.726544924235578e-4,0.36267670590257495
WorkLifeBalance,80,0.30679853754797165,1.894880922916849e-4,0.36266329993878255
WorkLifeBalance,79,0.30660677715175627,2.0796294736575847e-4,0.3626476335247683
WorkLifeBalance,78,0.3063915317299815,2.2823907800221732e-4,0.36263078551494077
WorkLifeBalance,77,0.3061584505680501,2.5049210634470686e-4,0.36261119687824717
WorkLifeBalance,76,0.3059020290827649,2.749147774790711e-4,0.3625891229427948
WorkLifeBalance,75,0.30561901494244087,3.017186288990788e-4,0.3625643260515155
WorkLifeBalance,74,0.3053145391787416,3.311358227429965e-4,0.3625352485239564
StockOptionLevel,43,0.3051576866061606,0.005922859334033068,0.3519241192592846
WorkLifeBalance,73,0.3049736153322623,3.634211566709661e-4,0.36250335554747265
WorkLifeBalance,72,0.30460487214231885,3.988542708004438e-4,0.3624661887046761
JobRole_Healthcare.Representative,35,0.3043776848903091,0.012467051159567907,0.33505388278095777
WorkLifeBalance,71,0.30418726215233566,4.377420698151201e-4,0.36242380570606114
EducationField_Other,41,0.30414915206184207,0.007134105036297602,0.34893757609222753
WorkLifeBalance,70,0.30367420820872276,4.8042138122646953e-4,0.3623785051143624
EducationField_Technical.Degree,25,-0.3035440241829321,0.03160851885447739,0.28740341007070747
PerformanceRating,51,-0.3031617095243836,0.0028138380312829696,0.3586584069105049
WorkLifeBalance,69,0.3030880305279705,5.272618728125192e-4,0.3623298698791808
RelationshipSatisfaction,84,0.3025438393725437,1.3060679185598e-4,0.36270900867236205
WorkLifeBalance,68,0.30244831372845116,5.786692545032966e-4,0.362274724273457
RelationshipSatisfaction,83,0.3024178075703555,1.4334079282694658e-4,0.3626996358496665
JobRole_Research.Scientist,68,-0.3023464970059429,5.786692545032966e-4,0.362274724273457
RelationshipSatisfaction,82,0.3022821275682703,1.573163431723698e-4,0.36268878304664653
RelationshipSatisfaction,81,0.30213265213783896,1.726544924235578e-4,0.36267670590257495
StockOptionLevel,42,0.30199132522277045,0.006500330807290316,0.3505174587433949
RelationshipSatisfaction,80,0.30196637309084307,1.894880922916849e-4,0.36266329993878255
RelationshipSatisfaction,79,0.301789232117997,2.0796294736575847e-4,0.3626476335247683
WorkLifeBalance,67,0.3017540681913449,6.35088792446155e-4,0.3622124809128614
RelationshipSatisfaction,78,0.30158793759840774,2.2823907800221732e-4,0.36263078551494077
JobSatisfaction,38,0.3015328685551669,0.009430867004960533,0.34299410935673436
RelationshipSatisfaction,77,0.3013707275507292,2.5049210634470686e-4,0.36261119687824717
RelationshipSatisfaction,76,0.3011316802289842,2.749147774790711e-4,0.3625891229427948
WorkLifeBalance,66,0.30098240407329213,6.970091656881309e-4,0.3621389708220613
JobRole_Laboratory.Technician,22,-0.30097256277532525,0.04178460171579797,0.26203343554047254
RelationshipSatisfaction,75,0.30086595285964873,3.017186288990788e-4,0.3625643260515155
RelationshipSatisfaction,74,0.3005821275031477,3.311358227429965e-4,0.3625352485239564
RelationshipSatisfaction,73,0.30026104280615284,3.634211566709661e-4,0.36250335554747265
EducationField_Marketing,34,-0.3002053336974148,0.013682573256964552,0.3322769013147441
WorkLifeBalance,65,0.3001630967069334,7.649666988800687e-4,0.3620558681243696
RelationshipSatisfaction,72,0.29991495989102385,3.988542708004438e-4,0.3624661887046761
RelationshipSatisfaction,71,0.29953749538939706,4.377420698151201e-4,0.36242380570606114
WorkLifeBalance,64,0.29926350430269627,8.395500076641738e-4,0.36196382696590595
RelationshipSatisfaction,70,0.2991124353292288,4.8042138122646953e-4,0.3623785051143624
OverTime_No,10,0.29870888684335134,0.1276041361341998,0.11229355406288492
OverTime_Yes,10,-0.29868309886663424,0.1276041361341998,0.11229355406288492
RelationshipSatisfaction,69,0.29864482649009977,5.272618728125192e-4,0.3623298698791808
StockOptionLevel,41,0.29862833936065863,0.007134105036297602,0.34893757609222753
WorkLifeBalance,63,0.29828704334736195,9.214050969811165e-4,0.36185858356393547
EducationField_Human.Resources,23,-0.2982857799561549,0.03807257286255448,0.27070617891247667
EducationField_Other,40,0.2981576849155948,0.007829671470234412,0.34716434627406656
RelationshipSatisfaction,68,0.29812981661842686,5.786692545032966e-4,0.362274724273457
EnvironmentSatisfaction,30,0.297925941220257,0.019851071045083095,0.3173917016003022
JobRole_Manufacturing.Director,27,0.29786060575191464,0.02624194765561788,0.301326935666394
RelationshipSatisfaction,67,0.297557752430048,6.35088792446155e-4,0.3622124809128614
WorkLifeBalance,62,0.2972277721057753,0.001011240956455785,0.36173779317598387
RelationshipSatisfaction,66,0.29694595294458614,6.970091656881309e-4,0.3621389708220613
RelationshipSatisfaction,65,0.2962701219551835,7.649666988800687e-4,0.3620558681243696
WorkLifeBalance,61,0.2960793740308238,0.0011098357013262414,0.3616011962312166
RelationshipSatisfaction,64,0.2954944536929856,8.395500076641738e-4,0.36196382696590595
JobInvolvement,24,0.2952511293136324,0.03469031042185292,0.2793493821504954
JobSatisfaction,37,0.29508649564604494,0.01035036489547338,0.3406035179119267
StockOptionLevel,40,0.2950758781044044,0.007829671470234412,0.34716434627406656
WorkLifeBalance,60,0.29483613192388153,0.0012180433121056701,0.361445151152419
JobRole_Research.Scientist,67,-0.294788574973976,6.35088792446155e-4,0.3622124809128614
RelationshipSatisfaction,63,0.2946445956583047,9.214050969811165e-4,0.36185858356393547
RelationshipSatisfaction,62,0.29371976274459366,0.001011240956455785,0.36173779317598387
WorkLifeBalance,59,0.2934916650527031,0.0013368010313530461,0.3612668113676365
RelationshipSatisfaction,61,0.29269849159132355,0.0011098357013262414,0.3616011962312166
JobRole_Human.Resources,38,-0.2923069878547736,0.009430867004960533,0.34299410935673436
WorkLifeBalance,58,0.2920395461883399,0.0014671374816198123,0.3610628161978371
Department_Sales,54,-0.2918221729224867,0.002128565280344081,0.3599126037612435
RelationshipSatisfaction,60,0.2915817881534707,0.0012180433121056701,0.361445151152419
EducationField_Other,39,0.2915342439826967,0.008593054772798469,0.34517585847057386
StockOptionLevel,39,0.29133553216300595,0.008593054772798469,0.34517585847057386
WorkLifeBalance,57,0.2904725518380145,0.0016101815748863352,0.36082886696660776
RelationshipSatisfaction,59,0.2903622720913648,0.0013368010313530461,0.3612668113676365
MaritalStatus_Single,12,-0.2895425617091924,0.10593919558491677,0.14174565720426993
RelationshipSatisfaction,58,0.2890326049343278,0.0014671374816198123,0.3610628161978371
PerformanceRating,50,-0.2890223541751791,0.0030881837656304705,0.3581500660051783
WorkLifeBalance,56,0.2887836444979933,0.0017671722906574176,0.3605630327202353
EducationField_Marketing,33,-0.28837095282006325,0.0150166072582869,0.3291465765077483
JobSatisfaction,36,0.2883401651675062,0.0113595126951847,0.3379337135395595
EnvironmentSatisfaction,29,0.287774157222601,0.021786525965693648,0.3126143885653771
RelationshipSatisfaction,57,0.2875931181843493,0.0016101815748863352,0.36082886696660776
BusinessTravel_Travel_Frequently,18,-0.2875040275172686,0.06062230266727051,0.21943656292354227
StockOptionLevel,38,0.28715663604566116,0.009430867004960533,0.34299410935673436
WorkLifeBalance,55,0.2869683936626553,0.001939469407410052,0.3602582895122597
JobRole_Manager,40,0.286945064396369,0.007829671470234412,0.34716434627406656
RelationshipSatisfaction,56,0.2860166568697597,0.0017671722906574176,0.3605630327202353
JobRole_Research.Director,25,0.28563805772751516,0.03160851885447739,0.28740341007070747
JobRole_Research.Scientist,66,-0.2854957754934527,6.970091656881309e-4,0.3621389708220613
JobRole_Healthcare.Representative,34,0.2851325764550806,0.013682573256964552,0.3322769013147441
WorkLifeBalance,54,0.2850833291232784,0.002128565280344081,0.3599126037612435
RelationshipSatisfaction,55,0.2843070993688355,0.001939469407410052,0.3602582895122597
EducationField_Other,38,0.28381452685124636,0.009430867004960533,0.34299410935673436
BusinessTravel_Non.Travel,22,0.2835999931744511,0.04178460171579797,0.26203343554047254
WorkLifeBalance,53,0.2830060185486228,0.00233609776744901,0.3595201862708644
JobInvolvement,23,0.28282984645261683,0.03807257286255448,0.27070617891247667
StockOptionLevel,37,0.2825218147060423,0.01035036489547338,0.3406035179119267
RelationshipSatisfaction,54,0.2824934659483671,0.002128565280344081,0.3599126037612435
JobSatisfaction,35,0.2813797409248806,0.012467051159567907,0.33505388278095777
WorkLifeBalance,52,0.28063969294707253,0.002563864415846373,0.35911763857005125
RelationshipSatisfaction,53,0.28051551632392807,0.00233609776744901,0.3595201862708644
JobRole_Sales.Representative,10,-0.27949566087220096,0.1276041361341998,0.11229355406288492
RelationshipSatisfaction,52,0.2783132517351073,0.002563864415846373,0.35911763857005125
WorkLifeBalance,51,0.27805636269075196,0.0028138380312829696,0.3586584069105049
JobRole_Manufacturing.Director,26,0.2777985909528781,0.028800505156174022,0.29474201045148735
StockOptionLevel,36,0.2776734677460969,0.0113595126951847,0.3379337135395595
EnvironmentSatisfaction,28,0.2773075339078287,0.02391068535173119,0.3072782442919343
EducationField_Marketing,32,-0.27600647345774304,0.01648070792786394,0.3256214303482414
RelationshipSatisfaction,51,0.27593113139733916,0.0028138380312829696,0.3586584069105049
WorkLifeBalance,50,0.27532884371737515,0.0030881837656304705,0.3581500660051783
JobRole_Research.Scientist,65,-0.2753140789219645,7.649666988800687e-4,0.3620558681243696
EducationField_Technical.Degree,24,-0.2751606148218561,0.03469031042185292,0.2793493821504954
EducationField_Other,37,0.2749138065550246,0.01035036489547338,0.3406035179119267
JobSatisfaction,34,0.2744918986194099,0.013682573256964552,0.3322769013147441
PerformanceRating,49,-0.27391195649562255,0.0033892778703951388,0.3575584590141311
RelationshipSatisfaction,50,0.27323409169427987,0.0030881837656304705,0.3581500660051783
JobRole_Laboratory.Technician,21,-0.2730421891637895,0.0458585487997073,0.2528330937662405
JobRole_Human.Resources,37,-0.2729271685098215,0.01035036489547338,0.3406035179119267
Department_Sales,53,-0.2726338614158605,0.00233609776744901,0.3595201862708644
StockOptionLevel,35,0.2726218361947101,0.012467051159567907,0.33505388278095777
WorkLifeBalance,49,0.2723384644351716,0.0033892778703951388,0.3575584590141311
RelationshipSatisfaction,49,0.27034231034741985,0.0033892778703951388,0.3575584590141311
OverTime_No,9,0.2698302948409396,0.14004538187909216,0.09679723824045484
OverTime_Yes,9,-0.2698143205702464,0.14004538187909216,0.09679723824045484
WorkLifeBalance,48,0.2691350482964088,0.003719728278671599,0.3568862839675571
JobInvolvement,22,0.26912760446512557,0.04178460171579797,0.26203343554047254
StockOptionLevel,34,0.26733864182986017,0.013682573256964552,0.3322769013147441
JobSatisfaction,33,0.2672723114494416,0.0150166072582869,0.3291465765077483
RelationshipSatisfaction,48,0.26722266168499387,0.003719728278671599,0.3568862839675571
EnvironmentSatisfaction,27,0.2665362881827857,0.02624194765561788,0.301326935666394
MaritalStatus_Single,11,-0.2660787844901372,0.11626813637177358,0.12772107627145066
JobRole_Healthcare.Representative,33,0.2657409278454824,0.0150166072582869,0.3291465765077483
WorkLifeBalance,47,0.26570582570942985,0.00408239719381169,0.35612114930746547
EducationField_Other,36,0.2651670126484259,0.0113595126951847,0.3379337135395595
RelationshipSatisfaction,47,0.2638927691319767,0.00408239719381169,0.35612114930746547
EducationField_Marketing,31,-0.26255154880988124,0.018087556605282298,0.32169487980111905
WorkLifeBalance,46,0.26204783924218383,0.004480425880460647,0.3552550274455445
StockOptionLevel,33,0.2618163260205386,0.0150166072582869,0.3291465765077483
RelationshipSatisfaction,46,0.26031176315416654,0.004480425880460647,0.3552550274455445
JobSatisfaction,32,0.2597252118271047,0.01648070792786394,0.3256214303482414
JobRole_Research.Scientist,64,-0.25832646926764574,8.395500076641738e-4,0.36196382696590595
WorkLifeBalance,45,0.25817616175706254,0.004917261872688699,0.35427601746796533
PerformanceRating,48,-0.2579592883187544,0.003719728278671599,0.3568862839675571
BusinessTravel_Travel_Frequently,17,-0.25751735788500074,0.06653290233867579,0.20698173981391432
JobRole_Manufacturing.Director,25,0.2569733968181166,0.03160851885447739,0.28740341007070747
RelationshipSatisfaction,45,0.25649926283009644,0.004917261872688699,0.35427601746796533
StockOptionLevel,32,0.2560728553821817,0.01648070792786394,0.3256214303482414
Department_Sales,52,-0.25582828905205407,0.002563864415846373,0.35911763857005125
EnvironmentSatisfaction,26,0.255538276494167,0.028800505156174022,0.29474201045148735
JobInvolvement,21,0.2546398209010729,0.0458585487997073,0.2528330937662405
EducationField_Other,35,0.25428965076418736,0.012467051159567907,0.33505388278095777
WorkLifeBalance,44,0.25405224543192545,0.005396688834881921,0.35317097725719754
JobRole_Human.Resources,36,-0.2534888436782811,0.0113595126951847,0.3379337135395595
RelationshipSatisfaction,44,0.25241406770561514,0.005396688834881921,0.35317097725719754
JobSatisfaction,31,0.25176302211422263,0.018087556605282298,0.32169487980111905
StockOptionLevel,31,0.2500152218405639,0.018087556605282298,0.32169487980111905
WorkLifeBalance,43,0.24966449545254882,0.005922859334033068,0.3519241192592846
JobRole_Manager,39,0.24906358244845384,0.008593054772798469,0.34517585847057386
BusinessTravel_Non.Travel,21,0.24905614932837047,0.0458585487997073,0.2528330937662405
Department_Human.Resources,57,0.2483056084894002,0.0016101815748863352,0.36082886696660776
RelationshipSatisfaction,43,0.24806475044058848,0.005922859334033068,0.3519241192592846
EducationField_Marketing,30,-0.2475585686969204,0.019851071045083095,0.3173917016003022
JobRole_Healthcare.Representative,32,0.24577496740088253,0.01648070792786394,0.3256214303482414
WorkLifeBalance,42,0.24499445383845042,0.006500330807290316,0.3505174587433949
JobRole_Laboratory.Technician,20,-0.2447536924632608,0.050329700694981834,0.24270222693166177
EnvironmentSatisfaction,25,0.24410068930891882,0.03160851885447739,0.28740341007070747
StockOptionLevel,30,0.2438933463315523,0.019851071045083095,0.3173917016003022
RelationshipSatisfaction,42,0.24346040549993575,0.006500330807290316,0.3505174587433949
EducationField_Technical.Degree,23,-0.24337496660266764,0.03807257286255448,0.27070617891247667
JobSatisfaction,30,0.24332547542445518,0.019851071045083095,0.3173917016003022
JobRole_Research.Director,24,0.24257035308122826,0.03469031042185292,0.2793493821504954
EducationField_Human.Resources,22,-0.24143960488101268,0.04178460171579797,0.26203343554047254
EducationField_Other,34,0.2413704206617737,0.013682573256964552,0.3322769013147441
MaritalStatus_Single,10,-0.2412473223967461,0.1276041361341998,0.11229355406288492
PerformanceRating,47,-0.2411176562987285,0.00408239719381169,0.35612114930746547
JobRole_Research.Scientist,63,-0.240987899939801,9.214050969811165e-4,0.36185858356393547
Department_Sales,51,-0.24057448750675942,0.0028138380312829696,0.3586584069105049
WorkLifeBalance,41,0.24004264016777982,0.007134105036297602,0.34893757609222753
JobInvolvement,20,0.23971703331937938,0.050329700694981834,0.24270222693166177
OverTime_No,8,0.23959032038376402,0.15369963372530726,0.08084273872013047
OverTime_Yes,8,-0.23958216366988858,0.15369963372530726,0.08084273872013047
RelationshipSatisfaction,41,0.23855464113674177,0.007134105036297602,0.34893757609222753
StockOptionLevel,29,0.23755261328466562,0.021786525965693648,0.3126143885653771
JobRole_Sales.Representative,9,-0.23650247716059192,0.14004538187909216,0.09679723824045484
JobRole_Manufacturing.Director,24,0.2352943240496309,0.03469031042185292,0.2793493821504954
WorkLifeBalance,40,0.23479495155117855,0.007829671470234412,0.34716434627406656
JobSatisfaction,29,0.2344404173836987,0.021786525965693648,0.3126143885653771
RelationshipSatisfaction,40,0.23336033271947904,0.007829671470234412,0.34716434627406656
JobRole_Human.Resources,35,-0.2331565801468948,0.012467051159567907,0.33505388278095777
EnvironmentSatisfaction,24,0.2323417768326524,0.03469031042185292,0.2793493821504954
EducationField_Marketing,29,-0.23184049335680315,0.021786525965693648,0.3126143885653771
StockOptionLevel,28,0.2309662797666211,0.02391068535173119,0.3072782442919343
WorkLifeBalance,39,0.2292325302995156,0.008593054772798469,0.34517585847057386
JobRole_Healthcare.Representative,31,0.2284441273715255,0.018087556605282298,0.32169487980111905
RelationshipSatisfaction,39,0.22789168625758346,0.008593054772798469,0.34517585847057386
EducationField_Other,33,0.22744454988559162,0.0150166072582869,0.3291465765077483
BusinessTravel_Travel_Frequently,16,-0.22708190653255939,0.07301977818136673,0.19397191602786856
MaritalStatus_Divorced,84,0.22602489212573454,1.3060679185598e-4,0.36270900867236205
MaritalStatus_Divorced,83,0.2257102104054932,1.4334079282694658e-4,0.3626996358496665
MaritalStatus_Divorced,82,0.22536290219971408,1.573163431723698e-4,0.36268878304664653
JobSatisfaction,28,0.22521392653260644,0.02391068535173119,0.3072782442919343
MaritalStatus_Divorced,81,0.2249827450982391,1.726544924235578e-4,0.36267670590257495
MaritalStatus_Divorced,80,0.22457267014253318,1.894880922916849e-4,0.36266329993878255
StockOptionLevel,27,0.22414457518331318,0.02624194765561788,0.301326935666394
JobInvolvement,19,0.2241436677073461,0.055236784380377574,0.23145129884950377
MaritalStatus_Divorced,79,0.22411632405485823,2.0796294736575847e-4,0.3626476335247683
MaritalStatus_Divorced,78,0.2236265326991182,2.2823907800221732e-4,0.36263078551494077
PerformanceRating,46,-0.22344419482606082,0.004480425880460647,0.3552550274455445
WorkLifeBalance,38,0.22337570877791374,0.009430867004960533,0.34299410935673436
JobRole_Research.Scientist,62,-0.22315115759242382,0.001011240956455785,0.36173779317598387
MaritalStatus_Divorced,77,0.22308815489829778,2.5049210634470686e-4,0.36261119687824717
Department_Sales,50,-0.22267743388807332,0.0030881837656304705,0.3581500660051783
MaritalStatus_Divorced,76,0.2224996392212069,2.749147774790711e-4,0.3625891229427948
RelationshipSatisfaction,38,0.22211825982557445,0.009430867004960533,0.34299410935673436
MaritalStatus_Divorced,75,0.22186348524493907,3.017186288990788e-4,0.3625643260515155
MaritalStatus_Divorced,74,0.2211607834753911,3.311358227429965e-4,0.3625352485239564
MaritalStatus_Divorced,73,0.22040393647433543,3.634211566709661e-4,0.36250335554747265
EnvironmentSatisfaction,23,0.22024571297159531,0.03807257286255448,0.27070617891247667
MaritalStatus_Divorced,72,0.21957615432025318,3.988542708004438e-4,0.3624661887046761
MaritalStatus_Divorced,71,0.21864810280519875,4.377420698151201e-4,0.36242380570606114
MaritalStatus_Divorced,70,0.2176217520840546,4.8042138122646953e-4,0.3623785051143624
WorkLifeBalance,37,0.21720924655364307,0.01035036489547338,0.3406035179119267
StockOptionLevel,26,0.21713984584303583,0.028800505156174022,0.29474201045148735
MaritalStatus_Divorced,69,0.2164963840582474,5.272618728125192e-4,0.3623298698791808
RelationshipSatisfaction,37,0.2160580960705261,0.01035036489547338,0.3406035179119267
JobRole_Laboratory.Technician,19,-0.2156703501196553,0.055236784380377574,0.23145129884950377
JobSatisfaction,27,0.21564068672780182,0.02624194765561788,0.301326935666394
MaritalStatus_Divorced,68,0.21527358328693097,5.786692545032966e-4,0.362274724273457
MaritalStatus_Single,9,-0.2152494584660747,0.14004538187909216,0.09679723824045484
EducationField_Marketing,28,-0.21485766448826046,0.02391068535173119,0.3072782442919343
BusinessTravel_Non.Travel,20,0.21421068501861254,0.050329700694981834,0.24270222693166177
MaritalStatus_Divorced,67,0.2139512012898586,6.35088792446155e-4,0.3622124809128614
JobRole_Human.Resources,34,-0.21276911834760187,0.013682573256964552,0.3322769013147441
JobRole_Healthcare.Representative,30,0.21255532056487558,0.019851071045083095,0.3173917016003022
MaritalStatus_Divorced,66,0.2125254545904792,6.970091656881309e-4,0.3621389708220613
EducationField_Other,32,0.2125068020775449,0.01648070792786394,0.3256214303482414
JobRole_Sales.Executive,84,0.21236768087774086,1.3060679185598e-4,0.36270900867236205
JobRole_Manufacturing.Director,23,0.21222332314502848,0.03807257286255448,0.27070617891247667
JobRole_Manager,38,0.21216982094428313,0.009430867004960533,0.34299410935673436
MaritalStatus_Divorced,65,0.21095980499938646,7.649666988800687e-4,0.3620558681243696
WorkLifeBalance,36,0.21070909092832585,0.0113595126951847,0.3379337135395595
EducationField_Technical.Degree,22,-0.20994767257021166,0.04178460171579797,0.26203343554047254
RelationshipSatisfaction,36,0.20968110585231725,0.0113595126951847,0.3379337135395595
MaritalStatus_Divorced,64,0.20925332787056034,8.395500076641738e-4,0.36196382696590595
OverTime_No,7,0.20900622010889405,0.16868515827025962,0.06632577580388649
OverTime_Yes,7,-0.2090019192861131,0.16868515827025962,0.06632577580388649
StockOptionLevel,25,0.208950360123362,0.03160851885447739,0.28740341007070747
EnvironmentSatisfaction,22,0.20846849968236617,0.04178460171579797,0.26203343554047254
JobInvolvement,18,0.20775888965601672,0.06062230266727051,0.21943656292354227
MaritalStatus_Divorced,63,0.20741069252155434,9.214050969811165e-4,0.36185858356393547
Department_Research...Development,30,0.20718435492920764,0.019851071045083095,0.3173917016003022
Department_Research...Development,31,0.20619519579541412,0.018087556605282298,0.32169487980111905
JobSatisfaction,26,0.20579249202301378,0.028800505156174022,0.29474201045148735
JobRole_Research.Scientist,61,-0.20568195447993828,0.0011098357013262414,0.3616011962312166
MaritalStatus_Divorced,62,0.20541317891295305,0.001011240956455785,0.36173779317598387
PerformanceRating,45,-0.20521308328636162,0.004917261872688699,0.35427601746796533
JobRole_Sales.Executive,83,0.20504196168575825,1.4334079282694658e-4,0.3626996358496665
Department_Research...Development,32,0.20444407075910895,0.01648070792786394,0.3256214303482414
WorkLifeBalance,35,0.20386135321008125,0.012467051159567907,0.33505388278095777
MaritalStatus_Divorced,61,0.20327235719564501,0.0011098357013262414,0.3616011962312166
Department_Research...Development,33,0.2030959935750338,0.0150166072582869,0.3291465765077483
RelationshipSatisfaction,35,0.20298275498095839,0.012467051159567907,0.33505388278095777
Department_Sales,49,-0.20275663007311695,0.0033892778703951388,0.3575584590141311
Department_Research...Development,29,0.20223940832720083,0.021786525965693648,0.3126143885653771
MaritalStatus_Divorced,60,0.20097000132790652,0.0012180433121056701,0.361445151152419
JobRole_Research.Director,23,0.20074198906525173,0.03807257286255448,0.27070617891247667
Department_Research...Development,34,0.20070781179209743,0.013682573256964552,0.3322769013147441
StockOptionLevel,24,0.20017311740898372,0.03469031042185292,0.2793493821504954
MaritalStatus_Divorced,59,0.19849763321959873,0.0013368010313530461,0.3612668113676365
Department_Research...Development,35,0.19743387940375914,0.012467051159567907,0.33505388278095777
EducationField_Marketing,27,-0.19722755930471786,0.02624194765561788,0.301326935666394
JobRole_Sales.Executive,82,0.19697231975322443,1.573163431723698e-4,0.36268878304664653
WorkLifeBalance,34,0.19663350589982476,0.013682573256964552,0.3322769013147441
EnvironmentSatisfaction,21,0.19655800293663275,0.0458585487997073,0.2528330937662405
Department_Research...Development,28,0.19654399987429194,0.02391068535173119,0.3072782442919343
EducationField_Other,31,0.19636534467505465,0.018087556605282298,0.32169487980111905
BusinessTravel_Travel_Frequently,15,-0.196147932550021,0.08013911641062678,0.18044049287694436
RelationshipSatisfaction,34,0.19590727573809835,0.013682573256964552,0.3322769013147441
MaritalStatus_Divorced,58,0.19584745068700143,0.0014671374816198123,0.3610628161978371
JobSatisfaction,25,0.1956236983434123,0.03160851885447739,0.28740341007070747
JobRole_Healthcare.Representative,29,0.195512356554625,0.021786525965693648,0.3126143885653771
MaritalStatus_Divorced,57,0.19299681082812345,0.0016101815748863352,0.36082886696660776
Department_Research...Development,36,0.1926260615315691,0.0113595126951847,0.3379337135395595
JobRole_Human.Resources,33,-0.1922244078618268,0.0150166072582869,0.3291465765077483
StockOptionLevel,23,0.19101026808690696,0.03807257286255448,0.27070617891247667
JobInvolvement,17,0.1903731049449831,0.06653290233867579,0.20698173981391432
Department_Research...Development,27,0.19032035302268185,0.02624194765561788,0.301326935666394
MaritalStatus_Divorced,56,0.18996588346180365,0.0017671722906574176,0.3605630327202353
WorkLifeBalance,33,0.1890371533115049,0.0150166072582869,0.3291465765077483
JobRole_Sales.Executive,81,0.18861763100779505,1.726544924235578e-4,0.36267670590257495
JobRole_Sales.Representative,8,-0.18854162595949647,0.15369963372530726,0.08084273872013047
RelationshipSatisfaction,33,0.18851452128608895,0.0150166072582869,0.3291465765077483
JobRole_Research.Scientist,60,-0.1880455124861231,0.0012180433121056701,0.361445151152419
Department_Research...Development,37,0.1876987343193536,0.01035036489547338,0.3406035179119267
MaritalStatus_Single,8,-0.1876575497599131,0.15369963372530726,0.08084273872013047
MaritalStatus_Divorced,55,0.18674159517801128,0.001939469407410052,0.3602582895122597
JobRole_Manufacturing.Director,22,0.18661473129042794,0.04178460171579797,0.26203343554047254
PerformanceRating,44,-0.18612865475564425,0.005396688834881921,0.35317097725719754
NumCompaniesWorked,84,-0.18535328728233527,1.3060679185598e-4,0.36270900867236205
NumCompaniesWorked,83,-0.18522056498332268,1.4334079282694658e-4,0.3626996358496665
JobSatisfaction,24,0.18520117512782147,0.03469031042185292,0.2793493821504954
NumCompaniesWorked,82,-0.18507546053099935,1.573163431723698e-4,0.36268878304664653
NumCompaniesWorked,81,-0.18491612874334998,1.726544924235578e-4,0.36267670590257495
NumCompaniesWorked,80,-0.18474186439504395,1.894880922916849e-4,0.36266329993878255
Department_Sales,48,-0.18455419084692587,0.003719728278671599,0.3568862839675571
NumCompaniesWorked,79,-0.1845515816168836,2.0796294736575847e-4,0.3626476335247683
NumCompaniesWorked,78,-0.18434230107851987,2.2823907800221732e-4,0.36263078551494077
NumCompaniesWorked,77,-0.1841141601192669,2.5049210634470686e-4,0.36261119687824717
EnvironmentSatisfaction,20,0.18406368649056135,0.050329700694981834,0.24270222693166177
NumCompaniesWorked,76,-0.1838641616441181,2.749147774790711e-4,0.3625891229427948
JobRole_Laboratory.Technician,18,-0.183629798553311,0.06062230266727051,0.21943656292354227
NumCompaniesWorked,75,-0.18359051022981052,3.017186288990788e-4,0.3625643260515155
Department_Research...Development,26,0.18357815465222324,0.028800505156174022,0.29474201045148735
NumCompaniesWorked,74,-0.18329327247782504,3.311358227429965e-4,0.3625352485239564
MaritalStatus_Divorced,54,0.18326820554019113,0.002128565280344081,0.3599126037612435
NumCompaniesWorked,73,-0.18296614802702021,3.634211566709661e-4,0.36250335554747265
NumCompaniesWorked,72,-0.18261140395430023,3.988542708004438e-4,0.3624661887046761
NumCompaniesWorked,71,-0.18221384520987,4.377420698151201e-4,0.36242380570606114
Department_Research...Development,38,0.18187088022824419,0.009430867004960533,0.34299410935673436
NumCompaniesWorked,70,-0.18175089341575007,4.8042138122646953e-4,0.3623785051143624
EducationField_Human.Resources,21,-0.18152884929168644,0.0458585487997073,0.2528330937662405
StockOptionLevel,22,0.18148101700266012,0.04178460171579797,0.26203343554047254
NumCompaniesWorked,69,-0.18123619502202887,5.272618728125192e-4,0.3623298698791808
WorkLifeBalance,32,0.18106125941054416,0.01648070792786394,0.3256214303482414
RelationshipSatisfaction,32,0.1808012359707981,0.01648070792786394,0.3256214303482414
NumCompaniesWorked,68,-0.18067608503292173,5.786692545032966e-4,0.362274724273457
EducationField_Other,30,0.18066042162494533,0.019851071045083095,0.3173917016003022
NumCompaniesWorked,67,-0.18006664352617713,6.35088792446155e-4,0.3622124809128614
JobRole_Sales.Executive,80,0.1800251163067261,1.894880922916849e-4,0.36266329993878255
NumCompaniesWorked,66,-0.17940460446663942,6.970091656881309e-4,0.3621389708220613
MaritalStatus_Divorced,53,0.17939227515773964,0.00233609776744901,0.3595201862708644
BusinessTravel_Non.Travel,19,0.17917115202015377,0.055236784380377574,0.23145129884950377
EducationField_Marketing,26,-0.17899851958194876,0.028800505156174022,0.29474201045148735
NumCompaniesWorked,65,-0.17868166356265247,7.649666988800687e-4,0.3620558681243696
Department_Human.Resources,56,0.17803539704837207,0.0017671722906574176,0.3605630327202353
NumCompaniesWorked,64,-0.17791153154476885,8.395500076641738e-4,0.36196382696590595
JobRole_Healthcare.Representative,28,0.17764323571468943,0.02391068535173119,0.3072782442919343
OverTime_No,6,0.17721111569066106,0.18513175295861073,0.05157123607097986
OverTime_Yes,6,-0.17720915723449335,0.18513175295861073,0.05157123607097986
NumCompaniesWorked,63,-0.17707816776924956,9.214050969811165e-4,0.36185858356393547
Department_Research...Development,25,0.17626114895484826,0.03160851885447739,0.28740341007070747
NumCompaniesWorked,62,-0.17617744155684442,0.001011240956455785,0.36173779317598387
MaritalStatus_Divorced,52,0.17551611012260393,0.002563864415846373,0.35911763857005125
TrainingTimesLastYear,84,0.17542706368270336,1.3060679185598e-4,0.36270900867236205
TrainingTimesLastYear,83,0.17530400218140507,1.4334079282694658e-4,0.3626996358496665
NumCompaniesWorked,61,-0.1752049367666814,0.0011098357013262414,0.3616011962312166
TrainingTimesLastYear,82,0.1751689292262933,1.573163431723698e-4,0.36268878304664653
TrainingTimesLastYear,81,0.1750217517908031,1.726544924235578e-4,0.36267670590257495
JobRole_Manager,37,0.17493189737681258,0.01035036489547338,0.3406035179119267
EducationField_Technical.Degree,21,-0.1749181698525429,0.0458585487997073,0.2528330937662405
TrainingTimesLastYear,80,0.17486120184528922,1.894880922916849e-4,0.36266329993878255
Department_Research...Development,39,0.17473711052828578,0.008593054772798469,0.34517585847057386
TrainingTimesLastYear,79,0.17468550570744013,2.0796294736575847e-4,0.3626476335247683
JobSatisfaction,23,0.1745991290850105,0.03807257286255448,0.27070617891247667
TrainingTimesLastYear,78,0.17449503812322295,2.2823907800221732e-4,0.36263078551494077
TrainingTimesLastYear,77,0.17428653085175297,2.5049210634470686e-4,0.36261119687824717
NumCompaniesWorked,60,-0.17415601295758204,0.0012180433121056701,0.361445151152419
TrainingTimesLastYear,76,0.17405957406331918,2.749147774790711e-4,0.3625891229427948
TrainingTimesLastYear,75,0.17381203917551413,3.017186288990788e-4,0.3625643260515155
TrainingTimesLastYear,74,0.17354204490651393,3.311358227429965e-4,0.3625352485239564
TrainingTimesLastYear,73,0.173249052711601,3.634211566709661e-4,0.36250335554747265
NumCompaniesWorked,59,-0.17302599977261263,0.0013368010313530461,0.3612668113676365
TrainingTimesLastYear,72,0.17292994919700275,3.988542708004438e-4,0.3624661887046761
RelationshipSatisfaction,31,0.17276609141205065,0.018087556605282298,0.32169487980111905
WorkLifeBalance,31,0.17270698134252144,0.018087556605282298,0.32169487980111905
TrainingTimesLastYear,71,0.17258573577950145,4.377420698151201e-4,0.36242380570606114
JobInvolvement,16,0.17241591963360217,0.07301977818136673,0.19397191602786856
TrainingTimesLastYear,70,0.17221807015224086,4.8042138122646953e-4,0.3623785051143624
TrainingTimesLastYear,69,0.17182734047806064,5.272618728125192e-4,0.3623298698791808
NumCompaniesWorked,58,-0.1718102055714579,0.0014671374816198123,0.3610628161978371
StockOptionLevel,21,0.17168921229495587,0.0458585487997073,0.2528330937662405
JobRole_Human.Resources,32,-0.17163476310514203,0.01648070792786394,0.3256214303482414
TrainingTimesLastYear,68,0.17140322449153975,5.786692545032966e-4,0.362274724273457
MaritalStatus_Divorced,51,0.1713741306035827,0.0028138380312829696,0.3586584069105049
EnvironmentSatisfaction,19,0.17122731033618058,0.055236784380377574,0.23145129884950377
TrainingTimesLastYear,67,0.17094281249680193,6.35088792446155e-4,0.3622124809128614
NumCompaniesWorked,57,-0.17050421710303842,0.0016101815748863352,0.36082886696660776
JobRole_Sales.Executive,79,0.17049510768744286,2.0796294736575847e-4,0.3626476335247683
TrainingTimesLastYear,66,0.17043741922232072,6.970091656881309e-4,0.3621389708220613
JobRole_Research.Scientist,59,-0.17023138990094458,0.0013368010313530461,0.3612668113676365
TrainingTimesLastYear,65,0.16990239063315982,7.649666988800687e-4,0.3620558681243696
TrainingTimesLastYear,64,0.16929934161854762,8.395500076641738e-4,0.36196382696590595
NumCompaniesWorked,56,-0.1691021386247957,0.0017671722906574176,0.3605630327202353
TrainingTimesLastYear,63,0.16864529950501372,9.214050969811165e-4,0.36185858356393547
YearsWithCurrManager,84,0.16861867933324276,1.3060679185598e-4,0.36270900867236205
YearsWithCurrManager,83,0.16838168902137277,1.4334079282694658e-4,0.3626996358496665
YearsWithCurrManager,82,0.16811900845803096,1.573163431723698e-4,0.36268878304664653
Department_Research...Development,24,0.16802863029256476,0.03469031042185292,0.2793493821504954
TrainingTimesLastYear,62,0.1679380183339549,0.001011240956455785,0.36173779317598387
YearsWithCurrManager,81,0.16783253836850234,1.726544924235578e-4,0.36267670590257495
NumCompaniesWorked,55,-0.1675997422600109,0.001939469407410052,0.3602582895122597
YearsWithCurrManager,80,0.16752288301827217,1.894880922916849e-4,0.36266329993878255
MaritalStatus_Divorced,50,0.16726525795609773,0.0030881837656304705,0.3581500660051783
YearsWithCurrManager,79,0.16717868975658218,2.0796294736575847e-4,0.3626476335247683
TrainingTimesLastYear,61,0.16717255826749025,0.0011098357013262414,0.3616011962312166
Department_Sales,47,-0.1671132316967933,0.00408239719381169,0.35612114930746547
YearsWithCurrManager,78,0.1668113927468163,2.2823907800221732e-4,0.36263078551494077
YearsWithCurrManager,77,0.16640695173677347,2.5049210634470686e-4,0.36261119687824717
TrainingTimesLastYear,60,0.16634528158326403,0.0012180433121056701,0.361445151152419
PerformanceRating,43,-0.16617305965450205,0.005922859334033068,0.3519241192592846
NumCompaniesWorked,54,-0.16603225560427198,0.002128565280344081,0.3599126037612435
YearsWithCurrManager,76,0.1659668998974918,2.749147774790711e-4,0.3625891229427948
YearsWithCurrManager,75,0.16549047027699215,3.017186288990788e-4,0.3625643260515155
TrainingTimesLastYear,59,0.16545210723551784,0.0013368010313530461,0.3612668113676365
Department_Research...Development,40,0.16539923360416223,0.007829671470234412,0.34716434627406656
BusinessTravel_Travel_Frequently,14,-0.16528547123740164,0.08795258132836721,0.16780870086071736
Gender_Female,84,0.1651895021617717,1.3060679185598e-4,0.36270900867236205
Gender_Female,83,0.16506360739438655,1.4334079282694658e-4,0.3626996358496665
YearsWithCurrManager,74,0.16496614531930695,3.311358227429965e-4,0.3625352485239564
Gender_Female,82,0.16493289911255468,1.573163431723698e-4,0.36268878304664653
Gender_Female,81,0.1647905774469322,1.726544924235578e-4,0.36267670590257495
Gender_Female,80,0.16463241718789134,1.894880922916849e-4,0.36266329993878255
TrainingTimesLastYear,58,0.16448863485943388,0.0014671374816198123,0.3610628161978371
Gender_Female,79,0.16447204071056487,2.0796294736575847e-4,0.3626476335247683
YearsWithCurrManager,73,0.16440393727163968,3.634211566709661e-4,0.36250335554747265
RelationshipSatisfaction,30,0.1644021940390212,0.019851071045083095,0.3173917016003022
NumCompaniesWorked,53,-0.16430573329417683,0.00233609776744901,0.3595201862708644
EducationField_Other,29,0.1642906645602889,0.021786525965693648,0.3126143885653771
Gender_Female,78,0.1642847436616261,2.2823907800221732e-4,0.36263078551494077
WorkLifeBalance,30,0.16410225076842594,0.019851071045083095,0.3173917016003022
Gender_Female,77,0.16409120243506772,2.5049210634470686e-4,0.36261119687824717
Gender_Female,76,0.1638812525883379,2.749147774790711e-4,0.3625891229427948
JobSatisfaction,22,0.16379523084608866,0.04178460171579797,0.26203343554047254
YearsWithCurrManager,72,0.16379219354538913,3.988542708004438e-4,0.3624661887046761
Gender_Female,75,0.16364892291625568,3.017186288990788e-4,0.3625643260515155
TrainingTimesLastYear,57,0.1634527407485473,0.0016101815748863352,0.36082886696660776
Gender_Female,74,0.16341555638476368,3.311358227429965e-4,0.3625352485239564
Gender_Female,73,0.16314395177870297,3.634211566709661e-4,0.36250335554747265
YearsWithCurrManager,71,0.1631257747423757,4.377420698151201e-4,0.36242380570606114
Gender_Female,72,0.16286958164203377,3.988542708004438e-4,0.3624661887046761
Gender_Female,71,0.16259116528153375,4.377420698151201e-4,0.36242380570606114
NumCompaniesWorked,52,-0.16243992480418828,0.002563864415846373,0.35911763857005125
MaritalStatus_Divorced,49,0.16242700488019074,0.0033892778703951388,0.3575584590141311
YearsWithCurrManager,70,0.1623544408315888,4.8042138122646953e-4,0.3623785051143624
TrainingTimesLastYear,56,0.162337496091348,0.0017671722906574176,0.3605630327202353
Gender_Female,70,0.1622080898729852,4.8042138122646953e-4,0.3623785051143624
StockOptionLevel,20,0.16191486020174456,0.050329700694981834,0.24270222693166177
Gender_Female,69,0.16170645063999195,5.272618728125192e-4,0.3623298698791808
YearsWithCurrManager,69,0.16148555965233258,5.272618728125192e-4,0.3623298698791808
JobRole_Sales.Executive,78,0.16124824736548132,2.2823907800221732e-4,0.36263078551494077
Gender_Female,68,0.16115943841951788,5.786692545032966e-4,0.362274724273457
TrainingTimesLastYear,55,0.1611373652665383,0.001939469407410052,0.3602582895122597
Gender_Female,67,0.16055737020811914,6.35088792446155e-4,0.3622124809128614
YearsWithCurrManager,68,0.16054702887700306,5.786692545032966e-4,0.362274724273457
NumCompaniesWorked,51,-0.16043667900067526,0.0028138380312829696,0.3586584069105049
Gender_Male,84,-0.16020794568616528,1.3060679185598e-4,0.36270900867236205
Gender_Male,83,-0.1601113814369127,1.4334079282694658e-4,0.3626996358496665
Gender_Male,82,-0.15999988296628181,1.573163431723698e-4,0.36268878304664653
Gender_Female,66,0.15996109424320593,6.970091656881309e-4,0.3621389708220613
Gender_Male,81,-0.15987779569133204,1.726544924235578e-4,0.36267670590257495
EducationField_Marketing,25,-0.1598761608789871,0.03160851885447739,0.28740341007070747
TrainingTimesLastYear,54,0.15986651926745193,0.002128565280344081,0.3599126037612435
YearsInCurrentRole,84,0.159829027915834,1.3060679185598e-4,0.36270900867236205
Gender_Male,80,-0.1597441396768037,1.894880922916849e-4,0.36266329993878255
JobRole_Manufacturing.Director,21,0.15966990939455164,0.0458585487997073,0.2528330937662405
Gender_Male,79,-0.15958993085599296,2.0796294736575847e-4,0.3626476335247683
YearsInCurrentRole,83,0.15957575873382646,1.4334079282694658e-4,0.3626996358496665
YearsWithCurrManager,67,0.15953699352916004,6.35088792446155e-4,0.3622124809128614
Gender_Male,78,-0.1594293025847875,2.2823907800221732e-4,0.36263078551494077
JobRole_Healthcare.Representative,27,0.1593138379451512,0.02624194765561788,0.301326935666394
YearsInCurrentRole,82,0.15929791036089572,1.573163431723698e-4,0.36268878304664653
Gender_Female,65,0.1592813232049085,7.649666988800687e-4,0.3620558681243696
Gender_Male,77,-0.15924393905073497,2.5049210634470686e-4,0.36261119687824717
Gender_Male,76,-0.15904027709822596,2.749147774790711e-4,0.3625891229427948
YearsInCurrentRole,81,0.1589952161355142,1.726544924235578e-4,0.36267670590257495
Gender_Male,75,-0.15881639847382256,3.017186288990788e-4,0.3625643260515155
YearsInCurrentRole,80,0.15866553449442378,1.894880922916849e-4,0.36266329993878255
Gender_Male,74,-0.158557269041631,3.311358227429965e-4,0.3625352485239564
Gender_Female,64,0.1585280857464992,8.395500076641738e-4,0.36196382696590595
TrainingTimesLastYear,53,0.15852306758687637,0.00233609776744901,0.3595201862708644
YearsWithCurrManager,66,0.15845150346150888,6.970091656881309e-4,0.3621389708220613
NumCompaniesWorked,50,-0.15835909487030983,0.0030881837656304705,0.3581500660051783
JobRole_Research.Director,22,0.15833225773979553,0.04178460171579797,0.26203343554047254
YearsInCurrentRole,79,0.15830453232900898,2.0796294736575847e-4,0.3626476335247683
Gender_Male,73,-0.15828471775427852,3.634211566709661e-4,0.36250335554747265
EnvironmentSatisfaction,18,0.15814853558885325,0.06062230266727051,0.21943656292354227
Gender_Male,72,-0.1579682518577931,3.988542708004438e-4,0.3624661887046761
YearsInCurrentRole,78,0.15791382008125102,2.2823907800221732e-4,0.36263078551494077
MaritalStatus_Single,7,-0.15779684200114,0.16868515827025962,0.06632577580388649
Gender_Female,63,0.15771556998890415,9.214050969811165e-4,0.36185858356393547
Gender_Male,71,-0.15761585723880184,4.377420698151201e-4,0.36242380570606114
YearsInCurrentRole,77,0.15748658967245413,2.5049210634470686e-4,0.36261119687824717
MaritalStatus_Divorced,48,0.15736267026787334,0.003719728278671599,0.3568862839675571
YearsWithCurrManager,65,0.15729924472968765,7.649666988800687e-4,0.3620558681243696
Gender_Male,70,-0.1572222703327829,4.8042138122646953e-4,0.3623785051143624
TrainingTimesLastYear,52,0.15713674707236686,0.002563864415846373,0.35911763857005125
YearsInCurrentRole,76,0.15702206495609694,2.749147774790711e-4,0.3625891229427948
Department_Research...Development,23,0.15700083592253722,0.03807257286255448,0.27070617891247667
Gender_Female,62,0.1568487944708435,0.001011240956455785,0.36173779317598387
Gender_Male,69,-0.15678944704161824,5.272618728125192e-4,0.3623298698791808
YearsInCurrentRole,75,0.156516821510417,3.017186288990788e-4,0.3625643260515155
Gender_Male,68,-0.15631833057914243,5.786692545032966e-4,0.362274724273457
NumCompaniesWorked,49,-0.15610694684466012,0.0033892778703951388,0.3575584590141311
YearsWithCurrManager,64,0.15603503835465862,8.395500076641738e-4,0.36196382696590595
YearsInCurrentRole,74,0.1559658719182473,3.311358227429965e-4,0.3625352485239564
Department_Research...Development,41,0.1558949338774445,0.007134105036297602,0.34893757609222753
Gender_Female,61,0.15586958473051554,0.0011098357013262414,0.3616011962312166
Gender_Male,67,-0.1558061905478552,6.35088792446155e-4,0.3622124809128614
RelationshipSatisfaction,29,0.15567276801117177,0.021786525965693648,0.3126143885653771
TrainingTimesLastYear,51,0.15563679390181615,0.0028138380312829696,0.3586584069105049
YearsInCurrentRole,73,0.15536986139334283,3.634211566709661e-4,0.36250335554747265
Gender_Male,66,-0.15519082847615345,6.970091656881309e-4,0.3621389708220613
WorkLifeBalance,29,0.15507038439354515,0.021786525965693648,0.3126143885653771
Gender_Female,60,0.15481351378507344,0.0012180433121056701,0.361445151152419
YearsInCurrentRole,72,0.1547215267787122,3.988542708004438e-4,0.3624661887046761
YearsWithCurrManager,63,0.15467393778107802,9.214050969811165e-4,0.36185858356393547
Gender_Male,65,-0.15457411891669193,7.649666988800687e-4,0.3620558681243696
YearsInCurrentRole,71,0.154022348265828,4.377420698151201e-4,0.36242380570606114
TrainingTimesLastYear,50,0.1539908129544408,0.0030881837656304705,0.3581500660051783
JobInvolvement,15,0.1538721166831219,0.08013911641062678,0.18044049287694436
Gender_Male,64,-0.15386430369202728,8.395500076641738e-4,0.36196382696590595
NumCompaniesWorked,48,-0.153714784702786,0.003719728278671599,0.3568862839675571
Gender_Female,59,0.15367979589271047,0.0013368010313530461,0.3612668113676365
YearsInCurrentRole,70,0.15327734909829097,4.8042138122646953e-4,0.3623785051143624
YearsWithCurrManager,62,0.1532089430660147,0.001011240956455785,0.36173779317598387
Gender_Male,63,-0.1530842628446877,9.214050969811165e-4,0.36185858356393547
JobSatisfaction,21,0.15265207046545967,0.0458585487997073,0.2528330937662405
YearsInCurrentRole,69,0.15248009640085106,5.272618728125192e-4,0.3623298698791808
Gender_Female,58,0.1524716841138241,0.0014671374816198123,0.3610628161978371
Gender_Male,62,-0.15222402987055145,0.001011240956455785,0.36173779317598387
TrainingTimesLastYear,49,0.1522010131023373,0.0033892778703951388,0.3575584590141311
JobRole_Research.Scientist,58,-0.15216684066546662,0.0014671374816198123,0.3610628161978371
MaritalStatus_Divorced,47,0.15197772993688483,0.00408239719381169,0.35612114930746547
StockOptionLevel,19,0.1518957493558123,0.055236784380377574,0.23145129884950377
YearsWithCurrManager,61,0.15163869466321317,0.0011098357013262414,0.3616011962312166
YearsInCurrentRole,68,0.1516179169349495,5.786692545032966e-4,0.362274724273457
Gender_Male,61,-0.15132110485618863,0.0011098357013262414,0.3616011962312166
Gender_Female,57,0.1512095415012698,0.0016101815748863352,0.36082886696660776
Department_Sales,46,-0.15120447901032463,0.004480425880460647,0.3552550274455445
JobRole_Laboratory.Technician,17,-0.15119373960412838,0.06653290233867579,0.20698173981391432
NumCompaniesWorked,47,-0.1511768031354314,0.00408239719381169,0.35612114930746547
JobRole_Sales.Executive,77,0.15113916068814037,2.5049210634470686e-4,0.36261119687824717
YearsInCurrentRole,67,0.15068128688025129,6.35088792446155e-4,0.3622124809128614
Gender_Male,60,-0.15033322835103954,0.0012180433121056701,0.361445151152419
TrainingTimesLastYear,48,0.15028533850630518,0.003719728278671599,0.3568862839675571
YearsWithCurrManager,60,0.14995468652100993,0.0012180433121056701,0.361445151152419
Gender_Female,56,0.14981807775284145,0.0017671722906574176,0.3605630327202353
YearsInCurrentRole,66,0.14967823171563419,6.970091656881309e-4,0.3621389708220613
Gender_Male,59,-0.1492491212913974,0.0013368010313530461,0.3612668113676365
JobRole_Human.Resources,31,-0.1488438231886375,0.018087556605282298,0.32169487980111905
YearsInCurrentRole,65,0.14859005562978997,7.649666988800687e-4,0.3620558681243696
NumCompaniesWorked,46,-0.14849204737211544,0.004480425880460647,0.3552550274455445
Gender_Female,55,0.14837980472607817,0.001939469407410052,0.3602582895122597
TrainingTimesLastYear,47,0.14824544374614113,0.00408239719381169,0.35612114930746547
YearsWithCurrManager,59,0.14815111687249838,0.0013368010313530461,0.3612668113676365
Gender_Male,58,-0.14805269015336905,0.0014671374816198123,0.3610628161978371
YearsSinceLastPromotion,84,-0.14777859512441455,1.3060679185598e-4,0.36270900867236205
YearsSinceLastPromotion,83,-0.14768992481760865,1.4334079282694658e-4,0.3626996358496665
YearsSinceLastPromotion,82,-0.14759333438567301,1.573163431723698e-4,0.36268878304664653
YearsSinceLastPromotion,81,-0.14748823352760276,1.726544924235578e-4,0.36267670590257495
YearsInCurrentRole,64,0.14740424487099466,8.395500076641738e-4,0.36196382696590595
YearsSinceLastPromotion,80,-0.1473721682620258,1.894880922916849e-4,0.36266329993878255
YearsSinceLastPromotion,79,-0.1472472514900901,2.0796294736575847e-4,0.3626476335247683
YearsSinceLastPromotion,78,-0.14710978619162368,2.2823907800221732e-4,0.36263078551494077
YearsSinceLastPromotion,77,-0.14696029430815305,2.5049210634470686e-4,0.36261119687824717
Gender_Female,54,0.14693888389370913,0.002128565280344081,0.3599126037612435
YearsSinceLastPromotion,76,-0.14679797530183353,2.749147774790711e-4,0.3625891229427948
Gender_Male,57,-0.14671836030420238,0.0016101815748863352,0.36082886696660776
EducationField_Other,28,0.1466864929319718,0.02391068535173119,0.3072782442919343
RelationshipSatisfaction,28,0.14662661465680465,0.02391068535173119,0.3072782442919343
YearsSinceLastPromotion,75,-0.14661957636709325,3.017186288990788e-4,0.3625643260515155
YearsSinceLastPromotion,74,-0.14642749171634045,3.311358227429965e-4,0.3625352485239564
MaritalStatus_Divorced,46,0.14638414255599513,0.004480425880460647,0.3552550274455445
YearsWithCurrManager,58,0.1462224711840167,0.0014671374816198123,0.3610628161978371
YearsSinceLastPromotion,73,-0.14621701176734164,3.634211566709661e-4,0.36250335554747265
YearsInCurrentRole,63,0.14612634480400183,9.214050969811165e-4,0.36185858356393547
TrainingTimesLastYear,46,0.1460654411316257,0.004480425880460647,0.3552550274455445
YearsSinceLastPromotion,72,-0.14598863955412428,3.988542708004438e-4,0.3624661887046761
YearsSinceLastPromotion,71,-0.14574551467445435,4.377420698151201e-4,0.36242380570606114
NumCompaniesWorked,45,-0.14565334396980698,0.004917261872688699,0.35427601746796533
WorkLifeBalance,28,0.14564443890663142,0.02391068535173119,0.3072782442919343
Gender_Female,53,0.1455331476460145,0.00233609776744901,0.3595201862708644
YearsSinceLastPromotion,70,-0.14545137925558566,4.8042138122646953e-4,0.3623785051143624
Department_Research...Development,22,0.1454448414121291,0.04178460171579797,0.26203343554047254
Department_Research...Development,42,0.1453846444127125,0.006500330807290316,0.3505174587433949
PerformanceRating,42,-0.14533958169151395,0.006500330807290316,0.3505174587433949
Gender_Male,56,-0.14529339008411726,0.0017671722906574176,0.3605630327202353
YearsSinceLastPromotion,69,-0.14510546108651057,5.272618728125192e-4,0.3623298698791808
EnvironmentSatisfaction,17,0.1449923394912733,0.06653290233867579,0.20698173981391432
YearsInCurrentRole,62,0.1447540907436816,0.001011240956455785,0.36173779317598387
YearsSinceLastPromotion,68,-0.14473141333765144,5.786692545032966e-4,0.362274724273457
OverTime_No,5,0.14438573358328635,0.20318187032564072,0.036036085637855327
OverTime_Yes,5,-0.1443855361426185,0.20318187032564072,0.036036085637855327
YearsSinceLastPromotion,67,-0.14433048397440176,6.35088792446155e-4,0.3622124809128614
YearsWithCurrManager,57,0.14416141069074792,0.0016101815748863352,0.36082886696660776
YearsSinceLastPromotion,66,-0.14387473265735495,6.970091656881309e-4,0.3621389708220613
TrainingTimesLastYear,45,0.1437295033931225,0.004917261872688699,0.35427601746796533
Gender_Male,55,-0.14368413097138272,0.001939469407410052,0.3602582895122597
Gender_Female,52,0.14361205822709838,0.002563864415846373,0.35911763857005125
BusinessTravel_Non.Travel,18,0.14358941107534007,0.06062230266727051,0.21943656292354227
YearsSinceLastPromotion,65,-0.14339191438093182,7.649666988800687e-4,0.3620558681243696
YearsInCurrentRole,61,0.14327931325674673,0.0011098357013262414,0.3616011962312166
YearsSinceLastPromotion,64,-0.14289575359525097,8.395500076641738e-4,0.36196382696590595
NumCompaniesWorked,44,-0.14266135456335044,0.005396688834881921,0.35317097725719754
YearsSinceLastPromotion,63,-0.14235789780324265,9.214050969811165e-4,0.36185858356393547
YearsWithCurrManager,56,0.14196628583339319,0.0017671722906574176,0.3605630327202353
Gender_Male,54,-0.14193489914058444,0.002128565280344081,0.3599126037612435
YearsSinceLastPromotion,62,-0.14177728441735804,0.001011240956455785,0.36173779317598387
YearsInCurrentRole,60,0.14169772097407124,0.0012180433121056701,0.361445151152419
StockOptionLevel,18,0.1416262739545725,0.06062230266727051,0.21943656292354227
Gender_Female,51,0.14144454125172268,0.0028138380312829696,0.3586584069105049
TrainingTimesLastYear,44,0.14124162416048358,0.005396688834881921,0.35317097725719754
JobSatisfaction,20,0.1411999412065949,0.050329700694981834,0.24270222693166177
YearsSinceLastPromotion,61,-0.1411473255636571,0.0011098357013262414,0.3616011962312166
JobRole_Sales.Executive,76,0.1406709366284126,2.749147774790711e-4,0.3625891229427948
MaritalStatus_Divorced,45,0.1405923032414452,0.004917261872688699,0.35427601746796533
JobRole_Healthcare.Representative,26,0.1405752668518721,0.028800505156174022,0.29474201045148735
YearsSinceLastPromotion,60,-0.1404647542909675,0.0012180433121056701,0.361445151152419
Gender_Male,53,-0.14010160429666155,0.00233609776744901,0.3595201862708644
YearsInCurrentRole,59,0.14000421668525065,0.0013368010313530461,0.3612668113676365
YearsSinceLastPromotion,59,-0.13972503772813222,0.0013368010313530461,0.3612668113676365
YearsWithCurrManager,55,0.1396164295139339,0.001939469407410052,0.3602582895122597
NumCompaniesWorked,43,-0.13951290006384373,0.005922859334033068,0.3519241192592846
EducationField_Marketing,24,-0.1393168696875246,0.03469031042185292,0.2793493821504954
YearsSinceLastPromotion,58,-0.13892294400077262,0.0014671374816198123,0.3610628161978371
Gender_Female,50,0.1387590134529166,0.0030881837656304705,0.3581500660051783
TrainingTimesLastYear,43,0.1385999010013208,0.005922859334033068,0.3519241192592846
Gender_Male,52,-0.13853400741339095,0.002563864415846373,0.35911763857005125
JobRole_Manager,36,0.13836120986480172,0.0113595126951847,0.3379337135395595
YearsInCurrentRole,58,0.13819348253300529,0.0014671374816198123,0.3610628161978371
YearsSinceLastPromotion,57,-0.13805649428909375,0.0016101815748863352,0.36082886696660776
EducationField_Technical.Degree,20,-0.13772573129591406,0.050329700694981834,0.24270222693166177
RelationshipSatisfaction,27,0.13726777594827422,0.02624194765561788,0.301326935666394
YearsWithCurrManager,54,0.13716801794551414,0.002128565280344081,0.3599126037612435
YearsSinceLastPromotion,56,-0.13711422785059107,0.0017671722906574176,0.3605630327202353
Gender_Male,51,-0.13689703158737537,0.0028138380312829696,0.3586584069105049
JobRole_Sales.Representative,7,-0.13654989864547756,0.16868515827025962,0.06632577580388649
Gender_Female,49,0.13653255005256204,0.0033892778703951388,0.3575584590141311
YearsInCurrentRole,57,0.13626566061386608,0.0016101815748863352,0.36082886696660776
NumCompaniesWorked,42,-0.13619966945479298,0.006500330807290316,0.3505174587433949
YearsSinceLastPromotion,55,-0.13609000358279727,0.001939469407410052,0.3602582895122597
Department_Sales,45,-0.13586841402267577,0.004917261872688699,0.35427601746796533
WorkLifeBalance,27,0.13581668971364752,0.02624194765561788,0.301326935666394
TrainingTimesLastYear,42,0.13580349792977506,0.006500330807290316,0.3505174587433949
Gender_Male,50,-0.13527839468013236,0.0030881837656304705,0.3581500660051783
YearsSinceLastPromotion,54,-0.13501363621868404,0.002128565280344081,0.3599126037612435
MaritalStatus_Divorced,44,0.13459339374560012,0.005396688834881921,0.35317097725719754
JobInvolvement,14,0.13457554493578194,0.08795258132836721,0.16780870086071736
YearsWithCurrManager,53,0.13446449503124122,0.00233609776744901,0.3595201862708644
YearsInCurrentRole,56,0.13420960974110105,0.0017671722906574176,0.3605630327202353
Gender_Female,48,0.13404393738452883,0.003719728278671599,0.3568862839675571
YearsSinceLastPromotion,53,-0.13392462351334927,0.00233609776744901,0.3595201862708644
JobRole_Research.Scientist,57,-0.13353371084996862,0.0016101815748863352,0.36082886696660776
Department_Research...Development,21,0.13336002739950195,0.0458585487997073,0.2528330937662405
Gender_Male,49,-0.13302326695631153,0.0033892778703951388,0.3575584590141311
TrainingTimesLastYear,41,0.13283685922873123,0.007134105036297602,0.34893757609222753
Department_Research...Development,43,0.13277681817881223,0.005922859334033068,0.3519241192592846
NumCompaniesWorked,41,-0.13272689417180228,0.007134105036297602,0.34893757609222753
JobRole_Manufacturing.Director,20,0.13268089565319627,0.050329700694981834,0.24270222693166177
YearsSinceLastPromotion,52,-0.13265257016671675,0.002563864415846373,0.35911763857005125
YearsInCurrentRole,55,0.13202348438032188,0.001939469407410052,0.3602582895122597
YearsWithCurrManager,52,0.13184411691059325,0.002563864415846373,0.35911763857005125
Gender_Female,47,0.13145647299785723,0.00408239719381169,0.35612114930746547
EnvironmentSatisfaction,16,0.1313366767867243,0.07301977818136673,0.19397191602786856
YearsSinceLastPromotion,51,-0.1313006270536173,0.0028138380312829696,0.3586584069105049
StockOptionLevel,17,0.13112561144398607,0.06653290233867579,0.20698173981391432
BusinessTravel_Travel_Frequently,13,-0.13088574371015876,0.09652784942981063,0.1550980674820616
Gender_Male,48,-0.13065577027455372,0.003719728278671599,0.3568862839675571
JobRole_Sales.Executive,75,0.12992322571365791,3.017186288990788e-4,0.3625643260515155
YearsSinceLastPromotion,50,-0.12973644714348356,0.0030881837656304705,0.3581500660051783
YearsInCurrentRole,54,0.12971711435531924,0.002128565280344081,0.3599126037612435
TrainingTimesLastYear,40,0.1296992824471513,0.007829671470234412,0.34716434627406656
JobSatisfaction,19,0.12941026109544884,0.055236784380377574,0.23145129884950377
NumCompaniesWorked,40,-0.1290913026065976,0.007829671470234412,0.34716434627406656
YearsWithCurrManager,51,0.1290506655596404,0.0028138380312829696,0.3586584069105049
Gender_Female,46,0.12856040769871435,0.004480425880460647,0.3552550274455445
MaritalStatus_Divorced,43,0.12833541028855752,0.005922859334033068,0.3519241192592846
YearsSinceLastPromotion,49,-0.12816933951838283,0.0033892778703951388,0.3575584590141311
Gender_Male,47,-0.12804429698316752,0.00408239719381169,0.35612114930746547
EducationField_Other,27,0.12785392162330844,0.02624194765561788,0.301326935666394
RelationshipSatisfaction,26,0.12764355681002432,0.028800505156174022,0.29474201045148735
YearsInCurrentRole,53,0.12732445128806538,0.00233609776744901,0.3595201862708644
YearsSinceLastPromotion,48,-0.12645362471006605,0.003719728278671599,0.3568862839675571
TrainingTimesLastYear,39,0.1263919646992563,0.008593054772798469,0.34517585847057386
YearsWithCurrManager,50,0.1263036558822303,0.0030881837656304705,0.3581500660051783
Gender_Female,45,0.12563695327959312,0.004917261872688699,0.35427601746796533
WorkLifeBalance,26,0.1256099438443384,0.028800505156174022,0.29474201045148735
Gender_Male,46,-0.12532247875641775,0.004480425880460647,0.3552550274455445
NumCompaniesWorked,39,-0.12528559147889798,0.008593054772798469,0.34517585847057386
YearsInCurrentRole,52,0.12483904450280679,0.002563864415846373,0.35911763857005125
JobRole_Human.Resources,30,-0.12478056961874856,0.019851071045083095,0.3173917016003022
YearsSinceLastPromotion,47,-0.1246102800117977,0.00408239719381169,0.35612114930746547
PerformanceRating,41,-0.12369191969548171,0.007134105036297602,0.34893757609222753
YearsWithCurrManager,49,0.12320616204530543,0.0033892778703951388,0.3575584590141311
TrainingTimesLastYear,38,0.12292631185041764,0.009430867004960533,0.34299410935673436
YearsSinceLastPromotion,46,-0.122594913059315,0.004480425880460647,0.3552550274455445
Gender_Male,45,-0.12235933795490683,0.004917261872688699,0.35427601746796533
Gender_Female,44,0.12235908147661549,0.005396688834881921,0.35317097725719754
YearsInCurrentRole,51,0.1222134232082123,0.0028138380312829696,0.3586584069105049
Department_Sales,44,-0.12201546031765054,0.005396688834881921,0.35317097725719754
MaritalStatus_Divorced,42,0.12174303679037574,0.006500330807290316,0.3505174587433949
JobRole_Healthcare.Representative,25,0.12142490203595144,0.03160851885447739,0.28740341007070747
NumCompaniesWorked,38,-0.12130634879906517,0.009430867004960533,0.34299410935673436
Department_Research...Development,20,0.12055176352104942,0.050329700694981834,0.24270222693166177
YearsSinceLastPromotion,45,-0.12041420093636884,0.004917261872688699,0.35427601746796533
YearsWithCurrManager,48,0.11996276859187766,0.003719728278671599,0.3568862839675571
Department_Research...Development,44,0.11987319619200942,0.005396688834881921,0.35317097725719754
StockOptionLevel,16,0.11982665685228648,0.07301977818136673,0.19397191602786856
JobRole_Laboratory.Technician,16,-0.11944932402239011,0.07301977818136673,0.19397191602786856
MaritalStatus_Single,6,-0.11938844705268209,0.18513175295861073,0.05157123607097986
YearsInCurrentRole,50,0.11937746821103763,0.0030881837656304705,0.3581500660051783
TrainingTimesLastYear,37,0.11930435959020624,0.01035036489547338,0.3406035179119267
Gender_Male,44,-0.11927889898281642,0.005396688834881921,0.35317097725719754
Gender_Female,43,0.11887059962807006,0.005922859334033068,0.3519241192592846
JobRole_Sales.Executive,74,0.11809296205963493,3.311358227429965e-4,0.3625352485239564
YearsSinceLastPromotion,44,-0.1180420438209467,0.005396688834881921,0.35317097725719754
RelationshipSatisfaction,25,0.11762910815406782,0.03160851885447739,0.28740341007070747
EducationField_Marketing,23,-0.11739930318949601,0.03807257286255448,0.27070617891247667
EnvironmentSatisfaction,15,0.11717526292062613,0.08013911641062678,0.18044049287694436
NumCompaniesWorked,37,-0.11714628743454891,0.01035036489547338,0.3406035179119267
JobSatisfaction,18,0.11714235781435495,0.06062230266727051,0.21943656292354227
YearsWithCurrManager,47,0.11655218173002861,0.00408239719381169,0.35612114930746547
EducationField_Human.Resources,20,-0.11644177134861851,0.050329700694981834,0.24270222693166177
YearsInCurrentRole,49,0.11643905598761076,0.0033892778703951388,0.3575584590141311
Gender_Male,43,-0.11594733241887888,0.005922859334033068,0.3519241192592846
YearsAtCompany,84,-0.11586094617387088,1.3060679185598e-4,0.36270900867236205
YearsAtCompany,83,-0.11555788150553922,1.4334079282694658e-4,0.3626996358496665
JobRole_Research.Director,21,0.11551812604129305,0.0458585487997073,0.2528330937662405
TrainingTimesLastYear,36,0.11548734195296598,0.0113595126951847,0.3379337135395595
YearsSinceLastPromotion,43,-0.11548729021153846,0.005922859334033068,0.3519241192592846
Gender_Female,42,0.11526764143108417,0.006500330807290316,0.3505174587433949
YearsAtCompany,82,-0.11522342780352654,1.573163431723698e-4,0.36268878304664653
WorkLifeBalance,25,0.11504651085262951,0.03160851885447739,0.28740341007070747
MaritalStatus_Divorced,41,0.11496427336139062,0.007134105036297602,0.34893757609222753
JobRole_Research.Scientist,56,-0.11494173232280336,0.0017671722906574176,0.3605630327202353
YearsAtCompany,81,-0.11485847036772276,1.726544924235578e-4,0.36267670590257495
JobInvolvement,13,0.11478815101631656,0.09652784942981063,0.1550980674820616
YearsAtCompany,80,-0.11446312599623774,1.894880922916849e-4,0.36266329993878255
YearsAtCompany,79,-0.11402619936855334,2.0796294736575847e-4,0.3626476335247683
YearsAtCompany,78,-0.11355683884593078,2.2823907800221732e-4,0.36263078551494077
YearsInCurrentRole,48,0.11334912450170082,0.003719728278671599,0.3568862839675571
YearsAtCompany,77,-0.11304180429145837,2.5049210634470686e-4,0.36261119687824717
YearsWithCurrManager,46,0.11300450303961092,0.004480425880460647,0.3552550274455445
NumCompaniesWorked,36,-0.1128188948950476,0.0113595126951847,0.3379337135395595
YearsSinceLastPromotion,42,-0.11276194022939894,0.006500330807290316,0.3505174587433949
YearsAtCompany,76,-0.11248109331280791,2.749147774790711e-4,0.3625891229427948
Gender_Male,42,-0.112285381339861,0.006500330807290316,0.3505174587433949
YearsAtCompany,75,-0.11187289988965785,3.017186288990788e-4,0.3625643260515155
TrainingTimesLastYear,35,0.11149392951812394,0.012467051159567907,0.33505388278095777
Gender_Female,41,0.11124656915788039,0.007134105036297602,0.34893757609222753
YearsAtCompany,74,-0.11120666589399833,3.311358227429965e-4,0.3625352485239564
YearsAtCompany,73,-0.1104884413850915,3.634211566709661e-4,0.36250335554747265
YearsInCurrentRole,47,0.11013446708435826,0.00408239719381169,0.35612114930746547
OverTime_Yes,4,-0.1099180013162697,0.2229918518529609,0.02189109809994235
YearsSinceLastPromotion,41,-0.109815949983291,0.007134105036297602,0.34893757609222753
OverTime_No,4,0.10978140093964772,0.2229918518529609,0.02189109809994235
YearsAtCompany,72,-0.10970871441624223,3.988542708004438e-4,0.3624661887046761
YearsWithCurrManager,45,0.10924866299142387,0.004917261872688699,0.35427601746796533
Department_Sales,43,-0.10897263106987795,0.005922859334033068,0.3519241192592846
YearsAtCompany,71,-0.1088594578218763,4.377420698151201e-4,0.36242380570606114
Gender_Male,41,-0.1084860912210357,0.007134105036297602,0.34893757609222753
NumCompaniesWorked,35,-0.1084639272242449,0.012467051159567907,0.33505388278095777
MaritalStatus_Divorced,40,0.10793879662456732,0.007829671470234412,0.34716434627406656
YearsAtCompany,70,-0.10791550643673795,4.8042138122646953e-4,0.3623785051143624
StockOptionLevel,15,0.10785215628210831,0.08013911641062678,0.18044049287694436
EducationField_Other,26,0.10773242302972902,0.028800505156174022,0.29474201045148735
BusinessTravel_Non.Travel,17,0.10772005031806377,0.06653290233867579,0.20698173981391432
TrainingTimesLastYear,34,0.10741883302586376,0.013682573256964552,0.3322769013147441
Department_Human.Resources,55,0.1073927612869426,0.001939469407410052,0.3602582895122597
RelationshipSatisfaction,24,0.10736338101781287,0.03469031042185292,0.2793493821504954
Department_Research...Development,19,0.1070916514589761,0.055236784380377574,0.23145129884950377
Gender_Female,40,0.10697208712265646,0.007829671470234412,0.34716434627406656
YearsAtCompany,69,-0.10688474542146853,5.272618728125192e-4,0.3623298698791808
YearsInCurrentRole,46,0.10676788057559584,0.004480425880460647,0.3552550274455445
YearsSinceLastPromotion,40,-0.10666126948283534,0.007829671470234412,0.34716434627406656
JobRole_Sales.Executive,73,0.10655986591112417,3.634211566709661e-4,0.36250335554747265
Department_Research...Development,45,0.10587838216551924,0.004917261872688699,0.35427601746796533
YearsAtCompany,68,-0.1057701244726209,5.786692545032966e-4,0.362274724273457
JobRole_Manufacturing.Director,19,0.10547583452955288,0.055236784380377574,0.23145129884950377
YearsWithCurrManager,44,0.10536947064990382,0.005396688834881921,0.35317097725719754
JobRole_Human.Resources,29,-0.10464186404793772,0.021786525965693648,0.3126143885653771
NumCompaniesWorked,34,-0.10461902719047048,0.013682573256964552,0.3322769013147441
YearsAtCompany,67,-0.10456114615534014,6.35088792446155e-4,0.3622124809128614
Gender_Male,40,-0.10440145153435958,0.007829671470234412,0.34716434627406656
JobSatisfaction,17,0.10402574944569025,0.06653290233867579,0.20698173981391432
WorkLifeBalance,24,0.10402178953001572,0.03469031042185292,0.2793493821504954
JobRole_Manager,35,0.10339865758809018,0.012467051159567907,0.33505388278095777
YearsSinceLastPromotion,39,-0.10331156720546225,0.008593054772798469,0.34517585847057386
YearsInCurrentRole,45,0.10329493837737742,0.004917261872688699,0.35427601746796533
YearsAtCompany,66,-0.10327870837249783,6.970091656881309e-4,0.3621389708220613
TrainingTimesLastYear,33,0.10313667489795711,0.0150166072582869,0.3291465765077483
Gender_Female,39,0.10254698779566958,0.008593054772798469,0.34517585847057386
JobRole_Healthcare.Representative,24,0.10216301068330345,0.03469031042185292,0.2793493821504954
EnvironmentSatisfaction,14,0.10200679733054072,0.08795258132836721,0.16780870086071736
YearsAtCompany,65,-0.10190083029964171,7.649666988800687e-4,0.3620558681243696
YearsWithCurrManager,43,0.10135592515300487,0.005922859334033068,0.3519241192592846
PerformanceRating,40,-0.10122909598394003,0.007829671470234412,0.34716434627406656
NumCompaniesWorked,33,-0.10060383325289601,0.0150166072582869,0.3291465765077483
MaritalStatus_Divorced,39,0.10058863218318895,0.008593054772798469,0.34517585847057386
YearsAtCompany,64,-0.10037980937879341,8.395500076641738e-4,0.36196382696590595
Gender_Male,39,-0.09995138175907328,0.008593054772798469,0.34517585847057386
YearsSinceLastPromotion,38,-0.09969846469209873,0.009430867004960533,0.34299410935673436
YearsInCurrentRole,44,0.09967200453942582,0.005396688834881921,0.35317097725719754
EducationField_Technical.Degree,19,-0.099445997873224945,0.055236784380377574,0.23145129884950377
YearsAtCompany,63,-0.09874314941363983,9.214050969811165e-4,0.36185858356393547
TrainingTimesLastYear,32,0.09864859487939093,0.01648070792786394,0.3256214303482414
Gender_Female,38,0.0977307216920691,0.009430867004960533,0.34299410935673436
YearsWithCurrManager,42,0.09718403263856108,0.006500330807290316,0.3505174587433949
RelationshipSatisfaction,23,0.09704705168951347,0.03807257286255448,0.27070617891247667
YearsAtCompany,62,-0.09698606830551296,0.001011240956455785,0.36173779317598387
Department_Sales,42,-0.09656827462765695,0.006500330807290316,0.3505174587433949
EducationField_Marketing,22,-0.09651247833254269,0.04178460171579797,0.26203343554047254
NumCompaniesWorked,32,-0.09641072954808079,0.01648070792786394,0.3256214303482414
StockOptionLevel,14,0.09622453289457313,0.08795258132836721,0.16780870086071736
YearsInCurrentRole,43,0.09591995284909617,0.005922859334033068,0.3519241192592846
YearsSinceLastPromotion,37,-0.09583290396376312,0.01035036489547338,0.3406035179119267
BusinessTravel_Travel_Frequently,12,-0.09564824781343975,0.10593919558491677,0.14174565720426993
Gender_Male,38,-0.0954161102172006,0.009430867004960533,0.34299410935673436
JobRole_Research.Scientist,55,-0.09517308087561169,0.001939469407410052,0.3602582895122597
YearsAtCompany,61,-0.09510179771234438,0.0011098357013262414,0.3616011962312166
JobInvolvement,12,0.09438747257988112,0.10593919558491677,0.14174565720426993
JobRole_Sales.Executive,72,0.09408288422467408,3.988542708004438e-4,0.3624661887046761
TrainingTimesLastYear,31,0.09391748644987402,0.018087556605282298,0.32169487980111905
MaritalStatus_Divorced,38,0.09327059414495778,0.009430867004960533,0.34299410935673436
YearsAtCompany,60,-0.09308434579090581,0.0012180433121056701,0.361445151152419
YearsWithCurrManager,41,0.0929203786024451,0.007134105036297602,0.34893757609222753
Gender_Female,37,0.09273934281870244,0.01035036489547338,0.3406035179119267
WorkLifeBalance,23,0.09254041329862976,0.03807257286255448,0.27070617891247667
YearsInCurrentRole,42,0.09206844086278254,0.006500330807290316,0.3505174587433949
NumCompaniesWorked,31,-0.09201053273658524,0.018087556605282298,0.32169487980111905
YearsSinceLastPromotion,36,-0.09172749205832441,0.0113595126951847,0.3379337135395595
JobLevel,26,0.09116783953969128,0.028800505156174022,0.29474201045148735
JobLevel,27,0.09102378445291713,0.02624194765561788,0.301326935666394
JobLevel,28,0.09092856881267357,0.02391068535173119,0.3072782442919343
YearsAtCompany,59,-0.09092808623772461,0.0013368010313530461,0.3612668113676365
JobLevel,25,0.09086617267119486,0.03160851885447739,0.28740341007070747
JobLevel,29,0.09066004465439612,0.021786525965693648,0.3126143885653771
Gender_Male,37,-0.09062851376768198,0.01035036489547338,0.3406035179119267
JobSatisfaction,16,0.09060859779789748,0.07301977818136673,0.19397191602786856
JobLevel,24,0.0903182047505471,0.03469031042185292,0.2793493821504954
JobLevel,30,0.09027311358876457,0.019851071045083095,0.3173917016003022
JobLevel,31,0.08996633108136941,0.018087556605282298,0.32169487980111905
Department_Research...Development,46,0.08961540074041259,0.004480425880460647,0.3552550274455445
JobLevel,23,0.08921174708387823,0.03807257286255448,0.27070617891247667
TrainingTimesLastYear,30,0.08898444971693598,0.019851071045083095,0.3173917016003022
JobLevel,22,0.088648616005505,0.04178460171579797,0.26203343554047254
YearsAtCompany,58,-0.08862786848679381,0.0014671374816198123,0.3610628161978371
YearsWithCurrManager,40,0.08855054151549538,0.007829671470234412,0.34716434627406656
Department_Research...Development,18,0.08832050301562488,0.06062230266727051,0.21943656292354227
JobLevel,32,0.08831224693640777,0.01648070792786394,0.3256214303482414
JobLevel,21,0.08825512118098312,0.0458585487997073,0.2528330937662405
YearsInCurrentRole,41,0.0880769026795552,0.007134105036297602,0.34893757609222753
JobLevel,20,0.08772685650609849,0.050329700694981834,0.24270222693166177
JobRole_Laboratory.Technician,15,-0.08771003818677356,0.08013911641062678,0.18044049287694436
Gender_Female,36,0.08747231528216154,0.0113595126951847,0.3379337135395595
NumCompaniesWorked,30,-0.08727438662414841,0.019851071045083095,0.3173917016003022
YearsSinceLastPromotion,35,-0.0870648506913611,0.012467051159567907,0.33505388278095777
JobLevel,19,0.08699942763818944,0.055236784380377574,0.23145129884950377
RelationshipSatisfaction,22,0.08667243708641259,0.04178460171579797,0.26203343554047254
EnvironmentSatisfaction,13,0.08621345649249565,0.09652784942981063,0.1550980674820616
YearsAtCompany,57,-0.08618140847572235,0.0016101815748863352,0.36082886696660776
EducationField_Other,25,0.08612720180934075,0.03160851885447739,0.28740341007070747
MaritalStatus_Divorced,37,0.0859256852313035,0.01035036489547338,0.3406035179119267
JobLevel,33,0.08578220389817642,0.0150166072582869,0.3291465765077483
Gender_Male,36,-0.0854755872018355,0.0113595126951847,0.3379337135395595
Department_Sales,41,-0.08534244971885123,0.007134105036297602,0.34893757609222753
JobLevel,18,0.0850714751027177,0.06062230266727051,0.21943656292354227
EducationField_Medical,65,0.08497636546700237,7.649666988800687e-4,0.3620558681243696
EducationField_Medical,64,0.08496514629709305,8.395500076641738e-4,0.36196382696590595
EducationField_Medical,63,0.08493766515818675,9.214050969811165e-4,0.36185858356393547
EducationField_Medical,66,0.08490570072492735,6.970091656881309e-4,0.3621389708220613
EducationField_Medical,62,0.08489784360816806,0.001011240956455785,0.36173779317598387
EducationField_Medical,67,0.08484939999152774,6.35088792446155e-4,0.3622124809128614
EducationField_Medical,61,0.08482298988560963,0.0011098357013262414,0.3616011962312166
EducationField_Medical,68,0.08480903643728957,5.786692545032966e-4,0.362274724273457
EducationField_Medical,69,0.08474742488078539,5.272618728125192e-4,0.3623298698791808
EducationField_Medical,60,0.08472144324068158,0.0012180433121056701,0.361445151152419
EducationField_Medical,70,0.08467983109605429,4.8042138122646953e-4,0.3623785051143624
EducationField_Medical,59,0.08459012116495271,0.0013368010313530461,0.3612668113676365
EducationField_Medical,71,0.08456459380380196,4.377420698151201e-4,0.36242380570606114
EducationField_Medical,58,0.08442642360543819,0.0014671374816198123,0.3610628161978371
EducationField_Medical,72,0.08441730273573263,3.988542708004438e-4,0.3624661887046761
StockOptionLevel,13,0.08429451948096445,0.09652784942981063,0.1550980674820616
EducationField_Medical,73,0.08428868913448029,3.634211566709661e-4,0.36250335554747265
EducationField_Medical,57,0.08423640798883342,0.0016101815748863352,0.36082886696660776
JobRole_Human.Resources,28,-0.08422385940283997,0.02391068535173119,0.3072782442919343
EducationField_Medical,74,0.08417404393080741,3.311358227429965e-4,0.3625352485239564
EducationField_Medical,75,0.08405362141468008,3.017186288990788e-4,0.3625643260515155
YearsWithCurrManager,39,0.08405045484234369,0.008593054772798469,0.34517585847057386
EducationField_Medical,56,0.0839936103575923,0.0017671722906574176,0.3605630327202353
YearsInCurrentRole,40,0.0839745786824597,0.007829671470234412,0.34716434627406656
EducationField_Medical,76,0.08394887676811158,2.749147774790711e-4,0.3625891229427948
EducationField_Medical,77,0.08384619665722233,2.5049210634470686e-4,0.36261119687824717
TrainingTimesLastYear,29,0.08380789346522848,0.021786525965693648,0.3126143885653771
EducationField_Medical,78,0.0837487485091256,2.2823907800221732e-4,0.36263078551494077
EducationField_Medical,55,0.08370694427214442,0.001939469407410052,0.3602582895122597
EducationField_Medical,79,0.08366210162938365,2.0796294736575847e-4,0.3626476335247683
YearsAtCompany,56,-0.08358067506876264,0.0017671722906574176,0.3605630327202353
EducationField_Medical,80,0.08357212916985679,1.894880922916849e-4,0.36266329993878255
EducationField_Medical,81,0.08349468379952019,1.726544924235578e-4,0.36267670590257495
JobRole_Healthcare.Representative,23,0.08346010353422464,0.03807257286255448,0.27070617891247667
EducationField_Medical,82,0.08341965484432916,1.573163431723698e-4,0.36268878304664653
EducationField_Medical,54,0.08340113321515223,0.002128565280344081,0.3599126037612435
JobLevel,34,0.08336039758599802,0.013682573256964552,0.3322769013147441
EducationField_Medical,83,0.08334898883295189,1.4334079282694658e-4,0.3626996358496665
EducationField_Medical,84,0.08328685838086808,1.3060679185598e-4,0.36270900867236205
EducationField_Medical,53,0.08308646698542754,0.00233609776744901,0.3595201862708644
EducationField_Medical,52,0.08249266548658604,0.002563864415846373,0.35911763857005125
NumCompaniesWorked,29,-0.08234050407936933,0.021786525965693648,0.3126143885653771
Gender_Female,35,0.08218277491160504,0.012467051159567907,0.33505388278095777
JobLevel,17,0.08218187018347521,0.06653290233867579,0.20698173981391432
JobRole_Manufacturing.Director,18,0.08184033891158612,0.06062230266727051,0.21943656292354227
EducationField_Medical,51,0.08179935545654012,0.0028138380312829696,0.3586584069105049
JobRole_Sales.Executive,71,0.08116705962795595,4.377420698151201e-4,0.36242380570606114
EducationField_Medical,50,0.08088800510150952,0.0030881837656304705,0.3581500660051783
YearsSinceLastPromotion,34,-0.08086257694984254,0.013682573256964552,0.3322769013147441
YearsAtCompany,55,-0.08081289409519725,0.001939469407410052,0.3602582895122597
JobLevel,35,0.08074531016162483,0.012467051159567907,0.33505388278095777
WorkLifeBalance,22,0.08024263417493951,0.04178460171579797,0.26203343554047254
EducationField_Medical,49,0.07988856613105932,0.0033892778703951388,0.3575584590141311
JobRole_Sales.Representative,6,-0.07981939735105527,0.18513175295861073,0.05157123607097986
YearsInCurrentRole,39,0.07979970667879208,0.008593054772798469,0.34517585847057386
Gender_Male,35,-0.07971261623542829,0.012467051159567907,0.33505388278095777
JobLevel,36,0.07969904106508484,0.0113595126951847,0.3379337135395595
YearsWithCurrManager,38,0.07949543341765195,0.009430867004960533,0.34299410935673436
JobLevel,37,0.07895329508534246,0.01035036489547338,0.3406035179119267
JobLevel,16,0.07895109051091033,0.07301977818136673,0.19397191602786856
EducationField_Medical,48,0.07878545191258296,0.003719728278671599,0.3568862839675571
TrainingTimesLastYear,28,0.07842295262893893,0.02391068535173119,0.3072782442919343
MaritalStatus_Divorced,36,0.07836450950982805,0.0113595126951847,0.3379337135395595
JobLevel,38,0.07819925077586319,0.009430867004960533,0.34299410935673436
PerformanceRating,39,-0.07800345675447298,0.008593054772798469,0.34517585847057386
YearsAtCompany,54,-0.0779349527583692,0.002128565280344081,0.3599126037612435
JobLevel,39,0.07764538324782798,0.008593054772798469,0.34517585847057386
EducationField_Medical,47,0.07760945426009747,0.00408239719381169,0.35612114930746547
NumCompaniesWorked,28,-0.07723591893790269,0.02391068535173119,0.3072782442919343
MaritalStatus_Single,5,-0.07718877709330726,0.20318187032564072,0.036036085637855327
JobLevel,40,0.0771154373495213,0.007829671470234412,0.34716434627406656
JobSatisfaction,15,0.07707077726041112,0.08013911641062678,0.18044049287694436
JobLevel,41,0.07681271575702288,0.007134105036297602,0.34893757609222753
JobLevel,42,0.07649364803727829,0.006500330807290316,0.3505174587433949
EducationField_Medical,46,0.07630959434660192,0.004480425880460647,0.3552550274455445
Gender_Female,34,0.07618791939236384,0.013682573256964552,0.3322769013147441
JobLevel,43,0.07604718596823612,0.005922859334033068,0.3519241192592846
RelationshipSatisfaction,21,0.07603710082770904,0.0458585487997073,0.2528330937662405
JobLevel,44,0.0758345738311741,0.005396688834881921,0.35317097725719754
JobLevel,51,0.07574089459051297,0.0028138380312829696,0.3586584069105049
JobLevel,45,0.07561526127310667,0.004917261872688699,0.35427601746796533
YearsInCurrentRole,38,0.07552645894720139,0.009430867004960533,0.34299410935673436
JobLevel,50,0.07538069256222268,0.0030881837656304705,0.3581500660051783
EducationField_Marketing,21,-0.07534441802855117,0.0458585487997073,0.2528330937662405
JobLevel,49,0.07533987875964478,0.0033892778703951388,0.3575584590141311
JobLevel,47,0.07530986553992126,0.00408239719381169,0.35612114930746547
JobLevel,46,0.07530180674834706,0.004480425880460647,0.3552550274455445
JobLevel,48,0.07522559222910964,0.003719728278671599,0.3568862839675571
JobLevel,15,0.07518810371273928,0.08013911641062678,0.18044049287694436
YearsWithCurrManager,37,0.07485766153701864,0.01035036489547338,0.3406035179119267
EducationField_Medical,45,0.07481879484566895,0.004917261872688699,0.35427601746796533
YearsAtCompany,53,-0.07479415312509265,0.00233609776744901,0.3595201862708644
Department_Sales,40,-0.07476870312022844,0.007829671470234412,0.34716434627406656
JobLevel,52,0.07464678363362898,0.002563864415846373,0.35911763857005125
YearsSinceLastPromotion,33,-0.07446926229132243,0.0150166072582869,0.3291465765077483
OverTime_Yes,3,-0.07438784142439345,0.24473328212363502,0.012766027505547168
OverTime_No,3,0.07424525510425777,0.24473328212363502,0.012766027505547168
Gender_Male,34,-0.07398073868053288,0.013682573256964552,0.3322769013147441
JobLevel,53,0.07396333129082326,0.00233609776744901,0.3595201862708644
JobRole_Manager,34,0.0732605312050852,0.013682573256964552,0.3322769013147441
EducationField_Medical,44,0.07319943008846035,0.005396688834881921,0.35317097725719754
JobRole_Research.Scientist,54,-0.07317362109170995,0.002128565280344081,0.3599126037612435
JobLevel,54,0.07316576366601629,0.002128565280344081,0.3599126037612435
JobInvolvement,11,0.07304866862940984,0.11626813637177358,0.12772107627145066
Department_Research...Development,47,0.07292787142090784,0.00408239719381169,0.35612114930746547
TrainingTimesLastYear,27,0.07282993150378395,0.02624194765561788,0.301326935666394
JobRole_Research.Director,20,0.07277341881371192,0.050329700694981834,0.24270222693166177
BusinessTravel_Non.Travel,16,0.07267748347843377,0.07301977818136673,0.19397191602786856
JobLevel,55,0.07255779055771353,0.001939469407410052,0.3602582895122597
StockOptionLevel,12,0.07218942046868979,0.10593919558491677,0.14174565720426993
JobLevel,14,0.07212915537467011,0.08795258132836721,0.16780870086071736
NumCompaniesWorked,27,-0.07196482050324533,0.02624194765561788,0.301326935666394
YearsAtCompany,52,-0.07172723857379588,0.002563864415846373,0.35911763857005125
EducationField_Medical,43,0.07146440594450769,0.005922859334033068,0.3519241192592846
YearsInCurrentRole,37,0.07119739112673744,0.01035036489547338,0.3406035179119267
MaritalStatus_Divorced,35,0.0708418943161337,0.012467051159567907,0.33505388278095777
YearsWithCurrManager,36,0.07016019551912141,0.0113595126951847,0.3379337135395595
EnvironmentSatisfaction,12,0.07000359825783985,0.10593919558491677,0.14174565720426993
Gender_Female,33,0.06984141323621838,0.0150166072582869,0.3291465765077483
JobLevel,56,0.06964141497214332,0.0017671722906574176,0.3605630327202353
EducationField_Medical,42,0.06963210007309514,0.006500330807290316,0.3505174587433949
YearsAtCompany,51,-0.0684651896900074,0.0028138380312829696,0.3586584069105049
JobLevel,13,0.06840728527783073,0.09652784942981063,0.1550980674820616
Gender_Male,33,-0.06794016213830388,0.0150166072582869,0.3291465765077483
YearsSinceLastPromotion,32,-0.06789589869723997,0.01648070792786394,0.3256214303482414
JobRole_Sales.Executive,70,0.067798751840162,4.8042138122646953e-4,0.3623785051143624
EducationField_Medical,41,0.0676532366346545,0.007134105036297602,0.34893757609222753
Education,84,-0.06746509711480182,1.3060679185598e-4,0.36270900867236205
Education,83,-0.06740243770125336,1.4334079282694658e-4,0.3626996358496665
Education,82,-0.06733400952248712,1.573163431723698e-4,0.36268878304664653
WorkLifeBalance,21,0.06731283569578177,0.0458585487997073,0.2528330937662405
Education,81,-0.06725873342787539,1.726544924235578e-4,0.36267670590257495
Education,80,-0.06717598482131378,1.894880922916849e-4,0.36266329993878255
Education,79,-0.06708579738940283,2.0796294736575847e-4,0.3626476335247683
TrainingTimesLastYear,26,0.0670626072505436,0.028800505156174022,0.29474201045148735
Education,78,-0.06698593132152386,2.2823907800221732e-4,0.36263078551494077
Education,77,-0.06687688709438797,2.5049210634470686e-4,0.36261119687824717
YearsInCurrentRole,36,0.06678669139269158,0.0113595126951847,0.3379337135395595
Education,76,-0.06675700645901278,2.749147774790711e-4,0.3625891229427948
JobLevel,57,0.06674977139485935,0.0016101815748863352,0.36082886696660776
Education,75,-0.06662513815386688,3.017186288990788e-4,0.3625643260515155
NumCompaniesWorked,26,-0.06655527202123067,0.028800505156174022,0.29474201045148735
Education,74,-0.06648154326643094,3.311358227429965e-4,0.3625352485239564
Education,73,-0.06632262108609054,3.634211566709661e-4,0.36250335554747265
Education,72,-0.06614912889433926,3.988542708004438e-4,0.3624661887046761
Education,71,-0.06595250942674437,4.377420698151201e-4,0.36242380570606114
YearsWithCurrManager,35,0.06587350850737306,0.012467051159567907,0.33505388278095777
Education,70,-0.06571027659501194,4.8042138122646953e-4,0.3623785051143624
EducationField_Medical,40,0.06554109646398178,0.007829671470234412,0.34716434627406656
Education,69,-0.06543115737315386,5.272618728125192e-4,0.3623298698791808
YearsAtCompany,50,-0.06520102424868013,0.0030881837656304705,0.3581500660051783
Education,68,-0.0651269090859185,5.786692545032966e-4,0.362274724273457
RelationshipSatisfaction,20,0.06496788375826419,0.050329700694981834,0.24270222693166177
Education,67,-0.06479616351980559,6.35088792446155e-4,0.3622124809128614
JobLevel,12,0.06472864655214595,0.10593919558491677,0.14174565720426993
Department_Sales,39,-0.06467352381524624,0.008593054772798469,0.34517585847057386
Education,66,-0.06444088811181825,6.970091656881309e-4,0.3621389708220613
JobRole_Healthcare.Representative,22,0.06428062557888296,0.04178460171579797,0.26203343554047254
MaritalStatus_Divorced,34,0.06426960758080258,0.013682573256964552,0.3322769013147441
EducationField_Other,24,0.06414924208379746,0.03469031042185292,0.2793493821504954
Education,65,-0.06405283280243386,7.649666988800687e-4,0.3620558681243696
JobLevel,58,0.06384152381774094,0.0014671374816198123,0.3610628161978371
YearsWithCurrManager,34,0.06372551343864452,0.013682573256964552,0.3322769013147441
Education,64,-0.063629126206495,8.395500076641738e-4,0.36196382696590595
EducationField_Medical,39,0.06331142779801359,0.008593054772798469,0.34517585847057386
Education,63,-0.06316884898388364,9.214050969811165e-4,0.36185858356393547
JobRole_Human.Resources,27,-0.06316036180950711,0.02624194765561788,0.301326935666394
JobSatisfaction,14,0.06311351859673305,0.08795258132836721,0.16780870086071736
Gender_Female,32,0.06294312487799483,0.01648070792786394,0.3256214303482414
YearsInCurrentRole,35,0.06278432119607325,0.012467051159567907,0.33505388278095777
Education,62,-0.06266827049821691,0.001011240956455785,0.36173779317598387
PerformanceRating,38,-0.062155438496299925,0.009430867004960533,0.34299410935673436
Education,61,-0.06212591247253736,0.0011098357013262414,0.3616011962312166
Gender_Male,32,-0.06176920018108749,0.01648070792786394,0.3256214303482414
YearsAtCompany,49,-0.06159650315961951,0.0033892778703951388,0.3575584590141311
Education,60,-0.06153773293383834,0.0012180433121056701,0.361445151152419
JobRole_Laboratory.Technician,14,-0.061522971212256465,0.08795258132836721,0.16780870086071736
YearsWithCurrManager,33,0.06151971481888376,0.0150166072582869,0.3291465765077483
JobLevel,59,0.06119170422907088,0.0013368010313530461,0.3612668113676365
YearsSinceLastPromotion,31,-0.0611749847054323,0.018087556605282298,0.32169487980111905
TrainingTimesLastYear,25,0.06105029192477454,0.03160851885447739,0.28740341007070747
NumCompaniesWorked,25,-0.060987481473808315,0.03160851885447739,0.28740341007070747
Education,59,-0.06090024638986021,0.0013368010313530461,0.3612668113676365
EducationField_Technical.Degree,18,-0.060804585345207045,0.06062230266727051,0.21943656292354227
EducationField_Medical,38,0.06062047104582789,0.009430867004960533,0.34299410935673436
YearsInCurrentRole,34,0.06051648212142554,0.013682573256964552,0.3322769013147441
Education,58,-0.06020979355389256,0.0014671374816198123,0.3610628161978371
StockOptionLevel,11,0.05971675465086202,0.11626813637177358,0.12772107627145066
JobRole_Manufacturing.Director,17,0.05971650325001104,0.06653290233867579,0.20698173981391432
JobLevel,11,0.05947923730997932,0.11626813637177358,0.12772107627145066
Education,57,-0.05946135158385967,0.0016101815748863352,0.36082886696660776
BusinessTravel_Travel_Frequently,11,-0.05930133040797448,0.11626813637177358,0.12772107627145066
Department_Research...Development,17,0.05928410249124526,0.06653290233867579,0.20698173981391432
YearsWithCurrManager,32,0.05924879466144686,0.01648070792786394,0.3256214303482414
JobLevel,60,0.05866656514833729,0.0012180433121056701,0.361445151152419
Education,56,-0.058652400763506446,0.0017671722906574176,0.3605630327202353
YearsInCurrentRole,33,0.05819985614863339,0.0150166072582869,0.3291465765077483
YearsAtCompany,48,-0.05784406900977239,0.003719728278671599,0.3568862839675571
Education,55,-0.05777796151042853,0.001939469407410052,0.3602582895122597
EducationField_Medical,37,0.057436312867259,0.01035036489547338,0.3406035179119267
MaritalStatus_Divorced,33,0.05742291688157481,0.0150166072582869,0.3291465765077483
JobLevel,84,0.0572546306668602,1.3060679185598e-4,0.36270900867236205
YearsWithCurrManager,31,0.056990781242610804,0.018087556605282298,0.32169487980111905
Education,54,-0.05685792401083449,0.002128565280344081,0.3599126037612435
JobLevel,83,0.056370868075241214,1.4334079282694658e-4,0.3626996358496665
JobLevel,61,0.056262330176511284,0.0011098357013262414,0.3616011962312166
Gender_Female,31,0.056233484688728,0.018087556605282298,0.32169487980111905
Education,53,-0.05585543236910835,0.00233609776744901,0.3595201862708644
YearsInCurrentRole,32,0.05585181104235314,0.01648070792786394,0.3256214303482414
Department_Sales,38,-0.055511110339023416,0.009430867004960533,0.34299410935673436
JobLevel,82,0.05536814921031416,1.573163431723698e-4,0.36268878304664653
NumCompaniesWorked,24,-0.05533693145410268,0.03469031042185292,0.2793493821504954
PerformanceRating,37,-0.05496024040356687,0.01035036489547338,0.3406035179119267
Education,52,-0.05479312479920247,0.002563864415846373,0.35911763857005125
YearsWithCurrManager,30,0.054694727331742625,0.019851071045083095,0.3173917016003022
TrainingTimesLastYear,24,0.05468945339444217,0.03469031042185292,0.2793493821504954
Gender_Male,31,-0.05461959143102235,0.018087556605282298,0.32169487980111905
JobLevel,81,0.054294779486228684,1.726544924235578e-4,0.36267670590257495
YearsSinceLastPromotion,30,-0.05419450968910501,0.019851071045083095,0.3173917016003022
JobRole_Sales.Executive,69,0.05417948218080054,5.272618728125192e-4,0.3623298698791808
EducationField_Medical,36,0.0540670735262964,0.0113595126951847,0.3379337135395595
Department_Research...Development,48,0.05401237556833817,0.003719728278671599,0.3568862839675571
JobLevel,62,0.05397658762036435,0.001011240956455785,0.36173779317598387
YearsAtCompany,47,-0.053938998577309535,0.00408239719381169,0.35612114930746547
WorkLifeBalance,20,0.05380862225257535,0.050329700694981834,0.24270222693166177
JobLevel,10,0.05373257869827249,0.1276041361341998,0.11229355406288492
Education,51,-0.05363336878842041,0.0028138380312829696,0.3586584069105049
RelationshipSatisfaction,19,0.05358332520059003,0.055236784380377574,0.23145129884950377
YearsInCurrentRole,31,0.05345575409311333,0.018087556605282298,0.32169487980111905
EnvironmentSatisfaction,11,0.053360185506884976,0.11626813637177358,0.12772107627145066
JobLevel,80,0.053147880662428156,1.894880922916849e-4,0.36266329993878255
TotalWorkingYears,84,0.05249553302011848,1.3060679185598e-4,0.36270900867236205
Education,50,-0.05240587718507037,0.0030881837656304705,0.3581500660051783
YearsWithCurrManager,29,0.05239707202211828,0.021786525965693648,0.3126143885653771
TotalWorkingYears,83,0.05236874024502811,1.4334079282694658e-4,0.3626996358496665
EducationField_Marketing,20,-0.05228536726639541,0.050329700694981834,0.24270222693166177
TotalWorkingYears,82,0.0522310859003654,1.573163431723698e-4,0.36268878304664653
TotalWorkingYears,81,0.05208014619642734,1.726544924235578e-4,0.36267670590257495
TotalWorkingYears,80,0.051915118206406985,1.894880922916849e-4,0.36266329993878255
JobLevel,79,0.051832091408689954,2.0796294736575847e-4,0.3626476335247683
TotalWorkingYears,79,0.05173688469125871,2.0796294736575847e-4,0.3626476335247683
JobLevel,63,0.051698921906071456,9.214050969811165e-4,0.36185858356393547
TotalWorkingYears,78,0.05153981328133798,2.2823907800221732e-4,0.36263078551494077
TotalWorkingYears,77,0.05132677859346648,2.5049210634470686e-4,0.36261119687824717
YearsInCurrentRole,30,0.05112698618170609,0.019851071045083095,0.3173917016003022
TotalWorkingYears,76,0.05109398162091966,2.749147774790711e-4,0.3625891229427948
Education,49,-0.05108440497953128,0.0033892778703951388,0.3575584590141311
JobInvolvement,10,0.0510840516786937,0.1276041361341998,0.11229355406288492
TotalWorkingYears,75,0.050839407756171566,3.017186288990788e-4,0.3625643260515155
EducationField_Medical,35,0.05074207653575605,0.012467051159567907,0.33505388278095777
TotalWorkingYears,74,0.050566509112234516,3.311358227429965e-4,0.3625352485239564
JobLevel,78,0.05050604026829709,2.2823907800221732e-4,0.36263078551494077
TotalWorkingYears,73,0.050264895627215866,3.634211566709661e-4,0.36250335554747265
MaritalStatus_Divorced,32,0.05023630950107996,0.01648070792786394,0.3256214303482414
YearsWithCurrManager,28,0.05006561836048361,0.02391068535173119,0.3072782442919343
TotalWorkingYears,72,0.04994084012191139,3.988542708004438e-4,0.3624661887046761
YearsAtCompany,46,-0.04990269502314632,0.004480425880460647,0.3552550274455445
NumCompaniesWorked,23,-0.04974043144460821,0.03807257286255448,0.27070617891247667
Education,48,-0.04965690736869645,0.003719728278671599,0.3568862839675571
JobLevel,64,0.049635354260217666,8.395500076641738e-4,0.36196382696590595
TotalWorkingYears,71,0.04956720757376665,4.377420698151201e-4,0.36242380570606114
TotalWorkingYears,70,0.049173353397332566,4.8042138122646953e-4,0.3623785051143624
Gender_Female,30,0.04909322667021944,0.019851071045083095,0.3173917016003022
JobLevel,77,0.049012179820417535,2.5049210634470686e-4,0.36261119687824717
JobSatisfaction,13,0.048894530287694735,0.09652784942981063,0.1550980674820616
TotalWorkingYears,69,0.048804662697387084,5.272618728125192e-4,0.3623298698791808
YearsInCurrentRole,29,0.04879344295545077,0.021786525965693648,0.3126143885653771
TotalWorkingYears,68,0.04840698143496469,5.786692545032966e-4,0.362274724273457
EducationField_Medical,34,0.04824488631260403,0.013682573256964552,0.3322769013147441
Education,47,-0.04811496572340236,0.00408239719381169,0.35612114930746547
JobRole_Research.Scientist,53,-0.04800129545244296,0.00233609776744901,0.3595201862708644
TotalWorkingYears,67,0.0479759854421919,6.35088792446155e-4,0.3622124809128614
YearsWithCurrManager,27,0.047704281064031406,0.02624194765561788,0.301326935666394
JobLevel,65,0.04769111341125557,7.649666988800687e-4,0.3620558681243696
TrainingTimesLastYear,23,0.04767912808651612,0.03807257286255448,0.27070617891247667
JobLevel,9,0.04765307397798747,0.14004538187909216,0.09679723824045484
TotalWorkingYears,66,0.04751620880427095,6.970091656881309e-4,0.3621389708220613
JobLevel,76,0.047420098672085416,2.749147774790711e-4,0.3625891229427948
PerformanceRating,36,-0.047396596048058695,0.0113595126951847,0.3379337135395595
Gender_Male,30,-0.0473644180387441,0.019851071045083095,0.3173917016003022
YearsSinceLastPromotion,29,-0.0470582282281736,0.021786525965693648,0.3126143885653771
TotalWorkingYears,65,0.047012639731386564,7.649666988800687e-4,0.3620558681243696
Department_Sales,37,-0.046985679451518124,0.01035036489547338,0.3406035179119267
EducationField_Human.Resources,19,-0.046873699348396865,0.055236784380377574,0.23145129884950377
StockOptionLevel,10,0.046787905273329725,0.1276041361341998,0.11229355406288492
TotalWorkingYears,64,0.04649797828656913,8.395500076641738e-4,0.36196382696590595
Education,46,-0.04645535944832641,0.004480425880460647,0.3552550274455445
YearsInCurrentRole,28,0.046445803739614586,0.02391068535173119,0.3072782442919343
TotalWorkingYears,63,0.04594792265739606,9.214050969811165e-4,0.36185858356393547
JobLevel,75,0.04573578545243564,3.017186288990788e-4,0.3625643260515155
YearsAtCompany,45,-0.045723653144385985,0.004917261872688699,0.35427601746796533
EducationField_Medical,33,0.04548477469155126,0.0150166072582869,0.3291465765077483
TotalWorkingYears,62,0.045363682011160485,0.001011240956455785,0.36173779317598387
YearsWithCurrManager,26,0.045323395174913766,0.028800505156174022,0.29474201045148735
JobLevel,66,0.04522236691215287,6.970091656881309e-4,0.3621389708220613
TotalWorkingYears,61,0.04474043801494028,0.0011098357013262414,0.3616011962312166
Education,45,-0.04472753670353947,0.004917261872688699,0.35427601746796533
JobRole_Healthcare.Representative,21,0.04465715469223721,0.0458585487997073,0.2528330937662405
NumCompaniesWorked,22,-0.04418806102845237,0.04178460171579797,0.26203343554047254
YearsInCurrentRole,27,0.044087570469188896,0.02624194765561788,0.301326935666394
TotalWorkingYears,60,0.04407845463305934,0.0012180433121056701,0.361445151152419
JobLevel,74,0.043813401247228975,3.311358227429965e-4,0.3625352485239564
JobRole_Manager,33,0.04357113096087477,0.0150166072582869,0.3291465765077483
EducationField_Other,23,0.0433771785451453,0.03807257286255448,0.27070617891247667
TotalWorkingYears,59,0.043376784649798,0.0013368010313530461,0.3612668113676365
JobLevel,67,0.04323637384503063,6.35088792446155e-4,0.3622124809128614
MaritalStatus_Divorced,31,0.042922735067795675,0.018087556605282298,0.32169487980111905
YearsWithCurrManager,25,0.04291935152987858,0.03160851885447739,0.28740341007070747
Education,44,-0.04286103125901509,0.005396688834881921,0.35317097725719754
TotalWorkingYears,58,0.0426345723026147,0.0014671374816198123,0.3610628161978371
EducationField_Medical,32,0.04247865492240955,0.01648070792786394,0.3256214303482414
RelationshipSatisfaction,18,0.04205255704104379,0.06062230266727051,0.21943656292354227
Department_Human.Resources,54,0.041947206674267656,0.002128565280344081,0.3599126037612435
JobLevel,73,0.041886570998800776,3.634211566709661e-4,0.36250335554747265
TotalWorkingYears,57,0.04185578620943189,0.0016101815748863352,0.36082886696660776
YearsInCurrentRole,26,0.04175798731374075,0.028800505156174022,0.29474201045148735
JobLevel,68,0.04158944726253317,5.786692545032966e-4,0.362274724273457
JobRole_Human.Resources,26,-0.04151220621814039,0.028800505156174022,0.29474201045148735
Gender_Female,29,0.04145383858795124,0.021786525965693648,0.3126143885653771
YearsAtCompany,44,-0.04143169542930632,0.005396688834881921,0.35317097725719754
JobLevel,8,0.041286931663267995,0.15369963372530726,0.08084273872013047
TotalWorkingYears,56,0.04103229493013784,0.0017671722906574176,0.3605630327202353
Education,43,-0.0408465496892766,0.005922859334033068,0.3519241192592846
PercentSalaryHike,84,0.04084335341416437,1.3060679185598e-4,0.36270900867236205
PercentSalaryHike,83,0.04071797259229566,1.4334079282694658e-4,0.3626996358496665
DistanceFromHome,84,-0.040656542138551424,1.3060679185598e-4,0.36270900867236205
DistanceFromHome,83,-0.04062833137491887,1.4334079282694658e-4,0.3626996358496665
DistanceFromHome,82,-0.040597334737619964,1.573163431723698e-4,0.36268878304664653
PercentSalaryHike,82,0.040579597003764865,1.573163431723698e-4,0.36268878304664653
DistanceFromHome,81,-0.04056351095369978,1.726544924235578e-4,0.36267670590257495
JobRole_Sales.Executive,68,0.040541334284985166,5.786692545032966e-4,0.362274724273457
DistanceFromHome,80,-0.040526578757194974,1.894880922916849e-4,0.36266329993878255
TrainingTimesLastYear,22,0.040524396779714054,0.04178460171579797,0.26203343554047254
DistanceFromHome,79,-0.04048605455903176,2.0796294736575847e-4,0.3626476335247683
YearsWithCurrManager,24,0.04047530421008691,0.03469031042185292,0.2793493821504954
DistanceFromHome,78,-0.04044210494563863,2.2823907800221732e-4,0.36263078551494077
PercentSalaryHike,81,0.0404289561116127,1.726544924235578e-4,0.36267670590257495
DistanceFromHome,77,-0.040393978100077804,2.5049210634470686e-4,0.36261119687824717
DistanceFromHome,76,-0.040341583910751246,2.749147774790711e-4,0.3625891229427948
DistanceFromHome,75,-0.04028450600328373,3.017186288990788e-4,0.3625643260515155
PercentSalaryHike,80,0.04026545938365188,1.894880922916849e-4,0.36266329993878255
DistanceFromHome,74,-0.04022213368581013,3.311358227429965e-4,0.3625352485239564
TotalWorkingYears,55,0.04017030502369286,0.001939469407410052,0.3602582895122597
DistanceFromHome,73,-0.040154569182678006,3.634211566709661e-4,0.36250335554747265
PercentSalaryHike,79,0.040084715457365104,2.0796294736575847e-4,0.3626476335247683
DistanceFromHome,72,-0.04008101138946324,3.988542708004438e-4,0.3624661887046761
DistanceFromHome,71,-0.04000307463280253,4.377420698151201e-4,0.36242380570606114
JobLevel,69,0.03996641856181058,5.272618728125192e-4,0.3623298698791808
Gender_Male,29,-0.03996349512278655,0.021786525965693648,0.3126143885653771
DistanceFromHome,70,-0.039925361263885996,4.8042138122646953e-4,0.3623785051143624
PercentSalaryHike,78,0.03989106104332818,2.2823907800221732e-4,0.36263078551494077
DistanceFromHome,69,-0.039845272534403224,5.272618728125192e-4,0.3623298698791808
WorkLifeBalance,19,0.039830118980246125,0.055236784380377574,0.23145129884950377
YearsSinceLastPromotion,28,-0.039801615079286444,0.02391068535173119,0.3072782442919343
DistanceFromHome,68,-0.039758293054181944,5.786692545032966e-4,0.362274724273457
JobLevel,72,0.03975193185566606,3.988542708004438e-4,0.3624661887046761
PercentSalaryHike,77,0.03967814489427842,2.5049210634470686e-4,0.36261119687824717
DistanceFromHome,67,-0.03966348278184787,6.35088792446155e-4,0.3622124809128614
PerformanceRating,35,-0.03957965357128914,0.012467051159567907,0.33505388278095777
DistanceFromHome,66,-0.039561384896708435,6.970091656881309e-4,0.3621389708220613
DistanceFromHome,65,-0.03945201961793341,7.649666988800687e-4,0.3620558681243696
PercentSalaryHike,76,0.039446787207237155,2.749147774790711e-4,0.3625891229427948
YearsInCurrentRole,25,0.03940177056463443,0.03160851885447739,0.28740341007070747
TotalWorkingYears,54,0.039334369629472385,0.002128565280344081,0.3599126037612435
DistanceFromHome,64,-0.039334310908679344,8.395500076641738e-4,0.36196382696590595
DistanceFromHome,63,-0.039206873634292455,9.214050969811165e-4,0.36185858356393547
PercentSalaryHike,75,0.03919614632466545,3.017186288990788e-4,0.3625643260515155
DistanceFromHome,62,-0.03906964435489027,0.001011240956455785,0.36173779317598387
EducationField_Medical,31,0.03897072258314179,0.018087556605282298,0.32169487980111905
DistanceFromHome,61,-0.038920605263729716,0.0011098357013262414,0.3616011962312166
PercentSalaryHike,74,0.03892029691665447,3.311358227429965e-4,0.3625352485239564
Department_Sales,36,-0.03878026459998537,0.0113595126951847,0.3379337135395595
DistanceFromHome,60,-0.038759560814140344,0.0012180433121056701,0.361445151152419
Education,42,-0.038674792492617245,0.006500330807290316,0.3505174587433949
PercentSalaryHike,73,0.038624754061539555,3.634211566709661e-4,0.36250335554747265
DistanceFromHome,59,-0.038585674042493426,0.0013368010313530461,0.3612668113676365
NumCompaniesWorked,21,-0.038573058718690045,0.0458585487997073,0.2528330937662405
JobLevel,70,0.038463295060647856,4.8042138122646953e-4,0.3623785051143624
DistanceFromHome,58,-0.03839806331177374,0.0014671374816198123,0.3610628161978371
TotalWorkingYears,53,0.03833995409457701,0.00233609776744901,0.3595201862708644
PercentSalaryHike,72,0.03830128695344678,3.988542708004438e-4,0.3624661887046761
DistanceFromHome,57,-0.038196798094903686,0.0016101815748863352,0.36082886696660776
JobLevel,71,0.03808650138828119,4.377420698151201e-4,0.36242380570606114
DistanceFromHome,56,-0.0379789095812305,0.0017671722906574176,0.3605630327202353
PercentSalaryHike,71,0.03795362245429983,4.377420698151201e-4,0.36242380570606114
YearsWithCurrManager,23,0.037945560218252294,0.03807257286255448,0.27070617891247667
OverTime_Yes,2,-0.037761228756055754,0.26859447500575323,0.006650365275000143
DistanceFromHome,55,-0.03774388675957245,0.001939469407410052,0.3602582895122597
OverTime_No,2,0.037617349583952325,0.26859447500575323,0.006650365275000143
PercentSalaryHike,70,0.037593771959995165,4.8042138122646953e-4,0.3623785051143624
DistanceFromHome,54,-0.03748506531243195,0.002128565280344081,0.3599126037612435
BusinessTravel_Non.Travel,15,0.03736192593920988,0.08013911641062678,0.18044049287694436
TotalWorkingYears,52,0.03731147638513025,0.002563864415846373,0.35911763857005125
PercentSalaryHike,69,0.03721379920860596,5.272618728125192e-4,0.3623298698791808
DistanceFromHome,53,-0.03720620732966462,0.00233609776744901,0.3595201862708644
YearsInCurrentRole,24,0.037040874999547446,0.03469031042185292,0.2793493821504954
YearsAtCompany,43,-0.03702818541565636,0.005922859334033068,0.3519241192592846
DistanceFromHome,52,-0.036902561846701834,0.002563864415846373,0.35911763857005125
PercentSalaryHike,68,0.036802901960994526,5.786692545032966e-4,0.362274724273457
JobRole_Manufacturing.Director,16,0.03659183389234366,0.07301977818136673,0.19397191602786856
DistanceFromHome,51,-0.036580513773089865,0.0028138380312829696,0.3586584069105049
EnvironmentSatisfaction,10,0.03647621292446072,0.1276041361341998,0.11229355406288492
PercentSalaryHike,67,0.03636013597186786,6.35088792446155e-4,0.3622124809128614
Education,41,-0.036329756070880695,0.007134105036297602,0.34893757609222753
YearsWithCurrManager,22,0.036314102664537676,0.04178460171579797,0.26203343554047254
DistanceFromHome,50,-0.03622989721719757,0.0030881837656304705,0.3581500660051783
TotalWorkingYears,51,0.036224288624376696,0.0028138380312829696,0.3586584069105049
PercentSalaryHike,66,0.03587273087301408,6.970091656881309e-4,0.3621389708220613
DistanceFromHome,49,-0.035868785843016,0.0033892778703951388,0.3575584590141311
DistanceFromHome,48,-0.03548201222106288,0.003719728278671599,0.3568862839675571
PercentSalaryHike,65,0.0353556452432135,7.649666988800687e-4,0.3620558681243696
MaritalStatus_Divorced,30,0.03525011960029543,0.019851071045083095,0.3173917016003022
TotalWorkingYears,50,0.03513461647453634,0.0030881837656304705,0.3581500660051783
YearsWithCurrManager,21,0.03508904483887561,0.0458585487997073,0.2528330937662405
DistanceFromHome,47,-0.03507205889209899,0.00408239719381169,0.35612114930746547
PercentSalaryHike,64,0.03481083902010263,8.395500076641738e-4,0.36196382696590595
JobLevel,7,0.03474028532017074,0.16868515827025962,0.06632577580388649
Department_Research...Development,49,0.03469023254244993,0.0033892778703951388,0.3575584590141311
YearsInCurrentRole,23,0.03464164017271197,0.03807257286255448,0.27070617891247667
DistanceFromHome,46,-0.03463345919037996,0.004480425880460647,0.3552550274455445
JobSatisfaction,12,0.034412380540544595,0.10593919558491677,0.14174565720426993
EducationField_Medical,30,0.03434341190069913,0.019851071045083095,0.3173917016003022
PercentSalaryHike,63,0.034223248891773916,9.214050969811165e-4,0.36185858356393547
DistanceFromHome,45,-0.03416261519004526,0.004917261872688699,0.35427601746796533
JobRole_Laboratory.Technician,13,-0.03408908264896194,0.09652784942981063,0.1550980674820616
TotalWorkingYears,49,0.03403064893969523,0.0033892778703951388,0.3575584590141311
Education,40,-0.03380124449905595,0.007829671470234412,0.34716434627406656
YearsWithCurrManager,20,0.03379529562268926,0.050329700694981834,0.24270222693166177
DistanceFromHome,44,-0.03366093024864701,0.005396688834881921,0.35317097725719754
PercentSalaryHike,62,0.03358956684453302,0.001011240956455785,0.36173779317598387
Gender_Female,28,0.03348380005754088,0.02391068535173119,0.3072782442919343
TrainingTimesLastYear,21,0.03324354038152958,0.0458585487997073,0.2528330937662405
YearsInCurrentRole,22,0.033180228525062104,0.04178460171579797,0.26203343554047254
DistanceFromHome,43,-0.03312935485963715,0.005922859334033068,0.3519241192592846
MaritalStatus_Single,4,-0.033076425745442374,0.2229918518529609,0.02189109809994235
StockOptionLevel,9,0.03295657307370704,0.14004538187909216,0.09679723824045484
PercentSalaryHike,61,0.03291002796297593,0.0011098357013262414,0.3616011962312166
TotalWorkingYears,48,0.03288741721164833,0.003719728278671599,0.3568862839675571
NumCompaniesWorked,20,-0.03274987145761491,0.050329700694981834,0.24270222693166177
DistanceFromHome,42,-0.032569887989015084,0.006500330807290316,0.3505174587433949
YearsAtCompany,42,-0.032505797439236477,0.006500330807290316,0.3505174587433949
YearsSinceLastPromotion,27,-0.032445336030754605,0.02624194765561788,0.301326935666394
YearsWithCurrManager,19,0.03243182454728518,0.055236784380377574,0.23145129884950377
Gender_Male,28,-0.03219585943911799,0.02391068535173119,0.3072782442919343
PercentSalaryHike,60,0.03217945714489618,0.0012180433121056701,0.361445151152419
YearsInCurrentRole,21,0.03216148610369549,0.0458585487997073,0.2528330937662405
PerformanceRating,34,-0.031981707257805796,0.013682573256964552,0.3322769013147441
DistanceFromHome,41,-0.031976339688218315,0.007134105036297602,0.34893757609222753
TotalWorkingYears,47,0.03171814298981559,0.00408239719381169,0.35612114930746547
PercentSalaryHike,59,0.031394625279293556,0.0013368010313530461,0.3612668113676365
DistanceFromHome,40,-0.03135026340001471,0.007829671470234412,0.34716434627406656
YearsInCurrentRole,20,0.03110724076751316,0.050329700694981834,0.24270222693166177
Education,39,-0.03108064689414708,0.008593054772798469,0.34517585847057386
YearsWithCurrManager,18,0.031037488636485342,0.06062230266727051,0.21943656292354227
JobRole_Research.Director,19,0.030915381518418536,0.055236784380377574,0.23145129884950377
Department_Sales,35,-0.030796156479966433,0.012467051159567907,0.33505388278095777
DistanceFromHome,39,-0.030694418728694158,0.008593054772798469,0.34517585847057386
RelationshipSatisfaction,17,0.030555161772964703,0.06653290233867579,0.20698173981391432
PercentSalaryHike,58,0.030551953900507484,0.0014671374816198123,0.3610628161978371
TotalWorkingYears,46,0.03051503286879546,0.004480425880460647,0.3552550274455445
DistanceFromHome,38,-0.030014363164762133,0.009430867004960533,0.34299410935673436
YearsInCurrentRole,19,0.030006432997153318,0.055236784380377574,0.23145129884950377
Department_Research...Development,16,0.029881370842566254,0.07301977818136673,0.19397191602786856
PercentSalaryHike,57,0.029647368142408797,0.0016101815748863352,0.36082886696660776
YearsWithCurrManager,17,0.029586036925212812,0.06653290233867579,0.20698173981391432
Age,84,0.02946909061805723,1.3060679185598e-4,0.36270900867236205
Age,83,0.029465942078543486,1.4334079282694658e-4,0.3626996358496665
Age,82,0.029461734749785824,1.573163431723698e-4,0.36268878304664653
Age,81,0.029457166019526172,1.726544924235578e-4,0.36267670590257495
Age,80,0.02945298827748168,1.894880922916849e-4,0.36266329993878255
Age,79,0.029446542742854204,2.0796294736575847e-4,0.3626476335247683
Age,78,0.02944151590255839,2.2823907800221732e-4,0.36263078551494077
Age,77,0.029434881054389354,2.5049210634470686e-4,0.36261119687824717
Age,76,0.02942760196501186,2.749147774790711e-4,0.3625891229427948
Age,75,0.02942086968909044,3.017186288990788e-4,0.3625643260515155
Age,74,0.029410711899155874,3.311358227429965e-4,0.3625352485239564
Age,73,0.029402491887429667,3.634211566709661e-4,0.36250335554747265
Age,72,0.02939142903300035,3.988542708004438e-4,0.3624661887046761
Age,71,0.029378611239118807,4.377420698151201e-4,0.36242380570606114
Age,70,0.02936830256241647,4.8042138122646953e-4,0.3623785051143624
Age,69,0.02935485706984478,5.272618728125192e-4,0.3623298698791808
Age,68,0.02933986362575139,5.786692545032966e-4,0.362274724273457
Age,67,0.029325736564623024,6.35088792446155e-4,0.3622124809128614
DistanceFromHome,37,-0.029314551067304257,0.01035036489547338,0.3406035179119267
Age,66,0.02930500280407085,6.970091656881309e-4,0.3621389708220613
TotalWorkingYears,45,0.0292907627271211,0.004917261872688699,0.35427601746796533
Age,65,0.029277388296876646,7.649666988800687e-4,0.3620558681243696
EducationField_Medical,29,0.02925787449624683,0.021786525965693648,0.3126143885653771
Age,64,0.02925510202324578,8.395500076641738e-4,0.36196382696590595
Age,63,0.029230147299353988,9.214050969811165e-4,0.36185858356393547
Age,62,0.029199377293560754,0.001011240956455785,0.36173779317598387
Age,61,0.029168176271827516,0.0011098357013262414,0.3616011962312166
Age,60,0.029133221414894404,0.0012180433121056701,0.361445151152419
Age,59,0.02909399758125835,0.0013368010313530461,0.3612668113676365
Age,58,0.029049929193078767,0.0014671374816198123,0.3610628161978371
Age,57,0.028996016722119707,0.0016101815748863352,0.36082886696660776
Age,56,0.02894013122239231,0.0017671722906574176,0.3605630327202353
Age,55,0.028877211867914133,0.001939469407410052,0.3602582895122597
Age,54,0.028783422976643807,0.002128565280344081,0.3599126037612435
YearsInCurrentRole,18,0.02878311089974763,0.06062230266727051,0.21943656292354227
PercentSalaryHike,56,0.028680205305453038,0.0017671722906574176,0.3605630327202353
Age,53,0.028671591881778324,0.00233609776744901,0.3595201862708644
JobInvolvement,9,0.028617155596288815,0.14004538187909216,0.09679723824045484
DistanceFromHome,36,-0.028580124461164737,0.0113595126951847,0.3379337135395595
Age,52,0.028570392988927402,0.002563864415846373,0.35911763857005125
Age,51,0.028463823225041287,0.0028138380312829696,0.3586584069105049
Age,50,0.028388725110960793,0.0030881837656304705,0.3581500660051783
Age,49,0.02824698265556807,0.0033892778703951388,0.3575584590141311
Education,38,-0.02819947526651286,0.009430867004960533,0.34299410935673436
EducationField_Marketing,19,-0.02818280288927686,0.055236784380377574,0.23145129884950377
Age,48,0.028097829955929913,0.003719728278671599,0.3568862839675571
YearsWithCurrManager,16,0.028064882802479197,0.07301977818136673,0.19397191602786856
TotalWorkingYears,44,0.028037865627561852,0.005396688834881921,0.35317097725719754
Age,47,0.027921664405769524,0.00408239719381169,0.35612114930746547
YearsAtCompany,41,-0.027908365009359136,0.007134105036297602,0.34893757609222753
JobLevel,6,0.027868868283039926,0.18513175295861073,0.05157123607097986
DistanceFromHome,35,-0.0278108905594993,0.012467051159567907,0.33505388278095777
Age,46,0.027736348115972084,0.004480425880460647,0.3552550274455445
PercentSalaryHike,55,0.027642936516271834,0.001939469407410052,0.3602582895122597
Age,45,0.027514174792915323,0.004917261872688699,0.35427601746796533
YearsInCurrentRole,17,0.027448821445875803,0.06653290233867579,0.20698173981391432
MaritalStatus_Divorced,29,0.027425788109027228,0.021786525965693648,0.3126143885653771
JobRole_Sales.Executive,67,0.027301168398340583,6.35088792446155e-4,0.3622124809128614
Age,44,0.0272814774127894,0.005396688834881921,0.35317097725719754
Age,43,0.027025159424847962,0.005922859334033068,0.3519241192592846
DistanceFromHome,34,-0.027005414649327285,0.013682573256964552,0.3322769013147441
TotalWorkingYears,43,0.026770436174747662,0.005922859334033068,0.3519241192592846
NumCompaniesWorked,19,-0.026750645913003832,0.055236784380377574,0.23145129884950377
Age,42,0.02672858811861621,0.006500330807290316,0.3505174587433949
PercentSalaryHike,54,0.026515079055495994,0.002128565280344081,0.3599126037612435
YearsWithCurrManager,15,0.026469345092326006,0.08013911641062678,0.18044049287694436
Age,41,0.026418832234610883,0.007134105036297602,0.34893757609222753
JobRole_Research.Scientist,52,-0.02641227374594736,0.002563864415846373,0.35911763857005125
DistanceFromHome,33,-0.0261631699769221,0.0150166072582869,0.3291465765077483
Age,40,0.026080314849372573,0.007829671470234412,0.34716434627406656
YearsInCurrentRole,16,0.026024805453459143,0.07301977818136673,0.19397191602786856
TrainingTimesLastYear,20,0.0257965934688999,0.050329700694981834,0.24270222693166177
Department_Sales,34,-0.025740227447926964,0.013682573256964552,0.3322769013147441
Age,39,0.025693825669935215,0.008593054772798469,0.34517585847057386
WorkLifeBalance,18,0.025671735853803095,0.06062230266727051,0.21943656292354227
TotalWorkingYears,42,0.02550031579620023,0.006500330807290316,0.3505174587433949
PercentSalaryHike,53,0.02532709823604712,0.00233609776744901,0.3595201862708644
DistanceFromHome,32,-0.02528686812622484,0.01648070792786394,0.3256214303482414
Age,38,0.025271329585384306,0.009430867004960533,0.34299410935673436
Education,37,-0.02515930149051469,0.01035036489547338,0.3406035179119267
Gender_Female,27,0.02513363797432003,0.02624194765561788,0.301326935666394
YearsSinceLastPromotion,26,-0.02502920522009694,0.028800505156174022,0.29474201045148735
Age,37,0.0247910398112373,0.01035036489547338,0.3406035179119267
YearsInCurrentRole,15,0.024510929287416414,0.08013911641062678,0.18044049287694436
EducationField_Technical.Degree,17,-0.024431484006137105,0.06653290233867579,0.20698173981391432
YearsWithCurrManager,14,0.024394650733938938,0.08795258132836721,0.16780870086071736
DistanceFromHome,31,-0.02435664695046919,0.018087556605282298,0.32169487980111905
Age,36,0.02428037702648235,0.0113595126951847,0.3379337135395595
TotalWorkingYears,41,0.02421234915331438,0.007134105036297602,0.34893757609222753
PercentSalaryHike,52,0.024117468490001646,0.002563864415846373,0.35911763857005125
Gender_Male,27,-0.0240552924747909,0.02624194765561788,0.301326935666394
JobRole_Healthcare.Representative,20,0.023973680891992755,0.050329700694981834,0.24270222693166177
PerformanceRating,33,-0.023922965556889192,0.0150166072582869,0.3291465765077483
EducationField_Medical,28,0.02373124572252418,0.02391068535173119,0.3072782442919343
Age,35,0.023728856105342727,0.012467051159567907,0.33505388278095777
DistanceFromHome,30,-0.023361588176003235,0.019851071045083095,0.3173917016003022
YearsAtCompany,40,-0.023236394703566376,0.007829671470234412,0.34716434627406656
Age,34,0.02309866903591689,0.013682573256964552,0.3322769013147441
TotalWorkingYears,40,0.022923421254294942,0.007829671470234412,0.34716434627406656
PercentSalaryHike,51,0.022831718100188123,0.0028138380312829696,0.3586584069105049
YearsInCurrentRole,14,0.02261995490902975,0.08795258132836721,0.16780870086071736
Age,33,0.022437276563235478,0.0150166072582869,0.3291465765077483
DistanceFromHome,29,-0.022320461314532244,0.021786525965693648,0.3126143885653771
YearsWithCurrManager,13,0.022076938642261724,0.09652784942981063,0.1550980674820616
BusinessTravel_Travel_Frequently,10,-0.02194611686487832,0.1276041361341998,0.11229355406288492
Education,36,-0.021885842136237947,0.0113595126951847,0.3379337135395595
Age,32,0.02173309336095483,0.01648070792786394,0.3256214303482414
TotalWorkingYears,39,0.021649109224965064,0.008593054772798469,0.34517585847057386
PercentSalaryHike,50,0.02148170754894243,0.0030881837656304705,0.3581500660051783
DistanceFromHome,28,-0.021242517511431438,0.02391068535173119,0.3072782442919343
Age,31,0.021031294998819467,0.018087556605282298,0.32169487980111905
Department_Sales,33,-0.0207686381010005,0.0150166072582869,0.3291465765077483
YearsInCurrentRole,13,0.020638433103745798,0.09652784942981063,0.1550980674820616
NumCompaniesWorked,18,-0.020563326395020575,0.06062230266727051,0.21943656292354227
TotalWorkingYears,38,0.020369561165256282,0.009430867004960533,0.34299410935673436
Age,30,0.02035477360040888,0.019851071045083095,0.3173917016003022
DistanceFromHome,27,-0.020128927341203598,0.02624194765561788,0.301326935666394
PercentSalaryHike,49,0.020056576831283403,0.0033892778703951388,0.3575584590141311
EducationField_Other,22,0.019934155376547625,0.04178460171579797,0.26203343554047254
JobRole_Human.Resources,25,-0.0197761094069395,0.03160851885447739,0.28740341007070747
Age,29,0.019678762983555077,0.021786525965693648,0.3126143885653771
YearsWithCurrManager,12,0.019644437489152816,0.10593919558491677,0.14174565720426993
JobSatisfaction,11,0.019643107376153532,0.11626813637177358,0.12772107627145066
JobLevel,5,0.019328003047581394,0.20318187032564072,0.036036085637855327
EnvironmentSatisfaction,9,0.01932756670241885,0.14004538187909216,0.09679723824045484
MaritalStatus_Divorced,28,0.019312738213603714,0.02391068535173119,0.3072782442919343
TotalWorkingYears,37,0.019102901478226582,0.01035036489547338,0.3406035179119267
DistanceFromHome,26,-0.018989637716806264,0.028800505156174022,0.29474201045148735
Age,28,0.018976446175666604,0.02391068535173119,0.3072782442919343
RelationshipSatisfaction,16,0.018719064747619734,0.07301977818136673,0.19397191602786856
YearsInCurrentRole,12,0.0186005655486362,0.10593919558491677,0.14174565720426993
StockOptionLevel,8,0.018554776374323494,0.15369963372530726,0.08084273872013047
PercentSalaryHike,48,0.018547801511977387,0.003719728278671599,0.3568862839675571
YearsAtCompany,39,-0.01848427877655792,0.008593054772798469,0.34517585847057386
Education,35,-0.018342448252103908,0.012467051159567907,0.33505388278095777
Age,27,0.018246913241649135,0.02624194765561788,0.301326935666394
TrainingTimesLastYear,19,0.018155286597315436,0.055236784380377574,0.23145129884950377
TotalWorkingYears,36,0.017843169888520007,0.0113595126951847,0.3379337135395595
DistanceFromHome,25,-0.01780447682475289,0.03160851885447739,0.28740341007070747
EducationField_Medical,27,0.017797133384666673,0.02624194765561788,0.301326935666394
YearsSinceLastPromotion,25,-0.01752566428559641,0.03160851885447739,0.28740341007070747
Age,26,0.017490802454505246,0.028800505156174022,0.29474201045148735
JobRole_Sales.Representative,5,-0.017231244437855533,0.20318187032564072,0.036036085637855327
YearsWithCurrManager,11,0.017129043403853544,0.11626813637177358,0.12772107627145066
Department_Research...Development,80,0.017015316110868487,1.894880922916849e-4,0.36266329993878255
PercentSalaryHike,47,0.0169521700445046,0.00408239719381169,0.35612114930746547
Department_Research...Development,81,0.01687340428743243,1.726544924235578e-4,0.36267670590257495
Department_Research...Development,79,0.016849649091148996,2.0796294736575847e-4,0.3626476335247683
Age,25,0.016706685551365355,0.03160851885447739,0.28740341007070747
TotalWorkingYears,35,0.016702844293536558,0.012467051159567907,0.33505388278095777
DistanceFromHome,24,-0.016590844603210406,0.03469031042185292,0.2793493821504954
Department_Research...Development,82,0.016542544261485832,1.573163431723698e-4,0.36268878304664653
Department_Research...Development,78,0.01645698895428091,2.2823907800221732e-4,0.36263078551494077
YearsInCurrentRole,11,0.01643818898772946,0.11626813637177358,0.12772107627145066
Department_Sales,32,-0.016423758877291438,0.01648070792786394,0.3256214303482414
Gender_Female,26,0.016111007203468718,0.028800505156174022,0.29474201045148735
TotalWorkingYears,34,0.01610214900345175,0.013682573256964552,0.3322769013147441
Department_Research...Development,83,0.015986657493109315,1.4334079282694658e-4,0.3626996358496665
Age,24,0.01590557436499598,0.03469031042185292,0.2793493821504954
Department_Research...Development,77,0.015829565308773854,2.5049210634470686e-4,0.36261119687824717
Gender_Male,26,-0.015768241746114256,0.028800505156174022,0.29474201045148735
TotalWorkingYears,33,0.015505195970616795,0.0150166072582869,0.3291465765077483
DistanceFromHome,23,-0.015363238704578733,0.03807257286255448,0.27070617891247667
PerformanceRating,32,-0.015356367503887797,0.01648070792786394,0.3256214303482414
Department_Research...Development,84,0.015276402155259355,1.3060679185598e-4,0.36270900867236205
PercentSalaryHike,46,0.015271874733605811,0.004480425880460647,0.3552550274455445
Age,23,0.015106516506789743,0.03807257286255448,0.27070617891247667
Department_Research...Development,76,0.014926068474192977,2.749147774790711e-4,0.3625891229427948
TotalWorkingYears,32,0.014913069442437234,0.01648070792786394,0.3256214303482414
YearsWithCurrManager,10,0.014562682324897712,0.1276041361341998,0.11229355406288492
Education,34,-0.014396427633773788,0.013682573256964552,0.3322769013147441
TotalWorkingYears,31,0.014275509520927246,0.018087556605282298,0.32169487980111905
Age,22,0.014260263920444487,0.04178460171579797,0.26203343554047254
YearsInCurrentRole,10,0.014187742675775845,0.1276041361341998,0.11229355406288492
NumCompaniesWorked,17,-0.014181633353867996,0.06653290233867579,0.20698173981391432
DistanceFromHome,22,-0.014075420943104041,0.04178460171579797,0.26203343554047254
Department_Research...Development,75,0.013819070428360005,3.017186288990788e-4,0.3625643260515155
JobRole_Sales.Executive,66,0.01379955271595126,6.970091656881309e-4,0.3621389708220613
YearsAtCompany,38,-0.013691470121494968,0.009430867004960533,0.34299410935673436
TotalWorkingYears,30,0.013675232493083351,0.019851071045083095,0.3173917016003022
PercentSalaryHike,45,0.013527295111254205,0.004917261872688699,0.35427601746796533
Age,21,0.013399568020004094,0.0458585487997073,0.2528330937662405
JobRole_Manager,32,0.01324896884119516,0.01648070792786394,0.3256214303482414
Department_Research...Development,50,0.01308137604001536,0.0030881837656304705,0.3581500660051783
TotalWorkingYears,29,0.013058576372711734,0.021786525965693648,0.3126143885653771
DistanceFromHome,21,-0.0127434571851232,0.0458585487997073,0.2528330937662405
Age,20,0.012526623905030515,0.050329700694981834,0.24270222693166177
TotalWorkingYears,28,0.012444813681035442,0.02391068535173119,0.3072782442919343
Department_Research...Development,74,0.01234576192968186,3.311358227429965e-4,0.3625352485239564
JobRole_Manufacturing.Director,15,0.012045052171382999,0.08013911641062678,0.18044049287694436
YearsWithCurrManager,9,0.012026423399264354,0.14004538187909216,0.09679723824045484
YearsInCurrentRole,9,0.011862127373328289,0.14004538187909216,0.09679723824045484
TotalWorkingYears,27,0.011838226955399779,0.02624194765561788,0.301326935666394
PercentSalaryHike,44,0.011695070971746406,0.005396688834881921,0.35317097725719754
Age,19,0.011637062149121545,0.055236784380377574,0.23145129884950377
EducationField_Medical,26,0.011428534815878091,0.028800505156174022,0.29474201045148735
DistanceFromHome,20,-0.011367040115538681,0.050329700694981834,0.24270222693166177
TotalWorkingYears,26,0.011239753210745527,0.028800505156174022,0.29474201045148735
WorkLifeBalance,17,0.01095631692484191,0.06653290233867579,0.20698173981391432
MaritalStatus_Divorced,27,0.010916698143060385,0.02624194765561788,0.301326935666394
Age,18,0.01070336362173325,0.06062230266727051,0.21943656292354227
Department_Research...Development,73,0.010684819734732955,3.634211566709661e-4,0.36250335554747265
TotalWorkingYears,25,0.010639354897500316,0.03160851885447739,0.28740341007070747
Education,33,-0.010175523720275543,0.0150166072582869,0.3291465765077483
TrainingTimesLastYear,18,0.010166246201106021,0.06062230266727051,0.21943656292354227
TotalWorkingYears,24,0.010042406716786068,0.03469031042185292,0.2793493821504954
YearsSinceLastPromotion,24,-0.01000706711333179,0.03469031042185292,0.2793493821504954
DistanceFromHome,19,-0.009954514769040837,0.055236784380377574,0.23145129884950377
PercentSalaryHike,43,0.009773524595826975,0.005922859334033068,0.3519241192592846
Age,17,0.009756920483438946,0.06653290233867579,0.20698173981391432
YearsWithCurrManager,8,0.00948734705950589,0.15369963372530726,0.08084273872013047
YearsInCurrentRole,8,0.00946872154782049,0.15369963372530726,0.08084273872013047
TotalWorkingYears,23,0.009449678045270837,0.03807257286255448,0.27070617891247667
Department_Sales,31,-0.009113599016429037,0.018087556605282298,0.32169487980111905
TotalWorkingYears,22,0.00905541829408777,0.04178460171579797,0.26203343554047254
YearsAtCompany,37,-0.008848871395690428,0.01035036489547338,0.3406035179119267
Department_Research...Development,72,0.008848451431243905,3.988542708004438e-4,0.3624661887046761
Age,16,0.008796603526610514,0.07301977818136673,0.19397191602786856
TotalWorkingYears,21,0.00876066389749895,0.0458585487997073,0.2528330937662405
DistanceFromHome,18,-0.008506795853867533,0.06062230266727051,0.21943656292354227
JobRole_Research.Scientist,51,-0.00849380566434849,0.0028138380312829696,0.3586584069105049
TotalWorkingYears,20,0.008466761380562862,0.050329700694981834,0.24270222693166177
TotalWorkingYears,19,0.008164516286210073,0.055236784380377574,0.23145129884950377
Age,15,0.007838718590390401,0.08013911641062678,0.18044049287694436
TotalWorkingYears,18,0.007814118720839792,0.06062230266727051,0.21943656292354227
PercentSalaryHike,42,0.0077633087247424935,0.006500330807290316,0.3505174587433949
NumCompaniesWorked,16,-0.0075911929594135435,0.07301977818136673,0.19397191602786856
TotalWorkingYears,17,0.007402114610837785,0.06653290233867579,0.20698173981391432
Age,14,0.007099771517025984,0.08795258132836721,0.16780870086071736
Gender_Female,25,0.0070476918916800154,0.03160851885447739,0.28740341007070747
DistanceFromHome,17,-0.006995970118974014,0.06653290233867579,0.20698173981391432
TotalWorkingYears,16,0.006986901347956124,0.07301977818136673,0.19397191602786856
Department_Research...Development,71,0.006969631411682674,4.377420698151201e-4,0.36242380570606114
YearsInCurrentRole,7,0.006900961381205361,0.16868515827025962,0.06632577580388649
Gender_Male,25,-0.006854241996294804,0.03160851885447739,0.28740341007070747
YearsWithCurrManager,7,0.006844516188869458,0.16868515827025962,0.06632577580388649
PerformanceRating,31,-0.006603881609375377,0.018087556605282298,0.32169487980111905
TotalWorkingYears,15,0.006548154910895869,0.08013911641062678,0.18044049287694436
Age,13,0.00635358850393353,0.09652784942981063,0.1550980674820616
RelationshipSatisfaction,15,0.006338025398853599,0.08013911641062678,0.18044049287694436
TotalWorkingYears,14,0.006225254768273976,0.08795258132836721,0.16780870086071736
JobLevel,4,0.006117697960179265,0.2229918518529609,0.02189109809994235
TotalWorkingYears,13,0.005939688093378737,0.09652784942981063,0.1550980674820616
JobInvolvement,8,0.005725603167117798,0.15369963372530726,0.08084273872013047
Education,32,-0.005670674803518736,0.01648070792786394,0.3256214303482414
PercentSalaryHike,41,0.005667329309110552,0.007134105036297602,0.34893757609222753
TotalWorkingYears,12,0.005627407937766918,0.10593919558491677,0.14174565720426993
Age,12,0.005568209707567047,0.10593919558491677,0.14174565720426993
DistanceFromHome,16,-0.005413828090031579,0.07301977818136673,0.19397191602786856
TotalWorkingYears,11,0.005253708543521272,0.11626813637177358,0.12772107627145066
JobRole_Laboratory.Technician,12,-0.0050989810756441,0.10593919558491677,0.14174565720426993
Department_Research...Development,70,0.0050104673093822796,4.8042138122646953e-4,0.3623785051143624
TotalWorkingYears,10,0.00482402855269304,0.1276041361341998,0.11229355406288492
Age,11,0.004747797520932778,0.11626813637177358,0.12772107627145066
EducationField_Medical,25,0.004742759227401314,0.03160851885447739,0.28740341007070747
JobSatisfaction,10,0.004624007245791035,0.1276041361341998,0.11229355406288492
TotalWorkingYears,9,0.004362114596741179,0.14004538187909216,0.09679723824045484
YearsInCurrentRole,6,0.004208827027140098,0.18513175295861073,0.05157123607097986
YearsWithCurrManager,6,0.004101603352204595,0.18513175295861073,0.05157123607097986
YearsAtCompany,36,-0.0039810359695795945,0.0113595126951847,0.3379337135395595
Age,10,0.003893090869401831,0.1276041361341998,0.11229355406288492
TotalWorkingYears,8,0.003847861485960402,0.15369963372530726,0.08084273872013047
DistanceFromHome,15,-0.003768590055324083,0.08013911641062678,0.18044049287694436
StockOptionLevel,7,0.003685404384905209,0.16868515827025962,0.06632577580388649
PercentSalaryHike,40,0.0034858351976158777,0.007829671470234412,0.34716434627406656
TotalWorkingYears,7,0.0032745343310448057,0.16868515827025962,0.06632577580388649
Age,9,0.0029816557967996342,0.14004538187909216,0.09679723824045484
HourlyRate,69,0.0029409932896972903,5.272618728125192e-4,0.3623298698791808
HourlyRate,68,0.0029409545979699977,5.786692545032966e-4,0.362274724273457
HourlyRate,70,0.002940851097052759,4.8042138122646953e-4,0.3623785051143624
HourlyRate,67,0.002940496022725505,6.35088792446155e-4,0.3622124809128614
HourlyRate,66,0.00294042233810134,6.970091656881309e-4,0.3621389708220613
HourlyRate,71,0.002940132555107892,4.377420698151201e-4,0.36242380570606114
HourlyRate,65,0.0029399228346239817,7.649666988800687e-4,0.3620558681243696
HourlyRate,72,0.002938808661553287,3.988542708004438e-4,0.3624661887046761
HourlyRate,64,0.0029386722958869337,8.395500076641738e-4,0.36196382696590595
HourlyRate,73,0.0029375135698833437,3.634211566709661e-4,0.36250335554747265
HourlyRate,63,0.0029369912601825174,9.214050969811165e-4,0.36185858356393547
HourlyRate,74,0.0029362759345070814,3.311358227429965e-4,0.3625352485239564
HourlyRate,75,0.0029349434690071376,3.017186288990788e-4,0.3625643260515155
HourlyRate,62,0.0029348406814592564,0.001011240956455785,0.36173779317598387
HourlyRate,76,0.0029337283599361642,2.749147774790711e-4,0.3625891229427948
HourlyRate,77,0.002932505178600825,2.5049210634470686e-4,0.36261119687824717
HourlyRate,61,0.002932026893955414,0.0011098357013262414,0.3616011962312166
HourlyRate,78,0.002931319836475625,2.2823907800221732e-4,0.36263078551494077
HourlyRate,79,0.0029302291561312515,2.0796294736575847e-4,0.3626476335247683
HourlyRate,80,0.0029291010472746754,1.894880922916849e-4,0.36266329993878255
HourlyRate,60,0.0029285155246281257,0.0012180433121056701,0.361445151152419
HourlyRate,81,0.002928103218537801,1.726544924235578e-4,0.36267670590257495
HourlyRate,82,0.0029271275780997762,1.573163431723698e-4,0.36268878304664653
HourlyRate,83,0.0029262032546277963,1.4334079282694658e-4,0.3626996358496665
HourlyRate,84,0.002925372424049629,1.3060679185598e-4,0.36270900867236205
HourlyRate,59,0.0029241995221561284,0.0013368010313530461,0.3612668113676365
Department_Research...Development,69,0.002923573055584584,5.272618728125192e-4,0.3623298698791808
HourlyRate,58,0.0029189608486774638,0.0014671374816198123,0.3610628161978371
HourlyRate,57,0.002912713602341366,0.0016101815748863352,0.36082886696660776
HourlyRate,56,0.0029052209779860624,0.0017671722906574176,0.3605630327202353
HourlyRate,55,0.0028963557698357826,0.001939469407410052,0.3602582895122597
HourlyRate,54,0.002886604658270086,0.002128565280344081,0.3599126037612435
HourlyRate,53,0.0028764274192971243,0.00233609776744901,0.3595201862708644
HourlyRate,52,0.0028654997533294805,0.002563864415846373,0.35911763857005125
HourlyRate,51,0.002852321893969889,0.0028138380312829696,0.3586584069105049
HourlyRate,50,0.0028361308862916925,0.0030881837656304705,0.3581500660051783
HourlyRate,49,0.0028180910732170743,0.0033892778703951388,0.3575584590141311
HourlyRate,48,0.002797472812872416,0.003719728278671599,0.3568862839675571
HourlyRate,47,0.002774155647528896,0.00408239719381169,0.35612114930746547
HourlyRate,46,0.0027476756476419897,0.004480425880460647,0.3552550274455445
HourlyRate,45,0.0027178603963121154,0.004917261872688699,0.35427601746796533
JobRole_Healthcare.Representative,19,0.0027015962074513444,0.055236784380377574,0.23145129884950377
HourlyRate,44,0.002684280928346181,0.005396688834881921,0.35317097725719754
HourlyRate,43,0.0026466057329166967,0.005922859334033068,0.3519241192592846
HourlyRate,42,0.002604521310962327,0.006500330807290316,0.3505174587433949
TotalWorkingYears,6,0.00260053379721955,0.18513175295861073,0.05157123607097986
HourlyRate,41,0.002557426687047591,0.007134105036297602,0.34893757609222753
YearsSinceLastPromotion,23,-0.002553524806110797,0.03807257286255448,0.27070617891247667
HourlyRate,40,0.002504869770087749,0.007829671470234412,0.34716434627406656
HourlyRate,39,0.0024463963460183663,0.008593054772798469,0.34517585847057386
EducationField_Marketing,18,-0.0024090544666631,0.06062230266727051,0.21943656292354227
HourlyRate,38,0.0023800711688909287,0.009430867004960533,0.34299410935673436
HourlyRate,37,0.0023052180787919286,0.01035036489547338,0.3406035179119267
MaritalStatus_Divorced,26,0.0022673792813647916,0.028800505156174022,0.29474201045148735
HourlyRate,36,0.0022225836702698203,0.0113595126951847,0.3379337135395595
HourlyRate,35,0.002133166955487214,0.012467051159567907,0.33505388278095777
Department_Research...Development,51,0.0021182203140128215,0.0028138380312829696,0.3586584069105049
DistanceFromHome,14,-0.002096499870000349,0.08795258132836721,0.16780870086071736
HourlyRate,34,0.002041777038471326,0.013682573256964552,0.3322769013147441
Age,8,0.0020155441331877635,0.15369963372530726,0.08084273872013047
EnvironmentSatisfaction,8,0.001996534034528428,0.15369963372530726,0.08084273872013047
HourlyRate,33,0.001938766714297465,0.0150166072582869,0.3291465765077483
HourlyRate,32,0.0018235830163891463,0.01648070792786394,0.3256214303482414
TrainingTimesLastYear,17,0.0017626587329826835,0.06653290233867579,0.20698173981391432
HourlyRate,31,0.0016900257843300971,0.018087556605282298,0.32169487980111905
BusinessTravel_Non.Travel,14,0.0016315462307295453,0.08795258132836721,0.16780870086071736
HourlyRate,30,0.001535466618244393,0.019851071045083095,0.3173917016003022
TotalWorkingYears,5,0.001512572513500208,0.20318187032564072,0.036036085637855327
Department_Sales,30,-0.0014051086758034154,0.019851071045083095,0.3173917016003022
YearsInCurrentRole,5,0.0013841124579342236,0.20318187032564072,0.036036085637855327
HourlyRate,29,0.0013648216628588024,0.021786525965693648,0.3126143885653771
YearsWithCurrManager,5,0.0012414562246964916,0.20318187032564072,0.036036085637855327
PercentSalaryHike,39,0.0012271265576212901,0.008593054772798469,0.34517585847057386
HourlyRate,28,0.0011779078417068864,0.02391068535173119,0.3072782442919343
Department_Research...Development,15,0.0011029530140222769,0.08013911641062678,0.18044049287694436
Department_Research...Development,68,0.0010935647565747755,5.786692545032966e-4,0.362274724273457
HourlyRate,27,9.739832779499241e-4,0.02624194765561788,0.301326935666394
Age,7,9.680534152187396e-4,0.16868515827025962,0.06632577580388649
NumCompaniesWorked,15,-8.750215572844877e-4,0.08013911641062678,0.18044049287694436
Education,31,-8.118532094548656e-4,0.018087556605282298,0.32169487980111905
HourlyRate,26,7.518619102270188e-4,0.028800505156174022,0.29474201045148735
HourlyRate,25,5.159172321475059e-4,0.03160851885447739,0.28740341007070747
DistanceFromHome,13,-4.10706965039133e-4,0.09652784942981063,0.1550980674820616
DailyRate,84,2.9457693619374265e-4,1.3060679185598e-4,0.36270900867236205
DailyRate,83,2.945617935671093e-4,1.4334079282694658e-4,0.3626996358496665
DailyRate,82,2.9454633332280856e-4,1.573163431723698e-4,0.36268878304664653
DailyRate,81,2.945268788020239e-4,1.726544924235578e-4,0.36267670590257495
DailyRate,80,2.9450296160366896e-4,1.894880922916849e-4,0.36266329993878255
DailyRate,79,2.9447858598900914e-4,2.0796294736575847e-4,0.3626476335247683
DailyRate,78,2.944440341484743e-4,2.2823907800221732e-4,0.36263078551494077
DailyRate,77,2.9440727948334093e-4,2.5049210634470686e-4,0.36261119687824717
DailyRate,76,2.943629845472291e-4,2.749147774790711e-4,0.3625891229427948
DailyRate,75,2.943096861647842e-4,3.017186288990788e-4,0.3625643260515155
DailyRate,74,2.9425360496253625e-4,3.311358227429965e-4,0.3625352485239564
DailyRate,73,2.9418016970545667e-4,3.634211566709661e-4,0.36250335554747265
DailyRate,72,2.9410031979456956e-4,3.988542708004438e-4,0.3624661887046761
DailyRate,71,2.9398712193165764e-4,4.377420698151201e-4,0.36242380570606114
DailyRate,70,2.9378872830565446e-4,4.8042138122646953e-4,0.3623785051143624
DailyRate,69,2.9353554107520416e-4,5.272618728125192e-4,0.3623298698791808
DailyRate,68,2.9325325145032247e-4,5.786692545032966e-4,0.362274724273457
DailyRate,67,2.929419658670705e-4,6.35088792446155e-4,0.3622124809128614
DailyRate,66,2.9259931632805055e-4,6.970091656881309e-4,0.3621389708220613
DailyRate,65,2.922447650070535e-4,7.649666988800687e-4,0.3620558681243696
DailyRate,64,2.9183034665860436e-4,8.395500076641738e-4,0.36196382696590595
DailyRate,63,2.913707303722387e-4,9.214050969811165e-4,0.36185858356393547
DailyRate,62,2.908584314937763e-4,0.001011240956455785,0.36173779317598387
DailyRate,61,2.902903640128481e-4,0.0011098357013262414,0.3616011962312166
DailyRate,60,2.8965975349490693e-4,0.0012180433121056701,0.361445151152419
DailyRate,59,2.8895992611771483e-4,0.0013368010313530461,0.3612668113676365
DailyRate,58,2.881839588994238e-4,0.0014671374816198123,0.3610628161978371
DailyRate,57,2.8731951990727627e-4,0.0016101815748863352,0.36082886696660776
DailyRate,56,2.8636372483506315e-4,0.0017671722906574176,0.3605630327202353
DailyRate,55,2.853068700459956e-4,0.001939469407410052,0.3602582895122597
DailyRate,54,2.842021436139226e-4,0.002128565280344081,0.3599126037612435
DailyRate,53,2.828647560013516e-4,0.00233609776744901,0.3595201862708644
DailyRate,52,2.813625264110096e-4,0.002563864415846373,0.35911763857005125
DailyRate,51,2.7965835064922023e-4,0.0028138380312829696,0.3586584069105049
DailyRate,50,2.7798081169789286e-4,0.0030881837656304705,0.3581500660051783
DailyRate,49,2.7599823635455616e-4,0.0033892778703951388,0.3575584590141311
DailyRate,48,2.7383816681805675e-4,0.003719728278671599,0.3568862839675571
DailyRate,47,2.714560227788391e-4,0.00408239719381169,0.35612114930746547
DailyRate,46,2.6886729264679774e-4,0.004480425880460647,0.3552550274455445
DailyRate,45,2.6595325433505045e-4,0.004917261872688699,0.35427601746796533
DailyRate,44,2.62801786416036e-4,0.005396688834881921,0.35317097725719754
HourlyRate,24,2.6057422866746877e-4,0.03469031042185292,0.2793493821504954
DailyRate,43,2.593766305142546e-4,0.005922859334033068,0.3519241192592846
DailyRate,42,2.556236245706555e-4,0.006500330807290316,0.3505174587433949
DailyRate,41,2.5158157800045535e-4,0.007134105036297602,0.34893757609222753
DailyRate,40,2.4720387450745743e-4,0.007829671470234412,0.34716434627406656
DailyRate,39,2.4242571535928542e-4,0.008593054772798469,0.34517585847057386
DailyRate,38,2.3710909935793857e-4,0.009430867004960533,0.34299410935673436
DailyRate,37,2.3115330448659455e-4,0.01035036489547338,0.3406035179119267
DailyRate,36,2.2475317040186526e-4,0.0113595126951847,0.3379337135395595
DailyRate,35,2.179234979720058e-4,0.012467051159567907,0.33505388278095777
DailyRate,34,2.1077728161659454e-4,0.013682573256964552,0.3322769013147441
DailyRate,33,2.0310091807074134e-4,0.0150166072582869,0.3291465765077483
DailyRate,32,1.948488167974336e-4,0.01648070792786394,0.3256214303482414
DailyRate,31,1.8613002217870444e-4,0.018087556605282298,0.32169487980111905
DailyRate,30,1.7676470295026345e-4,0.019851071045083095,0.3173917016003022
DailyRate,29,1.6690915792356574e-4,0.021786525965693648,0.3126143885653771
DailyRate,28,1.5638027483538784e-4,0.02391068535173119,0.3072782442919343
DailyRate,27,1.4512271457224252e-4,0.02624194765561788,0.301326935666394
DailyRate,26,1.3313156375853607e-4,0.028800505156174022,0.29474201045148735
DailyRate,25,1.2026105152400295e-4,0.03160851885447739,0.28740341007070747
DailyRate,24,1.064473439544901e-4,0.03469031042185292,0.2793493821504954
DailyRate,23,9.149491988547208e-5,0.03807257286255448,0.27070617891247667
DailyRate,22,7.310537870568352e-5,0.04178460171579797,0.26203343554047254
DailyRate,21,5.304349359206255e-5,0.0458585487997073,0.2528330937662405
DailyRate,20,3.240984664440453e-5,0.050329700694981834,0.24270222693166177
MonthlyIncome,32,1.7980444219101957e-5,0.01648070792786394,0.3256214303482414
MonthlyIncome,31,1.791319154771351e-5,0.018087556605282298,0.32169487980111905
MonthlyIncome,30,1.7652923927006635e-5,0.019851071045083095,0.3173917016003022
MonthlyIncome,33,1.7469121573344892e-5,0.0150166072582869,0.3291465765077483
MonthlyIncome,29,1.7364155288915843e-5,0.021786525965693648,0.3126143885653771
MonthlyIncome,28,1.7068410339873998e-5,0.02391068535173119,0.3072782442919343
MonthlyIncome,34,1.6962715164162816e-5,0.013682573256964552,0.3322769013147441
MonthlyIncome,27,1.6764216589754037e-5,0.02624194765561788,0.301326935666394
MonthlyIncome,26,1.644933920955374e-5,0.028800505156174022,0.29474201045148735
MonthlyIncome,35,1.6401971588924665e-5,0.012467051159567907,0.33505388278095777
MonthlyIncome,25,1.6130099826695653e-5,0.03160851885447739,0.28740341007070747
MonthlyIncome,36,1.6020978346202506e-5,0.0113595126951847,0.3379337135395595
MonthlyIncome,24,1.5799806117758712e-5,0.03469031042185292,0.2793493821504954
MonthlyIncome,37,1.564476937782887e-5,0.01035036489547338,0.3406035179119267
MonthlyIncome,23,1.5421322073763384e-5,0.03807257286255448,0.27070617891247667
MonthlyIncome,22,1.5209241126182326e-5,0.04178460171579797,0.26203343554047254
MonthlyIncome,38,1.5187011397449298e-5,0.009430867004960533,0.34299410935673436
MonthlyIncome,21,1.5054208016283388e-5,0.0458585487997073,0.2528330937662405
MonthlyIncome,20,1.48412761005335e-5,0.050329700694981834,0.24270222693166177
MonthlyIncome,39,1.4654604966371813e-5,0.008593054772798469,0.34517585847057386
MonthlyIncome,19,1.458517385112521e-5,0.055236784380377574,0.23145129884950377
MonthlyIncome,18,1.418164773094585e-5,0.06062230266727051,0.21943656292354227
MonthlyIncome,40,1.3950169433894082e-5,0.007829671470234412,0.34716434627406656
MonthlyIncome,17,1.3416123208712579e-5,0.06653290233867579,0.20698173981391432
MonthlyIncome,41,1.328139896646777e-5,0.007134105036297602,0.34893757609222753
MonthlyIncome,16,1.2608873051275341e-5,0.07301977818136673,0.19397191602786856
MonthlyIncome,42,1.2564664621833258e-5,0.006500330807290316,0.3505174587433949
MonthlyIncome,84,-1.1923680091272951e-5,1.3060679185598e-4,0.36270900867236205
MonthlyIncome,15,1.1749238800576109e-5,0.08013911641062678,0.18044049287694436
MonthlyIncome,43,1.1713692142677573e-5,0.005922859334033068,0.3519241192592846
MonthlyIncome,83,-1.1423979197158621e-5,1.4334079282694658e-4,0.3626996358496665
DailyRate,19,1.1055875686813132e-5,0.055236784380377574,0.23145129884950377
MonthlyIncome,14,1.0965700489441306e-5,0.08795258132836721,0.16780870086071736
MonthlyIncome,44,1.0903921052679882e-5,0.005396688834881921,0.35317097725719754
MonthlyIncome,82,-1.0863884544799002e-5,1.573163431723698e-4,0.36268878304664653
MonthlyIncome,81,-1.0256209072434788e-5,1.726544924235578e-4,0.36267670590257495
MonthlyIncome,13,1.0166135639325794e-5,0.09652784942981063,0.1550980674820616
MonthlyIncome,45,1.0059604618978602e-5,0.004917261872688699,0.35427601746796533
MonthlyIncome,80,-9.609030129619432e-6,1.894880922916849e-4,0.36266329993878255
MonthlyIncome,12,9.282067982354233e-6,0.10593919558491677,0.14174565720426993
MonthlyIncome,46,9.1016087447098e-6,0.004480425880460647,0.3552550274455445
MonthlyIncome,79,-8.871115449058296e-6,2.0796294736575847e-4,0.3626476335247683
MonthlyIncome,47,8.171457125970872e-6,0.00408239719381169,0.35612114930746547
MonthlyIncome,11,8.115444907244043e-6,0.11626813637177358,0.12772107627145066
MonthlyIncome,78,-8.108738837481885e-6,2.2823907800221732e-4,0.36263078551494077
MonthlyIncome,77,-7.259587808368958e-6,2.5049210634470686e-4,0.36261119687824717
MonthlyIncome,48,7.146323018752525e-6,0.003719728278671599,0.3568862839675571
MonthlyIncome,10,6.870183512592665e-6,0.1276041361341998,0.11229355406288492
MonthlyIncome,76,-6.341163938027977e-6,2.749147774790711e-4,0.3625891229427948
MonthlyIncome,49,6.172555849520828e-6,0.0033892778703951388,0.3575584590141311
MonthlyIncome,9,5.5514442842753755e-6,0.14004538187909216,0.09679723824045484
MonthlyIncome,75,-5.367048493503521e-6,3.017186288990788e-4,0.3625643260515155
MonthlyIncome,50,5.124235098351667e-6,0.0030881837656304705,0.3581500660051783
MonthlyIncome,51,4.392789404452242e-6,0.0028138380312829696,0.3586584069105049
MonthlyIncome,74,-4.26504691756417e-6,3.311358227429965e-4,0.3625352485239564
MonthlyIncome,8,4.1533023797444555e-6,0.15369963372530726,0.08084273872013047
MonthlyIncome,52,3.3576400662566714e-6,0.002563864415846373,0.35911763857005125
MonthlyIncome,73,-3.1277262230551974e-6,3.634211566709661e-4,0.36250335554747265
MonthlyIncome,7,2.7467320626583953e-6,0.16868515827025962,0.06632577580388649
MonthlyRate,84,-2.3292149662265275e-6,1.3060679185598e-4,0.36270900867236205
MonthlyRate,83,-2.318193430639833e-6,1.4334079282694658e-4,0.3626996358496665
MonthlyRate,82,-2.3060336944483863e-6,1.573163431723698e-4,0.36268878304664653
MonthlyRate,81,-2.2927025629004073e-6,1.726544924235578e-4,0.36267670590257495
MonthlyRate,80,-2.278228620160447e-6,1.894880922916849e-4,0.36266329993878255
MonthlyRate,79,-2.2621246272230746e-6,2.0796294736575847e-4,0.3626476335247683
MonthlyRate,78,-2.244742930963162e-6,2.2823907800221732e-4,0.36263078551494077
MonthlyRate,77,-2.2256197899224176e-6,2.5049210634470686e-4,0.36261119687824717
MonthlyIncome,53,2.2173439017917825e-6,0.00233609776744901,0.3595201862708644
MonthlyRate,76,-2.204705046054064e-6,2.749147774790711e-4,0.3625891229427948
MonthlyRate,75,-2.182048815676988e-6,3.017186288990788e-4,0.3625643260515155
MonthlyRate,74,-2.1569550838100274e-6,3.311358227429965e-4,0.3625352485239564
MonthlyRate,73,-2.1299224774938734e-6,3.634211566709661e-4,0.36250335554747265
MonthlyRate,72,-2.1002676875768055e-6,3.988542708004438e-4,0.3624661887046761
MonthlyRate,71,-2.0685837463000276e-6,4.377420698151201e-4,0.36242380570606114
MonthlyRate,70,-2.0406867702173612e-6,4.8042138122646953e-4,0.3623785051143624
MonthlyRate,69,-2.0144199950082183e-6,5.272618728125192e-4,0.3623298698791808
MonthlyRate,68,-1.9855169387047718e-6,5.786692545032966e-4,0.362274724273457
MonthlyRate,67,-1.9538669588959663e-6,6.35088792446155e-4,0.3622124809128614
MonthlyRate,66,-1.918853330989217e-6,6.970091656881309e-4,0.3621389708220613
MonthlyRate,65,-1.8807876840063952e-6,7.649666988800687e-4,0.3620558681243696
MonthlyIncome,72,-1.8679981754140672e-6,3.988542708004438e-4,0.3624661887046761
MonthlyRate,64,-1.8403461992842716e-6,8.395500076641738e-4,0.36196382696590595
MonthlyRate,63,-1.7962654871409932e-6,9.214050969811165e-4,0.36185858356393547
MonthlyRate,62,-1.7482037296390657e-6,0.001011240956455785,0.36173779317598387
MonthlyRate,61,-1.6958369164958893e-6,0.0011098357013262414,0.3616011962312166
MonthlyRate,60,-1.6388639770142928e-6,0.0012180433121056701,0.361445151152419
MonthlyRate,59,-1.5769360615595717e-6,0.0013368010313530461,0.3612668113676365
MonthlyRate,58,-1.5096970693772174e-6,0.0014671374816198123,0.3610628161978371
MonthlyRate,57,-1.4366777593518232e-6,0.0016101815748863352,0.36082886696660776
MonthlyRate,56,-1.3574678405839722e-6,0.0017671722906574176,0.3605630327202353
MonthlyIncome,6,1.2985672559176849e-6,0.18513175295861073,0.05157123607097986
MonthlyRate,55,-1.2717173043815586e-6,0.001939469407410052,0.3602582895122597
MonthlyRate,54,-1.1703504243410002e-6,0.002128565280344081,0.3599126037612435
MonthlyRate,53,-1.0548849736741462e-6,0.00233609776744901,0.3595201862708644
MonthlyRate,52,-9.235346302839365e-7,0.002563864415846373,0.35911763857005125
MonthlyIncome,54,7.943378705435188e-7,0.002128565280344081,0.3599126037612435
MonthlyRate,51,-7.841823709897787e-7,0.0028138380312829696,0.3586584069105049
MonthlyRate,50,-6.425660009100652e-7,0.0030881837656304705,0.3581500660051783
MonthlyIncome,71,-5.751921880989855e-7,4.377420698151201e-4,0.36242380570606114
MonthlyRate,49,-4.943933182696807e-7,0.0033892778703951388,0.3575584590141311
MonthlyRate,48,-3.364078688242895e-7,0.003719728278671599,0.3568862839675571
MonthlyRate,47,-1.6674597162452012e-7,0.00408239719381169,0.35612114930746547
Age,1,0,0.2947821047370696,1.8248719679534334e-14
Age,2,0,0.26859447500575323,0.006650365275000143
Age,3,0,0.24473328212363502,0.012766027505547168
Age,4,0,0.2229918518529609,0.02189109809994235
Age,5,0,0.20318187032564072,0.036036085637855327
Age,6,0,0.18513175295861073,0.05157123607097986
DailyRate,1,0,0.2947821047370696,1.8248719679534334e-14
DailyRate,2,0,0.26859447500575323,0.006650365275000143
DailyRate,3,0,0.24473328212363502,0.012766027505547168
DailyRate,4,0,0.2229918518529609,0.02189109809994235
DailyRate,5,0,0.20318187032564072,0.036036085637855327
DailyRate,6,0,0.18513175295861073,0.05157123607097986
DailyRate,7,0,0.16868515827025962,0.06632577580388649
DailyRate,8,0,0.15369963372530726,0.08084273872013047
DailyRate,9,0,0.14004538187909216,0.09679723824045484
DailyRate,10,0,0.1276041361341998,0.11229355406288492
DailyRate,11,0,0.11626813637177358,0.12772107627145066
DailyRate,12,0,0.10593919558491677,0.14174565720426993
DailyRate,13,0,0.09652784942981063,0.1550980674820616
DailyRate,14,0,0.08795258132836721,0.16780870086071736
DailyRate,15,0,0.08013911641062678,0.18044049287694436
DailyRate,16,0,0.07301977818136673,0.19397191602786856
DailyRate,17,0,0.06653290233867579,0.20698173981391432
DailyRate,18,0,0.06062230266727051,0.21943656292354227
DistanceFromHome,1,0,0.2947821047370696,1.8248719679534334e-14
DistanceFromHome,2,0,0.26859447500575323,0.006650365275000143
DistanceFromHome,3,0,0.24473328212363502,0.012766027505547168
DistanceFromHome,4,0,0.2229918518529609,0.02189109809994235
DistanceFromHome,5,0,0.20318187032564072,0.036036085637855327
DistanceFromHome,6,0,0.18513175295861073,0.05157123607097986
DistanceFromHome,7,0,0.16868515827025962,0.06632577580388649
DistanceFromHome,8,0,0.15369963372530726,0.08084273872013047
DistanceFromHome,9,0,0.14004538187909216,0.09679723824045484
DistanceFromHome,10,0,0.1276041361341998,0.11229355406288492
DistanceFromHome,11,0,0.11626813637177358,0.12772107627145066
DistanceFromHome,12,0,0.10593919558491677,0.14174565720426993
Education,1,0,0.2947821047370696,1.8248719679534334e-14
Education,2,0,0.26859447500575323,0.006650365275000143
Education,3,0,0.24473328212363502,0.012766027505547168
Education,4,0,0.2229918518529609,0.02189109809994235
Education,5,0,0.20318187032564072,0.036036085637855327
Education,6,0,0.18513175295861073,0.05157123607097986
Education,7,0,0.16868515827025962,0.06632577580388649
Education,8,0,0.15369963372530726,0.08084273872013047
Education,9,0,0.14004538187909216,0.09679723824045484
Education,10,0,0.1276041361341998,0.11229355406288492
Education,11,0,0.11626813637177358,0.12772107627145066
Education,12,0,0.10593919558491677,0.14174565720426993
Education,13,0,0.09652784942981063,0.1550980674820616
Education,14,0,0.08795258132836721,0.16780870086071736
Education,15,0,0.08013911641062678,0.18044049287694436
Education,16,0,0.07301977818136673,0.19397191602786856
Education,17,0,0.06653290233867579,0.20698173981391432
Education,18,0,0.06062230266727051,0.21943656292354227
Education,19,0,0.055236784380377574,0.23145129884950377
Education,20,0,0.050329700694981834,0.24270222693166177
Education,21,0,0.0458585487997073,0.2528330937662405
Education,22,0,0.04178460171579797,0.26203343554047254
Education,23,0,0.03807257286255448,0.27070617891247667
Education,24,0,0.03469031042185292,0.2793493821504954
Education,25,0,0.03160851885447739,0.28740341007070747
Education,26,0,0.028800505156174022,0.29474201045148735
Education,27,0,0.02624194765561788,0.301326935666394
Education,28,0,0.02391068535173119,0.3072782442919343
Education,29,0,0.021786525965693648,0.3126143885653771
Education,30,0,0.019851071045083095,0.3173917016003022
EnvironmentSatisfaction,1,0,0.2947821047370696,1.8248719679534334e-14
EnvironmentSatisfaction,2,0,0.26859447500575323,0.006650365275000143
EnvironmentSatisfaction,3,0,0.24473328212363502,0.012766027505547168
EnvironmentSatisfaction,4,0,0.2229918518529609,0.02189109809994235
EnvironmentSatisfaction,5,0,0.20318187032564072,0.036036085637855327
EnvironmentSatisfaction,6,0,0.18513175295861073,0.05157123607097986
EnvironmentSatisfaction,7,0,0.16868515827025962,0.06632577580388649
HourlyRate,1,0,0.2947821047370696,1.8248719679534334e-14
HourlyRate,2,0,0.26859447500575323,0.006650365275000143
HourlyRate,3,0,0.24473328212363502,0.012766027505547168
HourlyRate,4,0,0.2229918518529609,0.02189109809994235
HourlyRate,5,0,0.20318187032564072,0.036036085637855327
HourlyRate,6,0,0.18513175295861073,0.05157123607097986
HourlyRate,7,0,0.16868515827025962,0.06632577580388649
HourlyRate,8,0,0.15369963372530726,0.08084273872013047
HourlyRate,9,0,0.14004538187909216,0.09679723824045484
HourlyRate,10,0,0.1276041361341998,0.11229355406288492
HourlyRate,11,0,0.11626813637177358,0.12772107627145066
HourlyRate,12,0,0.10593919558491677,0.14174565720426993
HourlyRate,13,0,0.09652784942981063,0.1550980674820616
HourlyRate,14,0,0.08795258132836721,0.16780870086071736
HourlyRate,15,0,0.08013911641062678,0.18044049287694436
HourlyRate,16,0,0.07301977818136673,0.19397191602786856
HourlyRate,17,0,0.06653290233867579,0.20698173981391432
HourlyRate,18,0,0.06062230266727051,0.21943656292354227
HourlyRate,19,0,0.055236784380377574,0.23145129884950377
HourlyRate,20,0,0.050329700694981834,0.24270222693166177
HourlyRate,21,0,0.0458585487997073,0.2528330937662405
HourlyRate,22,0,0.04178460171579797,0.26203343554047254
HourlyRate,23,0,0.03807257286255448,0.27070617891247667
JobInvolvement,1,0,0.2947821047370696,1.8248719679534334e-14
JobInvolvement,2,0,0.26859447500575323,0.006650365275000143
JobInvolvement,3,0,0.24473328212363502,0.012766027505547168
JobInvolvement,4,0,0.2229918518529609,0.02189109809994235
JobInvolvement,5,0,0.20318187032564072,0.036036085637855327
JobInvolvement,6,0,0.18513175295861073,0.05157123607097986
JobInvolvement,7,0,0.16868515827025962,0.06632577580388649
JobLevel,1,0,0.2947821047370696,1.8248719679534334e-14
JobLevel,2,0,0.26859447500575323,0.006650365275000143
JobLevel,3,0,0.24473328212363502,0.012766027505547168
JobSatisfaction,1,0,0.2947821047370696,1.8248719679534334e-14
JobSatisfaction,2,0,0.26859447500575323,0.006650365275000143
JobSatisfaction,3,0,0.24473328212363502,0.012766027505547168
JobSatisfaction,4,0,0.2229918518529609,0.02189109809994235
JobSatisfaction,5,0,0.20318187032564072,0.036036085637855327
JobSatisfaction,6,0,0.18513175295861073,0.05157123607097986
JobSatisfaction,7,0,0.16868515827025962,0.06632577580388649
JobSatisfaction,8,0,0.15369963372530726,0.08084273872013047
JobSatisfaction,9,0,0.14004538187909216,0.09679723824045484
MonthlyIncome,1,0,0.2947821047370696,1.8248719679534334e-14
MonthlyIncome,2,0,0.26859447500575323,0.006650365275000143
MonthlyIncome,3,0,0.24473328212363502,0.012766027505547168
MonthlyIncome,4,0,0.2229918518529609,0.02189109809994235
MonthlyIncome,5,0,0.20318187032564072,0.036036085637855327
MonthlyIncome,55,0,0.001939469407410052,0.3602582895122597
MonthlyIncome,56,0,0.0017671722906574176,0.3605630327202353
MonthlyIncome,57,0,0.0016101815748863352,0.36082886696660776
MonthlyIncome,58,0,0.0014671374816198123,0.3610628161978371
MonthlyIncome,59,0,0.0013368010313530461,0.3612668113676365
MonthlyIncome,60,0,0.0012180433121056701,0.361445151152419
MonthlyIncome,61,0,0.0011098357013262414,0.3616011962312166
MonthlyIncome,62,0,0.001011240956455785,0.36173779317598387
MonthlyIncome,63,0,9.214050969811165e-4,0.36185858356393547
MonthlyIncome,64,0,8.395500076641738e-4,0.36196382696590595
MonthlyIncome,65,0,7.649666988800687e-4,0.3620558681243696
MonthlyIncome,66,0,6.970091656881309e-4,0.3621389708220613
MonthlyIncome,67,0,6.35088792446155e-4,0.3622124809128614
MonthlyIncome,68,0,5.786692545032966e-4,0.362274724273457
MonthlyIncome,69,0,5.272618728125192e-4,0.3623298698791808
MonthlyIncome,70,0,4.8042138122646953e-4,0.3623785051143624
MonthlyRate,1,0,0.2947821047370696,1.8248719679534334e-14
MonthlyRate,2,0,0.26859447500575323,0.006650365275000143
MonthlyRate,3,0,0.24473328212363502,0.012766027505547168
MonthlyRate,4,0,0.2229918518529609,0.02189109809994235
MonthlyRate,5,0,0.20318187032564072,0.036036085637855327
MonthlyRate,6,0,0.18513175295861073,0.05157123607097986
MonthlyRate,7,0,0.16868515827025962,0.06632577580388649
MonthlyRate,8,0,0.15369963372530726,0.08084273872013047
MonthlyRate,9,0,0.14004538187909216,0.09679723824045484
MonthlyRate,10,0,0.1276041361341998,0.11229355406288492
MonthlyRate,11,0,0.11626813637177358,0.12772107627145066
MonthlyRate,12,0,0.10593919558491677,0.14174565720426993
MonthlyRate,13,0,0.09652784942981063,0.1550980674820616
MonthlyRate,14,0,0.08795258132836721,0.16780870086071736
MonthlyRate,15,0,0.08013911641062678,0.18044049287694436
MonthlyRate,16,0,0.07301977818136673,0.19397191602786856
MonthlyRate,17,0,0.06653290233867579,0.20698173981391432
MonthlyRate,18,0,0.06062230266727051,0.21943656292354227
MonthlyRate,19,0,0.055236784380377574,0.23145129884950377
MonthlyRate,20,0,0.050329700694981834,0.24270222693166177
MonthlyRate,21,0,0.0458585487997073,0.2528330937662405
MonthlyRate,22,0,0.04178460171579797,0.26203343554047254
MonthlyRate,23,0,0.03807257286255448,0.27070617891247667
MonthlyRate,24,0,0.03469031042185292,0.2793493821504954
MonthlyRate,25,0,0.03160851885447739,0.28740341007070747
MonthlyRate,26,0,0.028800505156174022,0.29474201045148735
MonthlyRate,27,0,0.02624194765561788,0.301326935666394
MonthlyRate,28,0,0.02391068535173119,0.3072782442919343
MonthlyRate,29,0,0.021786525965693648,0.3126143885653771
MonthlyRate,30,0,0.019851071045083095,0.3173917016003022
MonthlyRate,31,0,0.018087556605282298,0.32169487980111905
MonthlyRate,32,0,0.01648070792786394,0.3256214303482414
MonthlyRate,33,0,0.0150166072582869,0.3291465765077483
MonthlyRate,34,0,0.013682573256964552,0.3322769013147441
MonthlyRate,35,0,0.012467051159567907,0.33505388278095777
MonthlyRate,36,0,0.0113595126951847,0.3379337135395595
MonthlyRate,37,0,0.01035036489547338,0.3406035179119267
MonthlyRate,38,0,0.009430867004960533,0.34299410935673436
MonthlyRate,39,0,0.008593054772798469,0.34517585847057386
MonthlyRate,40,0,0.007829671470234412,0.34716434627406656
MonthlyRate,41,0,0.007134105036297602,0.34893757609222753
MonthlyRate,42,0,0.006500330807290316,0.3505174587433949
MonthlyRate,43,0,0.005922859334033068,0.3519241192592846
MonthlyRate,44,0,0.005396688834881921,0.35317097725719754
MonthlyRate,45,0,0.004917261872688699,0.35427601746796533
MonthlyRate,46,0,0.004480425880460647,0.3552550274455445
NumCompaniesWorked,1,0,0.2947821047370696,1.8248719679534334e-14
NumCompaniesWorked,2,0,0.26859447500575323,0.006650365275000143
NumCompaniesWorked,3,0,0.24473328212363502,0.012766027505547168
NumCompaniesWorked,4,0,0.2229918518529609,0.02189109809994235
NumCompaniesWorked,5,0,0.20318187032564072,0.036036085637855327
NumCompaniesWorked,6,0,0.18513175295861073,0.05157123607097986
NumCompaniesWorked,7,0,0.16868515827025962,0.06632577580388649
NumCompaniesWorked,8,0,0.15369963372530726,0.08084273872013047
NumCompaniesWorked,9,0,0.14004538187909216,0.09679723824045484
NumCompaniesWorked,10,0,0.1276041361341998,0.11229355406288492
NumCompaniesWorked,11,0,0.11626813637177358,0.12772107627145066
NumCompaniesWorked,12,0,0.10593919558491677,0.14174565720426993
NumCompaniesWorked,13,0,0.09652784942981063,0.1550980674820616
NumCompaniesWorked,14,0,0.08795258132836721,0.16780870086071736
PercentSalaryHike,1,0,0.2947821047370696,1.8248719679534334e-14
PercentSalaryHike,2,0,0.26859447500575323,0.006650365275000143
PercentSalaryHike,3,0,0.24473328212363502,0.012766027505547168
PercentSalaryHike,4,0,0.2229918518529609,0.02189109809994235
PercentSalaryHike,5,0,0.20318187032564072,0.036036085637855327
PercentSalaryHike,6,0,0.18513175295861073,0.05157123607097986
PercentSalaryHike,7,0,0.16868515827025962,0.06632577580388649
PercentSalaryHike,8,0,0.15369963372530726,0.08084273872013047
PercentSalaryHike,9,0,0.14004538187909216,0.09679723824045484
PercentSalaryHike,10,0,0.1276041361341998,0.11229355406288492
PercentSalaryHike,11,0,0.11626813637177358,0.12772107627145066
PercentSalaryHike,12,0,0.10593919558491677,0.14174565720426993
PercentSalaryHike,13,0,0.09652784942981063,0.1550980674820616
PercentSalaryHike,14,0,0.08795258132836721,0.16780870086071736
PercentSalaryHike,15,0,0.08013911641062678,0.18044049287694436
PercentSalaryHike,16,0,0.07301977818136673,0.19397191602786856
PercentSalaryHike,17,0,0.06653290233867579,0.20698173981391432
PercentSalaryHike,18,0,0.06062230266727051,0.21943656292354227
PercentSalaryHike,19,0,0.055236784380377574,0.23145129884950377
PercentSalaryHike,20,0,0.050329700694981834,0.24270222693166177
PercentSalaryHike,21,0,0.0458585487997073,0.2528330937662405
PercentSalaryHike,22,0,0.04178460171579797,0.26203343554047254
PercentSalaryHike,23,0,0.03807257286255448,0.27070617891247667
PercentSalaryHike,24,0,0.03469031042185292,0.2793493821504954
PercentSalaryHike,25,0,0.03160851885447739,0.28740341007070747
PercentSalaryHike,26,0,0.028800505156174022,0.29474201045148735
PercentSalaryHike,27,0,0.02624194765561788,0.301326935666394
PercentSalaryHike,28,0,0.02391068535173119,0.3072782442919343
PercentSalaryHike,29,0,0.021786525965693648,0.3126143885653771
PercentSalaryHike,30,0,0.019851071045083095,0.3173917016003022
PercentSalaryHike,31,0,0.018087556605282298,0.32169487980111905
PercentSalaryHike,32,0,0.01648070792786394,0.3256214303482414
PercentSalaryHike,33,0,0.0150166072582869,0.3291465765077483
PercentSalaryHike,34,0,0.013682573256964552,0.3322769013147441
PercentSalaryHike,35,0,0.012467051159567907,0.33505388278095777
PercentSalaryHike,36,0,0.0113595126951847,0.3379337135395595
PercentSalaryHike,37,0,0.01035036489547338,0.3406035179119267
PercentSalaryHike,38,0,0.009430867004960533,0.34299410935673436
PerformanceRating,1,0,0.2947821047370696,1.8248719679534334e-14
PerformanceRating,2,0,0.26859447500575323,0.006650365275000143
PerformanceRating,3,0,0.24473328212363502,0.012766027505547168
PerformanceRating,4,0,0.2229918518529609,0.02189109809994235
PerformanceRating,5,0,0.20318187032564072,0.036036085637855327
PerformanceRating,6,0,0.18513175295861073,0.05157123607097986
PerformanceRating,7,0,0.16868515827025962,0.06632577580388649
PerformanceRating,8,0,0.15369963372530726,0.08084273872013047
PerformanceRating,9,0,0.14004538187909216,0.09679723824045484
PerformanceRating,10,0,0.1276041361341998,0.11229355406288492
PerformanceRating,11,0,0.11626813637177358,0.12772107627145066
PerformanceRating,12,0,0.10593919558491677,0.14174565720426993
PerformanceRating,13,0,0.09652784942981063,0.1550980674820616
PerformanceRating,14,0,0.08795258132836721,0.16780870086071736
PerformanceRating,15,0,0.08013911641062678,0.18044049287694436
PerformanceRating,16,0,0.07301977818136673,0.19397191602786856
PerformanceRating,17,0,0.06653290233867579,0.20698173981391432
PerformanceRating,18,0,0.06062230266727051,0.21943656292354227
PerformanceRating,19,0,0.055236784380377574,0.23145129884950377
PerformanceRating,20,0,0.050329700694981834,0.24270222693166177
PerformanceRating,21,0,0.0458585487997073,0.2528330937662405
PerformanceRating,22,0,0.04178460171579797,0.26203343554047254
PerformanceRating,23,0,0.03807257286255448,0.27070617891247667
PerformanceRating,24,0,0.03469031042185292,0.2793493821504954
PerformanceRating,25,0,0.03160851885447739,0.28740341007070747
PerformanceRating,26,0,0.028800505156174022,0.29474201045148735
PerformanceRating,27,0,0.02624194765561788,0.301326935666394
PerformanceRating,28,0,0.02391068535173119,0.3072782442919343
PerformanceRating,29,0,0.021786525965693648,0.3126143885653771
PerformanceRating,30,0,0.019851071045083095,0.3173917016003022
RelationshipSatisfaction,1,0,0.2947821047370696,1.8248719679534334e-14
RelationshipSatisfaction,2,0,0.26859447500575323,0.006650365275000143
RelationshipSatisfaction,3,0,0.24473328212363502,0.012766027505547168
RelationshipSatisfaction,4,0,0.2229918518529609,0.02189109809994235
RelationshipSatisfaction,5,0,0.20318187032564072,0.036036085637855327
RelationshipSatisfaction,6,0,0.18513175295861073,0.05157123607097986
RelationshipSatisfaction,7,0,0.16868515827025962,0.06632577580388649
RelationshipSatisfaction,8,0,0.15369963372530726,0.08084273872013047
RelationshipSatisfaction,9,0,0.14004538187909216,0.09679723824045484
RelationshipSatisfaction,10,0,0.1276041361341998,0.11229355406288492
RelationshipSatisfaction,11,0,0.11626813637177358,0.12772107627145066
RelationshipSatisfaction,12,0,0.10593919558491677,0.14174565720426993
RelationshipSatisfaction,13,0,0.09652784942981063,0.1550980674820616
RelationshipSatisfaction,14,0,0.08795258132836721,0.16780870086071736
StockOptionLevel,1,0,0.2947821047370696,1.8248719679534334e-14
StockOptionLevel,2,0,0.26859447500575323,0.006650365275000143
StockOptionLevel,3,0,0.24473328212363502,0.012766027505547168
StockOptionLevel,4,0,0.2229918518529609,0.02189109809994235
StockOptionLevel,5,0,0.20318187032564072,0.036036085637855327
StockOptionLevel,6,0,0.18513175295861073,0.05157123607097986
TotalWorkingYears,1,0,0.2947821047370696,1.8248719679534334e-14
TotalWorkingYears,2,0,0.26859447500575323,0.006650365275000143
TotalWorkingYears,3,0,0.24473328212363502,0.012766027505547168
TotalWorkingYears,4,0,0.2229918518529609,0.02189109809994235
TrainingTimesLastYear,1,0,0.2947821047370696,1.8248719679534334e-14
TrainingTimesLastYear,2,0,0.26859447500575323,0.006650365275000143
TrainingTimesLastYear,3,0,0.24473328212363502,0.012766027505547168
TrainingTimesLastYear,4,0,0.2229918518529609,0.02189109809994235
TrainingTimesLastYear,5,0,0.20318187032564072,0.036036085637855327
TrainingTimesLastYear,6,0,0.18513175295861073,0.05157123607097986
TrainingTimesLastYear,7,0,0.16868515827025962,0.06632577580388649
TrainingTimesLastYear,8,0,0.15369963372530726,0.08084273872013047
TrainingTimesLastYear,9,0,0.14004538187909216,0.09679723824045484
TrainingTimesLastYear,10,0,0.1276041361341998,0.11229355406288492
TrainingTimesLastYear,11,0,0.11626813637177358,0.12772107627145066
TrainingTimesLastYear,12,0,0.10593919558491677,0.14174565720426993
TrainingTimesLastYear,13,0,0.09652784942981063,0.1550980674820616
TrainingTimesLastYear,14,0,0.08795258132836721,0.16780870086071736
TrainingTimesLastYear,15,0,0.08013911641062678,0.18044049287694436
TrainingTimesLastYear,16,0,0.07301977818136673,0.19397191602786856
WorkLifeBalance,1,0,0.2947821047370696,1.8248719679534334e-14
WorkLifeBalance,2,0,0.26859447500575323,0.006650365275000143
WorkLifeBalance,3,0,0.24473328212363502,0.012766027505547168
WorkLifeBalance,4,0,0.2229918518529609,0.02189109809994235
WorkLifeBalance,5,0,0.20318187032564072,0.036036085637855327
WorkLifeBalance,6,0,0.18513175295861073,0.05157123607097986
WorkLifeBalance,7,0,0.16868515827025962,0.06632577580388649
WorkLifeBalance,8,0,0.15369963372530726,0.08084273872013047
WorkLifeBalance,9,0,0.14004538187909216,0.09679723824045484
WorkLifeBalance,10,0,0.1276041361341998,0.11229355406288492
WorkLifeBalance,11,0,0.11626813637177358,0.12772107627145066
WorkLifeBalance,12,0,0.10593919558491677,0.14174565720426993
WorkLifeBalance,13,0,0.09652784942981063,0.1550980674820616
WorkLifeBalance,14,0,0.08795258132836721,0.16780870086071736
WorkLifeBalance,15,0,0.08013911641062678,0.18044049287694436
WorkLifeBalance,16,0,0.07301977818136673,0.19397191602786856
YearsAtCompany,1,0,0.2947821047370696,1.8248719679534334e-14
YearsAtCompany,2,0,0.26859447500575323,0.006650365275000143
YearsAtCompany,3,0,0.24473328212363502,0.012766027505547168
YearsAtCompany,4,0,0.2229918518529609,0.02189109809994235
YearsAtCompany,5,0,0.20318187032564072,0.036036085637855327
YearsAtCompany,6,0,0.18513175295861073,0.05157123607097986
YearsAtCompany,7,0,0.16868515827025962,0.06632577580388649
YearsAtCompany,8,0,0.15369963372530726,0.08084273872013047
YearsAtCompany,9,0,0.14004538187909216,0.09679723824045484
YearsAtCompany,10,0,0.1276041361341998,0.11229355406288492
YearsAtCompany,11,0,0.11626813637177358,0.12772107627145066
YearsAtCompany,12,0,0.10593919558491677,0.14174565720426993
YearsAtCompany,13,0,0.09652784942981063,0.1550980674820616
YearsAtCompany,14,0,0.08795258132836721,0.16780870086071736
YearsAtCompany,15,0,0.08013911641062678,0.18044049287694436
YearsAtCompany,16,0,0.07301977818136673,0.19397191602786856
YearsAtCompany,17,0,0.06653290233867579,0.20698173981391432
YearsAtCompany,18,0,0.06062230266727051,0.21943656292354227
YearsAtCompany,19,0,0.055236784380377574,0.23145129884950377
YearsAtCompany,20,0,0.050329700694981834,0.24270222693166177
YearsAtCompany,21,0,0.0458585487997073,0.2528330937662405
YearsAtCompany,22,0,0.04178460171579797,0.26203343554047254
YearsAtCompany,23,0,0.03807257286255448,0.27070617891247667
YearsAtCompany,24,0,0.03469031042185292,0.2793493821504954
YearsAtCompany,25,0,0.03160851885447739,0.28740341007070747
YearsAtCompany,26,0,0.028800505156174022,0.29474201045148735
YearsAtCompany,27,0,0.02624194765561788,0.301326935666394
YearsAtCompany,28,0,0.02391068535173119,0.3072782442919343
YearsAtCompany,29,0,0.021786525965693648,0.3126143885653771
YearsAtCompany,30,0,0.019851071045083095,0.3173917016003022
YearsAtCompany,31,0,0.018087556605282298,0.32169487980111905
YearsAtCompany,32,0,0.01648070792786394,0.3256214303482414
YearsAtCompany,33,0,0.0150166072582869,0.3291465765077483
YearsAtCompany,34,0,0.013682573256964552,0.3322769013147441
YearsAtCompany,35,0,0.012467051159567907,0.33505388278095777
YearsInCurrentRole,1,0,0.2947821047370696,1.8248719679534334e-14
YearsInCurrentRole,2,0,0.26859447500575323,0.006650365275000143
YearsInCurrentRole,3,0,0.24473328212363502,0.012766027505547168
YearsInCurrentRole,4,0,0.2229918518529609,0.02189109809994235
YearsSinceLastPromotion,1,0,0.2947821047370696,1.8248719679534334e-14
YearsSinceLastPromotion,2,0,0.26859447500575323,0.006650365275000143
YearsSinceLastPromotion,3,0,0.24473328212363502,0.012766027505547168
YearsSinceLastPromotion,4,0,0.2229918518529609,0.02189109809994235
YearsSinceLastPromotion,5,0,0.20318187032564072,0.036036085637855327
YearsSinceLastPromotion,6,0,0.18513175295861073,0.05157123607097986
YearsSinceLastPromotion,7,0,0.16868515827025962,0.06632577580388649
YearsSinceLastPromotion,8,0,0.15369963372530726,0.08084273872013047
YearsSinceLastPromotion,9,0,0.14004538187909216,0.09679723824045484
YearsSinceLastPromotion,10,0,0.1276041361341998,0.11229355406288492
YearsSinceLastPromotion,11,0,0.11626813637177358,0.12772107627145066
YearsSinceLastPromotion,12,0,0.10593919558491677,0.14174565720426993
YearsSinceLastPromotion,13,0,0.09652784942981063,0.1550980674820616
YearsSinceLastPromotion,14,0,0.08795258132836721,0.16780870086071736
YearsSinceLastPromotion,15,0,0.08013911641062678,0.18044049287694436
YearsSinceLastPromotion,16,0,0.07301977818136673,0.19397191602786856
YearsSinceLastPromotion,17,0,0.06653290233867579,0.20698173981391432
YearsSinceLastPromotion,18,0,0.06062230266727051,0.21943656292354227
YearsSinceLastPromotion,19,0,0.055236784380377574,0.23145129884950377
YearsSinceLastPromotion,20,0,0.050329700694981834,0.24270222693166177
YearsSinceLastPromotion,21,0,0.0458585487997073,0.2528330937662405
YearsSinceLastPromotion,22,0,0.04178460171579797,0.26203343554047254
YearsWithCurrManager,1,0,0.2947821047370696,1.8248719679534334e-14
YearsWithCurrManager,2,0,0.26859447500575323,0.006650365275000143
YearsWithCurrManager,3,0,0.24473328212363502,0.012766027505547168
YearsWithCurrManager,4,0,0.2229918518529609,0.02189109809994235
BusinessTravel_Non.Travel,1,0,0.2947821047370696,1.8248719679534334e-14
BusinessTravel_Non.Travel,2,0,0.26859447500575323,0.006650365275000143
BusinessTravel_Non.Travel,3,0,0.24473328212363502,0.012766027505547168
BusinessTravel_Non.Travel,4,0,0.2229918518529609,0.02189109809994235
BusinessTravel_Non.Travel,5,0,0.20318187032564072,0.036036085637855327
BusinessTravel_Non.Travel,6,0,0.18513175295861073,0.05157123607097986
BusinessTravel_Non.Travel,7,0,0.16868515827025962,0.06632577580388649
BusinessTravel_Non.Travel,8,0,0.15369963372530726,0.08084273872013047
BusinessTravel_Non.Travel,9,0,0.14004538187909216,0.09679723824045484
BusinessTravel_Non.Travel,10,0,0.1276041361341998,0.11229355406288492
BusinessTravel_Non.Travel,11,0,0.11626813637177358,0.12772107627145066
BusinessTravel_Non.Travel,12,0,0.10593919558491677,0.14174565720426993
BusinessTravel_Non.Travel,13,0,0.09652784942981063,0.1550980674820616
BusinessTravel_Travel_Frequently,1,0,0.2947821047370696,1.8248719679534334e-14
BusinessTravel_Travel_Frequently,2,0,0.26859447500575323,0.006650365275000143
BusinessTravel_Travel_Frequently,3,0,0.24473328212363502,0.012766027505547168
BusinessTravel_Travel_Frequently,4,0,0.2229918518529609,0.02189109809994235
BusinessTravel_Travel_Frequently,5,0,0.20318187032564072,0.036036085637855327
BusinessTravel_Travel_Frequently,6,0,0.18513175295861073,0.05157123607097986
BusinessTravel_Travel_Frequently,7,0,0.16868515827025962,0.06632577580388649
BusinessTravel_Travel_Frequently,8,0,0.15369963372530726,0.08084273872013047
BusinessTravel_Travel_Frequently,9,0,0.14004538187909216,0.09679723824045484
BusinessTravel_Travel_Rarely,1,0,0.2947821047370696,1.8248719679534334e-14
BusinessTravel_Travel_Rarely,2,0,0.26859447500575323,0.006650365275000143
BusinessTravel_Travel_Rarely,3,0,0.24473328212363502,0.012766027505547168
BusinessTravel_Travel_Rarely,4,0,0.2229918518529609,0.02189109809994235
BusinessTravel_Travel_Rarely,5,0,0.20318187032564072,0.036036085637855327
BusinessTravel_Travel_Rarely,6,0,0.18513175295861073,0.05157123607097986
BusinessTravel_Travel_Rarely,7,0,0.16868515827025962,0.06632577580388649
BusinessTravel_Travel_Rarely,8,0,0.15369963372530726,0.08084273872013047
BusinessTravel_Travel_Rarely,9,0,0.14004538187909216,0.09679723824045484
BusinessTravel_Travel_Rarely,10,0,0.1276041361341998,0.11229355406288492
BusinessTravel_Travel_Rarely,11,0,0.11626813637177358,0.12772107627145066
BusinessTravel_Travel_Rarely,12,0,0.10593919558491677,0.14174565720426993
BusinessTravel_Travel_Rarely,13,0,0.09652784942981063,0.1550980674820616
BusinessTravel_Travel_Rarely,14,0,0.08795258132836721,0.16780870086071736
BusinessTravel_Travel_Rarely,15,0,0.08013911641062678,0.18044049287694436
BusinessTravel_Travel_Rarely,16,0,0.07301977818136673,0.19397191602786856
BusinessTravel_Travel_Rarely,17,0,0.06653290233867579,0.20698173981391432
BusinessTravel_Travel_Rarely,18,0,0.06062230266727051,0.21943656292354227
BusinessTravel_Travel_Rarely,19,0,0.055236784380377574,0.23145129884950377
BusinessTravel_Travel_Rarely,20,0,0.050329700694981834,0.24270222693166177
BusinessTravel_Travel_Rarely,21,0,0.0458585487997073,0.2528330937662405
BusinessTravel_Travel_Rarely,22,0,0.04178460171579797,0.26203343554047254
BusinessTravel_Travel_Rarely,23,0,0.03807257286255448,0.27070617891247667
BusinessTravel_Travel_Rarely,24,0,0.03469031042185292,0.2793493821504954
BusinessTravel_Travel_Rarely,25,0,0.03160851885447739,0.28740341007070747
BusinessTravel_Travel_Rarely,26,0,0.028800505156174022,0.29474201045148735
BusinessTravel_Travel_Rarely,27,0,0.02624194765561788,0.301326935666394
BusinessTravel_Travel_Rarely,28,0,0.02391068535173119,0.3072782442919343
BusinessTravel_Travel_Rarely,29,0,0.021786525965693648,0.3126143885653771
BusinessTravel_Travel_Rarely,30,0,0.019851071045083095,0.3173917016003022
BusinessTravel_Travel_Rarely,31,0,0.018087556605282298,0.32169487980111905
BusinessTravel_Travel_Rarely,32,0,0.01648070792786394,0.3256214303482414
BusinessTravel_Travel_Rarely,33,0,0.0150166072582869,0.3291465765077483
BusinessTravel_Travel_Rarely,34,0,0.013682573256964552,0.3322769013147441
BusinessTravel_Travel_Rarely,35,0,0.012467051159567907,0.33505388278095777
BusinessTravel_Travel_Rarely,36,0,0.0113595126951847,0.3379337135395595
BusinessTravel_Travel_Rarely,37,0,0.01035036489547338,0.3406035179119267
BusinessTravel_Travel_Rarely,38,0,0.009430867004960533,0.34299410935673436
BusinessTravel_Travel_Rarely,39,0,0.008593054772798469,0.34517585847057386
BusinessTravel_Travel_Rarely,40,0,0.007829671470234412,0.34716434627406656
BusinessTravel_Travel_Rarely,41,0,0.007134105036297602,0.34893757609222753
BusinessTravel_Travel_Rarely,42,0,0.006500330807290316,0.3505174587433949
BusinessTravel_Travel_Rarely,43,0,0.005922859334033068,0.3519241192592846
BusinessTravel_Travel_Rarely,44,0,0.005396688834881921,0.35317097725719754
BusinessTravel_Travel_Rarely,45,0,0.004917261872688699,0.35427601746796533
BusinessTravel_Travel_Rarely,46,0,0.004480425880460647,0.3552550274455445
BusinessTravel_Travel_Rarely,47,0,0.00408239719381169,0.35612114930746547
BusinessTravel_Travel_Rarely,48,0,0.003719728278671599,0.3568862839675571
BusinessTravel_Travel_Rarely,49,0,0.0033892778703951388,0.3575584590141311
BusinessTravel_Travel_Rarely,50,0,0.0030881837656304705,0.3581500660051783
BusinessTravel_Travel_Rarely,51,0,0.0028138380312829696,0.3586584069105049
BusinessTravel_Travel_Rarely,52,0,0.002563864415846373,0.35911763857005125
BusinessTravel_Travel_Rarely,53,0,0.00233609776744901,0.3595201862708644
BusinessTravel_Travel_Rarely,54,0,0.002128565280344081,0.3599126037612435
BusinessTravel_Travel_Rarely,55,0,0.001939469407410052,0.3602582895122597
BusinessTravel_Travel_Rarely,56,0,0.0017671722906574176,0.3605630327202353
BusinessTravel_Travel_Rarely,57,0,0.0016101815748863352,0.36082886696660776
BusinessTravel_Travel_Rarely,58,0,0.0014671374816198123,0.3610628161978371
BusinessTravel_Travel_Rarely,59,0,0.0013368010313530461,0.3612668113676365
BusinessTravel_Travel_Rarely,60,0,0.0012180433121056701,0.361445151152419
BusinessTravel_Travel_Rarely,61,0,0.0011098357013262414,0.3616011962312166
BusinessTravel_Travel_Rarely,62,0,0.001011240956455785,0.36173779317598387
BusinessTravel_Travel_Rarely,63,0,9.214050969811165e-4,0.36185858356393547
BusinessTravel_Travel_Rarely,64,0,8.395500076641738e-4,0.36196382696590595
BusinessTravel_Travel_Rarely,65,0,7.649666988800687e-4,0.3620558681243696
BusinessTravel_Travel_Rarely,66,0,6.970091656881309e-4,0.3621389708220613
BusinessTravel_Travel_Rarely,67,0,6.35088792446155e-4,0.3622124809128614
BusinessTravel_Travel_Rarely,68,0,5.786692545032966e-4,0.362274724273457
BusinessTravel_Travel_Rarely,69,0,5.272618728125192e-4,0.3623298698791808
BusinessTravel_Travel_Rarely,70,0,4.8042138122646953e-4,0.3623785051143624
BusinessTravel_Travel_Rarely,71,0,4.377420698151201e-4,0.36242380570606114
BusinessTravel_Travel_Rarely,72,0,3.988542708004438e-4,0.3624661887046761
BusinessTravel_Travel_Rarely,73,0,3.634211566709661e-4,0.36250335554747265
BusinessTravel_Travel_Rarely,74,0,3.311358227429965e-4,0.3625352485239564
BusinessTravel_Travel_Rarely,75,0,3.017186288990788e-4,0.3625643260515155
BusinessTravel_Travel_Rarely,76,0,2.749147774790711e-4,0.3625891229427948
BusinessTravel_Travel_Rarely,77,0,2.5049210634470686e-4,0.36261119687824717
BusinessTravel_Travel_Rarely,78,0,2.2823907800221732e-4,0.36263078551494077
BusinessTravel_Travel_Rarely,79,0,2.0796294736575847e-4,0.3626476335247683
BusinessTravel_Travel_Rarely,80,0,1.894880922916849e-4,0.36266329993878255
BusinessTravel_Travel_Rarely,81,0,1.726544924235578e-4,0.36267670590257495
BusinessTravel_Travel_Rarely,82,0,1.573163431723698e-4,0.36268878304664653
BusinessTravel_Travel_Rarely,83,0,1.4334079282694658e-4,0.3626996358496665
BusinessTravel_Travel_Rarely,84,0,1.3060679185598e-4,0.36270900867236205
Department_Human.Resources,1,0,0.2947821047370696,1.8248719679534334e-14
Department_Human.Resources,2,0,0.26859447500575323,0.006650365275000143
Department_Human.Resources,3,0,0.24473328212363502,0.012766027505547168
Department_Human.Resources,4,0,0.2229918518529609,0.02189109809994235
Department_Human.Resources,5,0,0.20318187032564072,0.036036085637855327
Department_Human.Resources,6,0,0.18513175295861073,0.05157123607097986
Department_Human.Resources,7,0,0.16868515827025962,0.06632577580388649
Department_Human.Resources,8,0,0.15369963372530726,0.08084273872013047
Department_Human.Resources,9,0,0.14004538187909216,0.09679723824045484
Department_Human.Resources,10,0,0.1276041361341998,0.11229355406288492
Department_Human.Resources,11,0,0.11626813637177358,0.12772107627145066
Department_Human.Resources,12,0,0.10593919558491677,0.14174565720426993
Department_Human.Resources,13,0,0.09652784942981063,0.1550980674820616
Department_Human.Resources,14,0,0.08795258132836721,0.16780870086071736
Department_Human.Resources,15,0,0.08013911641062678,0.18044049287694436
Department_Human.Resources,16,0,0.07301977818136673,0.19397191602786856
Department_Human.Resources,17,0,0.06653290233867579,0.20698173981391432
Department_Human.Resources,18,0,0.06062230266727051,0.21943656292354227
Department_Human.Resources,19,0,0.055236784380377574,0.23145129884950377
Department_Human.Resources,20,0,0.050329700694981834,0.24270222693166177
Department_Human.Resources,21,0,0.0458585487997073,0.2528330937662405
Department_Human.Resources,22,0,0.04178460171579797,0.26203343554047254
Department_Human.Resources,23,0,0.03807257286255448,0.27070617891247667
Department_Human.Resources,24,0,0.03469031042185292,0.2793493821504954
Department_Human.Resources,25,0,0.03160851885447739,0.28740341007070747
Department_Human.Resources,26,0,0.028800505156174022,0.29474201045148735
Department_Human.Resources,27,0,0.02624194765561788,0.301326935666394
Department_Human.Resources,28,0,0.02391068535173119,0.3072782442919343
Department_Human.Resources,29,0,0.021786525965693648,0.3126143885653771
Department_Human.Resources,30,0,0.019851071045083095,0.3173917016003022
Department_Human.Resources,31,0,0.018087556605282298,0.32169487980111905
Department_Human.Resources,32,0,0.01648070792786394,0.3256214303482414
Department_Human.Resources,33,0,0.0150166072582869,0.3291465765077483
Department_Human.Resources,34,0,0.013682573256964552,0.3322769013147441
Department_Human.Resources,35,0,0.012467051159567907,0.33505388278095777
Department_Human.Resources,36,0,0.0113595126951847,0.3379337135395595
Department_Human.Resources,37,0,0.01035036489547338,0.3406035179119267
Department_Human.Resources,38,0,0.009430867004960533,0.34299410935673436
Department_Human.Resources,39,0,0.008593054772798469,0.34517585847057386
Department_Human.Resources,40,0,0.007829671470234412,0.34716434627406656
Department_Human.Resources,41,0,0.007134105036297602,0.34893757609222753
Department_Human.Resources,42,0,0.006500330807290316,0.3505174587433949
Department_Human.Resources,43,0,0.005922859334033068,0.3519241192592846
Department_Human.Resources,44,0,0.005396688834881921,0.35317097725719754
Department_Human.Resources,45,0,0.004917261872688699,0.35427601746796533
Department_Human.Resources,46,0,0.004480425880460647,0.3552550274455445
Department_Human.Resources,47,0,0.00408239719381169,0.35612114930746547
Department_Human.Resources,48,0,0.003719728278671599,0.3568862839675571
Department_Human.Resources,49,0,0.0033892778703951388,0.3575584590141311
Department_Human.Resources,50,0,0.0030881837656304705,0.3581500660051783
Department_Human.Resources,51,0,0.0028138380312829696,0.3586584069105049
Department_Human.Resources,52,0,0.002563864415846373,0.35911763857005125
Department_Human.Resources,53,0,0.00233609776744901,0.3595201862708644
Department_Research...Development,1,0,0.2947821047370696,1.8248719679534334e-14
Department_Research...Development,2,0,0.26859447500575323,0.006650365275000143
Department_Research...Development,3,0,0.24473328212363502,0.012766027505547168
Department_Research...Development,4,0,0.2229918518529609,0.02189109809994235
Department_Research...Development,5,0,0.20318187032564072,0.036036085637855327
Department_Research...Development,6,0,0.18513175295861073,0.05157123607097986
Department_Research...Development,7,0,0.16868515827025962,0.06632577580388649
Department_Research...Development,8,0,0.15369963372530726,0.08084273872013047
Department_Research...Development,9,0,0.14004538187909216,0.09679723824045484
Department_Research...Development,10,0,0.1276041361341998,0.11229355406288492
Department_Research...Development,11,0,0.11626813637177358,0.12772107627145066
Department_Research...Development,12,0,0.10593919558491677,0.14174565720426993
Department_Research...Development,13,0,0.09652784942981063,0.1550980674820616
Department_Research...Development,14,0,0.08795258132836721,0.16780870086071736
Department_Research...Development,52,0,0.002563864415846373,0.35911763857005125
Department_Research...Development,53,0,0.00233609776744901,0.3595201862708644
Department_Research...Development,54,0,0.002128565280344081,0.3599126037612435
Department_Research...Development,55,0,0.001939469407410052,0.3602582895122597
Department_Research...Development,56,0,0.0017671722906574176,0.3605630327202353
Department_Research...Development,57,0,0.0016101815748863352,0.36082886696660776
Department_Research...Development,58,0,0.0014671374816198123,0.3610628161978371
Department_Research...Development,59,0,0.0013368010313530461,0.3612668113676365
Department_Research...Development,60,0,0.0012180433121056701,0.361445151152419
Department_Research...Development,61,0,0.0011098357013262414,0.3616011962312166
Department_Research...Development,62,0,0.001011240956455785,0.36173779317598387
Department_Research...Development,63,0,9.214050969811165e-4,0.36185858356393547
Department_Research...Development,64,0,8.395500076641738e-4,0.36196382696590595
Department_Research...Development,65,0,7.649666988800687e-4,0.3620558681243696
Department_Research...Development,66,0,6.970091656881309e-4,0.3621389708220613
Department_Research...Development,67,0,6.35088792446155e-4,0.3622124809128614
Department_Sales,1,0,0.2947821047370696,1.8248719679534334e-14
Department_Sales,2,0,0.26859447500575323,0.006650365275000143
Department_Sales,3,0,0.24473328212363502,0.012766027505547168
Department_Sales,4,0,0.2229918518529609,0.02189109809994235
Department_Sales,5,0,0.20318187032564072,0.036036085637855327
Department_Sales,6,0,0.18513175295861073,0.05157123607097986
Department_Sales,7,0,0.16868515827025962,0.06632577580388649
Department_Sales,8,0,0.15369963372530726,0.08084273872013047
Department_Sales,9,0,0.14004538187909216,0.09679723824045484
Department_Sales,10,0,0.1276041361341998,0.11229355406288492
Department_Sales,11,0,0.11626813637177358,0.12772107627145066
Department_Sales,12,0,0.10593919558491677,0.14174565720426993
Department_Sales,13,0,0.09652784942981063,0.1550980674820616
Department_Sales,14,0,0.08795258132836721,0.16780870086071736
Department_Sales,15,0,0.08013911641062678,0.18044049287694436
Department_Sales,16,0,0.07301977818136673,0.19397191602786856
Department_Sales,17,0,0.06653290233867579,0.20698173981391432
Department_Sales,18,0,0.06062230266727051,0.21943656292354227
Department_Sales,19,0,0.055236784380377574,0.23145129884950377
Department_Sales,20,0,0.050329700694981834,0.24270222693166177
Department_Sales,21,0,0.0458585487997073,0.2528330937662405
Department_Sales,22,0,0.04178460171579797,0.26203343554047254
Department_Sales,23,0,0.03807257286255448,0.27070617891247667
Department_Sales,24,0,0.03469031042185292,0.2793493821504954
Department_Sales,25,0,0.03160851885447739,0.28740341007070747
Department_Sales,26,0,0.028800505156174022,0.29474201045148735
Department_Sales,27,0,0.02624194765561788,0.301326935666394
Department_Sales,28,0,0.02391068535173119,0.3072782442919343
Department_Sales,29,0,0.021786525965693648,0.3126143885653771
EducationField_Human.Resources,1,0,0.2947821047370696,1.8248719679534334e-14
EducationField_Human.Resources,2,0,0.26859447500575323,0.006650365275000143
EducationField_Human.Resources,3,0,0.24473328212363502,0.012766027505547168
EducationField_Human.Resources,4,0,0.2229918518529609,0.02189109809994235
EducationField_Human.Resources,5,0,0.20318187032564072,0.036036085637855327
EducationField_Human.Resources,6,0,0.18513175295861073,0.05157123607097986
EducationField_Human.Resources,7,0,0.16868515827025962,0.06632577580388649
EducationField_Human.Resources,8,0,0.15369963372530726,0.08084273872013047
EducationField_Human.Resources,9,0,0.14004538187909216,0.09679723824045484
EducationField_Human.Resources,10,0,0.1276041361341998,0.11229355406288492
EducationField_Human.Resources,11,0,0.11626813637177358,0.12772107627145066
EducationField_Human.Resources,12,0,0.10593919558491677,0.14174565720426993
EducationField_Human.Resources,13,0,0.09652784942981063,0.1550980674820616
EducationField_Human.Resources,14,0,0.08795258132836721,0.16780870086071736
EducationField_Human.Resources,15,0,0.08013911641062678,0.18044049287694436
EducationField_Human.Resources,16,0,0.07301977818136673,0.19397191602786856
EducationField_Human.Resources,17,0,0.06653290233867579,0.20698173981391432
EducationField_Human.Resources,18,0,0.06062230266727051,0.21943656292354227
EducationField_Life.Sciences,1,0,0.2947821047370696,1.8248719679534334e-14
EducationField_Life.Sciences,2,0,0.26859447500575323,0.006650365275000143
EducationField_Life.Sciences,3,0,0.24473328212363502,0.012766027505547168
EducationField_Life.Sciences,4,0,0.2229918518529609,0.02189109809994235
EducationField_Life.Sciences,5,0,0.20318187032564072,0.036036085637855327
EducationField_Life.Sciences,6,0,0.18513175295861073,0.05157123607097986
EducationField_Life.Sciences,7,0,0.16868515827025962,0.06632577580388649
EducationField_Life.Sciences,8,0,0.15369963372530726,0.08084273872013047
EducationField_Life.Sciences,9,0,0.14004538187909216,0.09679723824045484
EducationField_Life.Sciences,10,0,0.1276041361341998,0.11229355406288492
EducationField_Life.Sciences,11,0,0.11626813637177358,0.12772107627145066
EducationField_Life.Sciences,12,0,0.10593919558491677,0.14174565720426993
EducationField_Life.Sciences,13,0,0.09652784942981063,0.1550980674820616
EducationField_Life.Sciences,14,0,0.08795258132836721,0.16780870086071736
EducationField_Life.Sciences,15,0,0.08013911641062678,0.18044049287694436
EducationField_Life.Sciences,16,0,0.07301977818136673,0.19397191602786856
EducationField_Life.Sciences,17,0,0.06653290233867579,0.20698173981391432
EducationField_Life.Sciences,18,0,0.06062230266727051,0.21943656292354227
EducationField_Life.Sciences,19,0,0.055236784380377574,0.23145129884950377
EducationField_Life.Sciences,20,0,0.050329700694981834,0.24270222693166177
EducationField_Life.Sciences,21,0,0.0458585487997073,0.2528330937662405
EducationField_Life.Sciences,22,0,0.04178460171579797,0.26203343554047254
EducationField_Life.Sciences,23,0,0.03807257286255448,0.27070617891247667
EducationField_Life.Sciences,24,0,0.03469031042185292,0.2793493821504954
EducationField_Life.Sciences,25,0,0.03160851885447739,0.28740341007070747
EducationField_Life.Sciences,26,0,0.028800505156174022,0.29474201045148735
EducationField_Life.Sciences,27,0,0.02624194765561788,0.301326935666394
EducationField_Life.Sciences,28,0,0.02391068535173119,0.3072782442919343
EducationField_Life.Sciences,29,0,0.021786525965693648,0.3126143885653771
EducationField_Life.Sciences,30,0,0.019851071045083095,0.3173917016003022
EducationField_Life.Sciences,31,0,0.018087556605282298,0.32169487980111905
EducationField_Life.Sciences,32,0,0.01648070792786394,0.3256214303482414
EducationField_Life.Sciences,33,0,0.0150166072582869,0.3291465765077483
EducationField_Life.Sciences,34,0,0.013682573256964552,0.3322769013147441
EducationField_Life.Sciences,35,0,0.012467051159567907,0.33505388278095777
EducationField_Life.Sciences,36,0,0.0113595126951847,0.3379337135395595
EducationField_Life.Sciences,37,0,0.01035036489547338,0.3406035179119267
EducationField_Life.Sciences,38,0,0.009430867004960533,0.34299410935673436
EducationField_Life.Sciences,39,0,0.008593054772798469,0.34517585847057386
EducationField_Life.Sciences,40,0,0.007829671470234412,0.34716434627406656
EducationField_Life.Sciences,41,0,0.007134105036297602,0.34893757609222753
EducationField_Life.Sciences,42,0,0.006500330807290316,0.3505174587433949
EducationField_Life.Sciences,43,0,0.005922859334033068,0.3519241192592846
EducationField_Life.Sciences,44,0,0.005396688834881921,0.35317097725719754
EducationField_Life.Sciences,45,0,0.004917261872688699,0.35427601746796533
EducationField_Life.Sciences,46,0,0.004480425880460647,0.3552550274455445
EducationField_Life.Sciences,47,0,0.00408239719381169,0.35612114930746547
EducationField_Life.Sciences,48,0,0.003719728278671599,0.3568862839675571
EducationField_Life.Sciences,49,0,0.0033892778703951388,0.3575584590141311
EducationField_Life.Sciences,50,0,0.0030881837656304705,0.3581500660051783
EducationField_Life.Sciences,51,0,0.0028138380312829696,0.3586584069105049
EducationField_Life.Sciences,52,0,0.002563864415846373,0.35911763857005125
EducationField_Life.Sciences,53,0,0.00233609776744901,0.3595201862708644
EducationField_Life.Sciences,54,0,0.002128565280344081,0.3599126037612435
EducationField_Life.Sciences,55,0,0.001939469407410052,0.3602582895122597
EducationField_Life.Sciences,56,0,0.0017671722906574176,0.3605630327202353
EducationField_Life.Sciences,57,0,0.0016101815748863352,0.36082886696660776
EducationField_Life.Sciences,58,0,0.0014671374816198123,0.3610628161978371
EducationField_Life.Sciences,59,0,0.0013368010313530461,0.3612668113676365
EducationField_Life.Sciences,60,0,0.0012180433121056701,0.361445151152419
EducationField_Life.Sciences,61,0,0.0011098357013262414,0.3616011962312166
EducationField_Life.Sciences,62,0,0.001011240956455785,0.36173779317598387
EducationField_Life.Sciences,63,0,9.214050969811165e-4,0.36185858356393547
EducationField_Life.Sciences,64,0,8.395500076641738e-4,0.36196382696590595
EducationField_Life.Sciences,65,0,7.649666988800687e-4,0.3620558681243696
EducationField_Life.Sciences,66,0,6.970091656881309e-4,0.3621389708220613
EducationField_Life.Sciences,67,0,6.35088792446155e-4,0.3622124809128614
EducationField_Life.Sciences,68,0,5.786692545032966e-4,0.362274724273457
EducationField_Life.Sciences,69,0,5.272618728125192e-4,0.3623298698791808
EducationField_Life.Sciences,70,0,4.8042138122646953e-4,0.3623785051143624
EducationField_Life.Sciences,71,0,4.377420698151201e-4,0.36242380570606114
EducationField_Life.Sciences,72,0,3.988542708004438e-4,0.3624661887046761
EducationField_Life.Sciences,73,0,3.634211566709661e-4,0.36250335554747265
EducationField_Life.Sciences,74,0,3.311358227429965e-4,0.3625352485239564
EducationField_Life.Sciences,75,0,3.017186288990788e-4,0.3625643260515155
EducationField_Life.Sciences,76,0,2.749147774790711e-4,0.3625891229427948
EducationField_Life.Sciences,77,0,2.5049210634470686e-4,0.36261119687824717
EducationField_Life.Sciences,78,0,2.2823907800221732e-4,0.36263078551494077
EducationField_Life.Sciences,79,0,2.0796294736575847e-4,0.3626476335247683
EducationField_Life.Sciences,80,0,1.894880922916849e-4,0.36266329993878255
EducationField_Life.Sciences,81,0,1.726544924235578e-4,0.36267670590257495
EducationField_Life.Sciences,82,0,1.573163431723698e-4,0.36268878304664653
EducationField_Life.Sciences,83,0,1.4334079282694658e-4,0.3626996358496665
EducationField_Life.Sciences,84,0,1.3060679185598e-4,0.36270900867236205
EducationField_Marketing,1,0,0.2947821047370696,1.8248719679534334e-14
EducationField_Marketing,2,0,0.26859447500575323,0.006650365275000143
EducationField_Marketing,3,0,0.24473328212363502,0.012766027505547168
EducationField_Marketing,4,0,0.2229918518529609,0.02189109809994235
EducationField_Marketing,5,0,0.20318187032564072,0.036036085637855327
EducationField_Marketing,6,0,0.18513175295861073,0.05157123607097986
EducationField_Marketing,7,0,0.16868515827025962,0.06632577580388649
EducationField_Marketing,8,0,0.15369963372530726,0.08084273872013047
EducationField_Marketing,9,0,0.14004538187909216,0.09679723824045484
EducationField_Marketing,10,0,0.1276041361341998,0.11229355406288492
EducationField_Marketing,11,0,0.11626813637177358,0.12772107627145066
EducationField_Marketing,12,0,0.10593919558491677,0.14174565720426993
EducationField_Marketing,13,0,0.09652784942981063,0.1550980674820616
EducationField_Marketing,14,0,0.08795258132836721,0.16780870086071736
EducationField_Marketing,15,0,0.08013911641062678,0.18044049287694436
EducationField_Marketing,16,0,0.07301977818136673,0.19397191602786856
EducationField_Marketing,17,0,0.06653290233867579,0.20698173981391432
EducationField_Medical,1,0,0.2947821047370696,1.8248719679534334e-14
EducationField_Medical,2,0,0.26859447500575323,0.006650365275000143
EducationField_Medical,3,0,0.24473328212363502,0.012766027505547168
EducationField_Medical,4,0,0.2229918518529609,0.02189109809994235
EducationField_Medical,5,0,0.20318187032564072,0.036036085637855327
EducationField_Medical,6,0,0.18513175295861073,0.05157123607097986
EducationField_Medical,7,0,0.16868515827025962,0.06632577580388649
EducationField_Medical,8,0,0.15369963372530726,0.08084273872013047
EducationField_Medical,9,0,0.14004538187909216,0.09679723824045484
EducationField_Medical,10,0,0.1276041361341998,0.11229355406288492
EducationField_Medical,11,0,0.11626813637177358,0.12772107627145066
EducationField_Medical,12,0,0.10593919558491677,0.14174565720426993
EducationField_Medical,13,0,0.09652784942981063,0.1550980674820616
EducationField_Medical,14,0,0.08795258132836721,0.16780870086071736
EducationField_Medical,15,0,0.08013911641062678,0.18044049287694436
EducationField_Medical,16,0,0.07301977818136673,0.19397191602786856
EducationField_Medical,17,0,0.06653290233867579,0.20698173981391432
EducationField_Medical,18,0,0.06062230266727051,0.21943656292354227
EducationField_Medical,19,0,0.055236784380377574,0.23145129884950377
EducationField_Medical,20,0,0.050329700694981834,0.24270222693166177
EducationField_Medical,21,0,0.0458585487997073,0.2528330937662405
EducationField_Medical,22,0,0.04178460171579797,0.26203343554047254
EducationField_Medical,23,0,0.03807257286255448,0.27070617891247667
EducationField_Medical,24,0,0.03469031042185292,0.2793493821504954
EducationField_Other,1,0,0.2947821047370696,1.8248719679534334e-14
EducationField_Other,2,0,0.26859447500575323,0.006650365275000143
EducationField_Other,3,0,0.24473328212363502,0.012766027505547168
EducationField_Other,4,0,0.2229918518529609,0.02189109809994235
EducationField_Other,5,0,0.20318187032564072,0.036036085637855327
EducationField_Other,6,0,0.18513175295861073,0.05157123607097986
EducationField_Other,7,0,0.16868515827025962,0.06632577580388649
EducationField_Other,8,0,0.15369963372530726,0.08084273872013047
EducationField_Other,9,0,0.14004538187909216,0.09679723824045484
EducationField_Other,10,0,0.1276041361341998,0.11229355406288492
EducationField_Other,11,0,0.11626813637177358,0.12772107627145066
EducationField_Other,12,0,0.10593919558491677,0.14174565720426993
EducationField_Other,13,0,0.09652784942981063,0.1550980674820616
EducationField_Other,14,0,0.08795258132836721,0.16780870086071736
EducationField_Other,15,0,0.08013911641062678,0.18044049287694436
EducationField_Other,16,0,0.07301977818136673,0.19397191602786856
EducationField_Other,17,0,0.06653290233867579,0.20698173981391432
EducationField_Other,18,0,0.06062230266727051,0.21943656292354227
EducationField_Other,19,0,0.055236784380377574,0.23145129884950377
EducationField_Other,20,0,0.050329700694981834,0.24270222693166177
EducationField_Other,21,0,0.0458585487997073,0.2528330937662405
EducationField_Technical.Degree,1,0,0.2947821047370696,1.8248719679534334e-14
EducationField_Technical.Degree,2,0,0.26859447500575323,0.006650365275000143
EducationField_Technical.Degree,3,0,0.24473328212363502,0.012766027505547168
EducationField_Technical.Degree,4,0,0.2229918518529609,0.02189109809994235
EducationField_Technical.Degree,5,0,0.20318187032564072,0.036036085637855327
EducationField_Technical.Degree,6,0,0.18513175295861073,0.05157123607097986
EducationField_Technical.Degree,7,0,0.16868515827025962,0.06632577580388649
EducationField_Technical.Degree,8,0,0.15369963372530726,0.08084273872013047
EducationField_Technical.Degree,9,0,0.14004538187909216,0.09679723824045484
EducationField_Technical.Degree,10,0,0.1276041361341998,0.11229355406288492
EducationField_Technical.Degree,11,0,0.11626813637177358,0.12772107627145066
EducationField_Technical.Degree,12,0,0.10593919558491677,0.14174565720426993
EducationField_Technical.Degree,13,0,0.09652784942981063,0.1550980674820616
EducationField_Technical.Degree,14,0,0.08795258132836721,0.16780870086071736
EducationField_Technical.Degree,15,0,0.08013911641062678,0.18044049287694436
EducationField_Technical.Degree,16,0,0.07301977818136673,0.19397191602786856
Gender_Female,1,0,0.2947821047370696,1.8248719679534334e-14
Gender_Female,2,0,0.26859447500575323,0.006650365275000143
Gender_Female,3,0,0.24473328212363502,0.012766027505547168
Gender_Female,4,0,0.2229918518529609,0.02189109809994235
Gender_Female,5,0,0.20318187032564072,0.036036085637855327
Gender_Female,6,0,0.18513175295861073,0.05157123607097986
Gender_Female,7,0,0.16868515827025962,0.06632577580388649
Gender_Female,8,0,0.15369963372530726,0.08084273872013047
Gender_Female,9,0,0.14004538187909216,0.09679723824045484
Gender_Female,10,0,0.1276041361341998,0.11229355406288492
Gender_Female,11,0,0.11626813637177358,0.12772107627145066
Gender_Female,12,0,0.10593919558491677,0.14174565720426993
Gender_Female,13,0,0.09652784942981063,0.1550980674820616
Gender_Female,14,0,0.08795258132836721,0.16780870086071736
Gender_Female,15,0,0.08013911641062678,0.18044049287694436
Gender_Female,16,0,0.07301977818136673,0.19397191602786856
Gender_Female,17,0,0.06653290233867579,0.20698173981391432
Gender_Female,18,0,0.06062230266727051,0.21943656292354227
Gender_Female,19,0,0.055236784380377574,0.23145129884950377
Gender_Female,20,0,0.050329700694981834,0.24270222693166177
Gender_Female,21,0,0.0458585487997073,0.2528330937662405
Gender_Female,22,0,0.04178460171579797,0.26203343554047254
Gender_Female,23,0,0.03807257286255448,0.27070617891247667
Gender_Female,24,0,0.03469031042185292,0.2793493821504954
Gender_Male,1,0,0.2947821047370696,1.8248719679534334e-14
Gender_Male,2,0,0.26859447500575323,0.006650365275000143
Gender_Male,3,0,0.24473328212363502,0.012766027505547168
Gender_Male,4,0,0.2229918518529609,0.02189109809994235
Gender_Male,5,0,0.20318187032564072,0.036036085637855327
Gender_Male,6,0,0.18513175295861073,0.05157123607097986
Gender_Male,7,0,0.16868515827025962,0.06632577580388649
Gender_Male,8,0,0.15369963372530726,0.08084273872013047
Gender_Male,9,0,0.14004538187909216,0.09679723824045484
Gender_Male,10,0,0.1276041361341998,0.11229355406288492
Gender_Male,11,0,0.11626813637177358,0.12772107627145066
Gender_Male,12,0,0.10593919558491677,0.14174565720426993
Gender_Male,13,0,0.09652784942981063,0.1550980674820616
Gender_Male,14,0,0.08795258132836721,0.16780870086071736
Gender_Male,15,0,0.08013911641062678,0.18044049287694436
Gender_Male,16,0,0.07301977818136673,0.19397191602786856
Gender_Male,17,0,0.06653290233867579,0.20698173981391432
Gender_Male,18,0,0.06062230266727051,0.21943656292354227
Gender_Male,19,0,0.055236784380377574,0.23145129884950377
Gender_Male,20,0,0.050329700694981834,0.24270222693166177
Gender_Male,21,0,0.0458585487997073,0.2528330937662405
Gender_Male,22,0,0.04178460171579797,0.26203343554047254
Gender_Male,23,0,0.03807257286255448,0.27070617891247667
Gender_Male,24,0,0.03469031042185292,0.2793493821504954
JobRole_Healthcare.Representative,1,0,0.2947821047370696,1.8248719679534334e-14
JobRole_Healthcare.Representative,2,0,0.26859447500575323,0.006650365275000143
JobRole_Healthcare.Representative,3,0,0.24473328212363502,0.012766027505547168
JobRole_Healthcare.Representative,4,0,0.2229918518529609,0.02189109809994235
JobRole_Healthcare.Representative,5,0,0.20318187032564072,0.036036085637855327
JobRole_Healthcare.Representative,6,0,0.18513175295861073,0.05157123607097986
JobRole_Healthcare.Representative,7,0,0.16868515827025962,0.06632577580388649
JobRole_Healthcare.Representative,8,0,0.15369963372530726,0.08084273872013047
JobRole_Healthcare.Representative,9,0,0.14004538187909216,0.09679723824045484
JobRole_Healthcare.Representative,10,0,0.1276041361341998,0.11229355406288492
JobRole_Healthcare.Representative,11,0,0.11626813637177358,0.12772107627145066
JobRole_Healthcare.Representative,12,0,0.10593919558491677,0.14174565720426993
JobRole_Healthcare.Representative,13,0,0.09652784942981063,0.1550980674820616
JobRole_Healthcare.Representative,14,0,0.08795258132836721,0.16780870086071736
JobRole_Healthcare.Representative,15,0,0.08013911641062678,0.18044049287694436
JobRole_Healthcare.Representative,16,0,0.07301977818136673,0.19397191602786856
JobRole_Healthcare.Representative,17,0,0.06653290233867579,0.20698173981391432
JobRole_Healthcare.Representative,18,0,0.06062230266727051,0.21943656292354227
JobRole_Human.Resources,1,0,0.2947821047370696,1.8248719679534334e-14
JobRole_Human.Resources,2,0,0.26859447500575323,0.006650365275000143
JobRole_Human.Resources,3,0,0.24473328212363502,0.012766027505547168
JobRole_Human.Resources,4,0,0.2229918518529609,0.02189109809994235
JobRole_Human.Resources,5,0,0.20318187032564072,0.036036085637855327
JobRole_Human.Resources,6,0,0.18513175295861073,0.05157123607097986
JobRole_Human.Resources,7,0,0.16868515827025962,0.06632577580388649
JobRole_Human.Resources,8,0,0.15369963372530726,0.08084273872013047
JobRole_Human.Resources,9,0,0.14004538187909216,0.09679723824045484
JobRole_Human.Resources,10,0,0.1276041361341998,0.11229355406288492
JobRole_Human.Resources,11,0,0.11626813637177358,0.12772107627145066
JobRole_Human.Resources,12,0,0.10593919558491677,0.14174565720426993
JobRole_Human.Resources,13,0,0.09652784942981063,0.1550980674820616
JobRole_Human.Resources,14,0,0.08795258132836721,0.16780870086071736
JobRole_Human.Resources,15,0,0.08013911641062678,0.18044049287694436
JobRole_Human.Resources,16,0,0.07301977818136673,0.19397191602786856
JobRole_Human.Resources,17,0,0.06653290233867579,0.20698173981391432
JobRole_Human.Resources,18,0,0.06062230266727051,0.21943656292354227
JobRole_Human.Resources,19,0,0.055236784380377574,0.23145129884950377
JobRole_Human.Resources,20,0,0.050329700694981834,0.24270222693166177
JobRole_Human.Resources,21,0,0.0458585487997073,0.2528330937662405
JobRole_Human.Resources,22,0,0.04178460171579797,0.26203343554047254
JobRole_Human.Resources,23,0,0.03807257286255448,0.27070617891247667
JobRole_Human.Resources,24,0,0.03469031042185292,0.2793493821504954
JobRole_Laboratory.Technician,1,0,0.2947821047370696,1.8248719679534334e-14
JobRole_Laboratory.Technician,2,0,0.26859447500575323,0.006650365275000143
JobRole_Laboratory.Technician,3,0,0.24473328212363502,0.012766027505547168
JobRole_Laboratory.Technician,4,0,0.2229918518529609,0.02189109809994235
JobRole_Laboratory.Technician,5,0,0.20318187032564072,0.036036085637855327
JobRole_Laboratory.Technician,6,0,0.18513175295861073,0.05157123607097986
JobRole_Laboratory.Technician,7,0,0.16868515827025962,0.06632577580388649
JobRole_Laboratory.Technician,8,0,0.15369963372530726,0.08084273872013047
JobRole_Laboratory.Technician,9,0,0.14004538187909216,0.09679723824045484
JobRole_Laboratory.Technician,10,0,0.1276041361341998,0.11229355406288492
JobRole_Laboratory.Technician,11,0,0.11626813637177358,0.12772107627145066
JobRole_Manager,1,0,0.2947821047370696,1.8248719679534334e-14
JobRole_Manager,2,0,0.26859447500575323,0.006650365275000143
JobRole_Manager,3,0,0.24473328212363502,0.012766027505547168
JobRole_Manager,4,0,0.2229918518529609,0.02189109809994235
JobRole_Manager,5,0,0.20318187032564072,0.036036085637855327
JobRole_Manager,6,0,0.18513175295861073,0.05157123607097986
JobRole_Manager,7,0,0.16868515827025962,0.06632577580388649
JobRole_Manager,8,0,0.15369963372530726,0.08084273872013047
JobRole_Manager,9,0,0.14004538187909216,0.09679723824045484
JobRole_Manager,10,0,0.1276041361341998,0.11229355406288492
JobRole_Manager,11,0,0.11626813637177358,0.12772107627145066
JobRole_Manager,12,0,0.10593919558491677,0.14174565720426993
JobRole_Manager,13,0,0.09652784942981063,0.1550980674820616
JobRole_Manager,14,0,0.08795258132836721,0.16780870086071736
JobRole_Manager,15,0,0.08013911641062678,0.18044049287694436
JobRole_Manager,16,0,0.07301977818136673,0.19397191602786856
JobRole_Manager,17,0,0.06653290233867579,0.20698173981391432
JobRole_Manager,18,0,0.06062230266727051,0.21943656292354227
JobRole_Manager,19,0,0.055236784380377574,0.23145129884950377
JobRole_Manager,20,0,0.050329700694981834,0.24270222693166177
JobRole_Manager,21,0,0.0458585487997073,0.2528330937662405
JobRole_Manager,22,0,0.04178460171579797,0.26203343554047254
JobRole_Manager,23,0,0.03807257286255448,0.27070617891247667
JobRole_Manager,24,0,0.03469031042185292,0.2793493821504954
JobRole_Manager,25,0,0.03160851885447739,0.28740341007070747
JobRole_Manager,26,0,0.028800505156174022,0.29474201045148735
JobRole_Manager,27,0,0.02624194765561788,0.301326935666394
JobRole_Manager,28,0,0.02391068535173119,0.3072782442919343
JobRole_Manager,29,0,0.021786525965693648,0.3126143885653771
JobRole_Manager,30,0,0.019851071045083095,0.3173917016003022
JobRole_Manager,31,0,0.018087556605282298,0.32169487980111905
JobRole_Manufacturing.Director,1,0,0.2947821047370696,1.8248719679534334e-14
JobRole_Manufacturing.Director,2,0,0.26859447500575323,0.006650365275000143
JobRole_Manufacturing.Director,3,0,0.24473328212363502,0.012766027505547168
JobRole_Manufacturing.Director,4,0,0.2229918518529609,0.02189109809994235
JobRole_Manufacturing.Director,5,0,0.20318187032564072,0.036036085637855327
JobRole_Manufacturing.Director,6,0,0.18513175295861073,0.05157123607097986
JobRole_Manufacturing.Director,7,0,0.16868515827025962,0.06632577580388649
JobRole_Manufacturing.Director,8,0,0.15369963372530726,0.08084273872013047
JobRole_Manufacturing.Director,9,0,0.14004538187909216,0.09679723824045484
JobRole_Manufacturing.Director,10,0,0.1276041361341998,0.11229355406288492
JobRole_Manufacturing.Director,11,0,0.11626813637177358,0.12772107627145066
JobRole_Manufacturing.Director,12,0,0.10593919558491677,0.14174565720426993
JobRole_Manufacturing.Director,13,0,0.09652784942981063,0.1550980674820616
JobRole_Manufacturing.Director,14,0,0.08795258132836721,0.16780870086071736
JobRole_Research.Director,1,0,0.2947821047370696,1.8248719679534334e-14
JobRole_Research.Director,2,0,0.26859447500575323,0.006650365275000143
JobRole_Research.Director,3,0,0.24473328212363502,0.012766027505547168
JobRole_Research.Director,4,0,0.2229918518529609,0.02189109809994235
JobRole_Research.Director,5,0,0.20318187032564072,0.036036085637855327
JobRole_Research.Director,6,0,0.18513175295861073,0.05157123607097986
JobRole_Research.Director,7,0,0.16868515827025962,0.06632577580388649
JobRole_Research.Director,8,0,0.15369963372530726,0.08084273872013047
JobRole_Research.Director,9,0,0.14004538187909216,0.09679723824045484
JobRole_Research.Director,10,0,0.1276041361341998,0.11229355406288492
JobRole_Research.Director,11,0,0.11626813637177358,0.12772107627145066
JobRole_Research.Director,12,0,0.10593919558491677,0.14174565720426993
JobRole_Research.Director,13,0,0.09652784942981063,0.1550980674820616
JobRole_Research.Director,14,0,0.08795258132836721,0.16780870086071736
JobRole_Research.Director,15,0,0.08013911641062678,0.18044049287694436
JobRole_Research.Director,16,0,0.07301977818136673,0.19397191602786856
JobRole_Research.Director,17,0,0.06653290233867579,0.20698173981391432
JobRole_Research.Director,18,0,0.06062230266727051,0.21943656292354227
JobRole_Research.Scientist,1,0,0.2947821047370696,1.8248719679534334e-14
JobRole_Research.Scientist,2,0,0.26859447500575323,0.006650365275000143
JobRole_Research.Scientist,3,0,0.24473328212363502,0.012766027505547168
JobRole_Research.Scientist,4,0,0.2229918518529609,0.02189109809994235
JobRole_Research.Scientist,5,0,0.20318187032564072,0.036036085637855327
JobRole_Research.Scientist,6,0,0.18513175295861073,0.05157123607097986
JobRole_Research.Scientist,7,0,0.16868515827025962,0.06632577580388649
JobRole_Research.Scientist,8,0,0.15369963372530726,0.08084273872013047
JobRole_Research.Scientist,9,0,0.14004538187909216,0.09679723824045484
JobRole_Research.Scientist,10,0,0.1276041361341998,0.11229355406288492
JobRole_Research.Scientist,11,0,0.11626813637177358,0.12772107627145066
JobRole_Research.Scientist,12,0,0.10593919558491677,0.14174565720426993
JobRole_Research.Scientist,13,0,0.09652784942981063,0.1550980674820616
JobRole_Research.Scientist,14,0,0.08795258132836721,0.16780870086071736
JobRole_Research.Scientist,15,0,0.08013911641062678,0.18044049287694436
JobRole_Research.Scientist,16,0,0.07301977818136673,0.19397191602786856
JobRole_Research.Scientist,17,0,0.06653290233867579,0.20698173981391432
JobRole_Research.Scientist,18,0,0.06062230266727051,0.21943656292354227
JobRole_Research.Scientist,19,0,0.055236784380377574,0.23145129884950377
JobRole_Research.Scientist,20,0,0.050329700694981834,0.24270222693166177
JobRole_Research.Scientist,21,0,0.0458585487997073,0.2528330937662405
JobRole_Research.Scientist,22,0,0.04178460171579797,0.26203343554047254
JobRole_Research.Scientist,23,0,0.03807257286255448,0.27070617891247667
JobRole_Research.Scientist,24,0,0.03469031042185292,0.2793493821504954
JobRole_Research.Scientist,25,0,0.03160851885447739,0.28740341007070747
JobRole_Research.Scientist,26,0,0.028800505156174022,0.29474201045148735
JobRole_Research.Scientist,27,0,0.02624194765561788,0.301326935666394
JobRole_Research.Scientist,28,0,0.02391068535173119,0.3072782442919343
JobRole_Research.Scientist,29,0,0.021786525965693648,0.3126143885653771
JobRole_Research.Scientist,30,0,0.019851071045083095,0.3173917016003022
JobRole_Research.Scientist,31,0,0.018087556605282298,0.32169487980111905
JobRole_Research.Scientist,32,0,0.01648070792786394,0.3256214303482414
JobRole_Research.Scientist,33,0,0.0150166072582869,0.3291465765077483
JobRole_Research.Scientist,34,0,0.013682573256964552,0.3322769013147441
JobRole_Research.Scientist,35,0,0.012467051159567907,0.33505388278095777
JobRole_Research.Scientist,36,0,0.0113595126951847,0.3379337135395595
JobRole_Research.Scientist,37,0,0.01035036489547338,0.3406035179119267
JobRole_Research.Scientist,38,0,0.009430867004960533,0.34299410935673436
JobRole_Research.Scientist,39,0,0.008593054772798469,0.34517585847057386
JobRole_Research.Scientist,40,0,0.007829671470234412,0.34716434627406656
JobRole_Research.Scientist,41,0,0.007134105036297602,0.34893757609222753
JobRole_Research.Scientist,42,0,0.006500330807290316,0.3505174587433949
JobRole_Research.Scientist,43,0,0.005922859334033068,0.3519241192592846
JobRole_Research.Scientist,44,0,0.005396688834881921,0.35317097725719754
JobRole_Research.Scientist,45,0,0.004917261872688699,0.35427601746796533
JobRole_Research.Scientist,46,0,0.004480425880460647,0.3552550274455445
JobRole_Research.Scientist,47,0,0.00408239719381169,0.35612114930746547
JobRole_Research.Scientist,48,0,0.003719728278671599,0.3568862839675571
JobRole_Research.Scientist,49,0,0.0033892778703951388,0.3575584590141311
JobRole_Research.Scientist,50,0,0.0030881837656304705,0.3581500660051783
JobRole_Sales.Executive,1,0,0.2947821047370696,1.8248719679534334e-14
JobRole_Sales.Executive,2,0,0.26859447500575323,0.006650365275000143
JobRole_Sales.Executive,3,0,0.24473328212363502,0.012766027505547168
JobRole_Sales.Executive,4,0,0.2229918518529609,0.02189109809994235
JobRole_Sales.Executive,5,0,0.20318187032564072,0.036036085637855327
JobRole_Sales.Executive,6,0,0.18513175295861073,0.05157123607097986
JobRole_Sales.Executive,7,0,0.16868515827025962,0.06632577580388649
JobRole_Sales.Executive,8,0,0.15369963372530726,0.08084273872013047
JobRole_Sales.Executive,9,0,0.14004538187909216,0.09679723824045484
JobRole_Sales.Executive,10,0,0.1276041361341998,0.11229355406288492
JobRole_Sales.Executive,11,0,0.11626813637177358,0.12772107627145066
JobRole_Sales.Executive,12,0,0.10593919558491677,0.14174565720426993
JobRole_Sales.Executive,13,0,0.09652784942981063,0.1550980674820616
JobRole_Sales.Executive,14,0,0.08795258132836721,0.16780870086071736
JobRole_Sales.Executive,15,0,0.08013911641062678,0.18044049287694436
JobRole_Sales.Executive,16,0,0.07301977818136673,0.19397191602786856
JobRole_Sales.Executive,17,0,0.06653290233867579,0.20698173981391432
JobRole_Sales.Executive,18,0,0.06062230266727051,0.21943656292354227
JobRole_Sales.Executive,19,0,0.055236784380377574,0.23145129884950377
JobRole_Sales.Executive,20,0,0.050329700694981834,0.24270222693166177
JobRole_Sales.Executive,21,0,0.0458585487997073,0.2528330937662405
JobRole_Sales.Executive,22,0,0.04178460171579797,0.26203343554047254
JobRole_Sales.Executive,23,0,0.03807257286255448,0.27070617891247667
JobRole_Sales.Executive,24,0,0.03469031042185292,0.2793493821504954
JobRole_Sales.Executive,25,0,0.03160851885447739,0.28740341007070747
JobRole_Sales.Executive,26,0,0.028800505156174022,0.29474201045148735
JobRole_Sales.Executive,27,0,0.02624194765561788,0.301326935666394
JobRole_Sales.Executive,28,0,0.02391068535173119,0.3072782442919343
JobRole_Sales.Executive,29,0,0.021786525965693648,0.3126143885653771
JobRole_Sales.Executive,30,0,0.019851071045083095,0.3173917016003022
JobRole_Sales.Executive,31,0,0.018087556605282298,0.32169487980111905
JobRole_Sales.Executive,32,0,0.01648070792786394,0.3256214303482414
JobRole_Sales.Executive,33,0,0.0150166072582869,0.3291465765077483
JobRole_Sales.Executive,34,0,0.013682573256964552,0.3322769013147441
JobRole_Sales.Executive,35,0,0.012467051159567907,0.33505388278095777
JobRole_Sales.Executive,36,0,0.0113595126951847,0.3379337135395595
JobRole_Sales.Executive,37,0,0.01035036489547338,0.3406035179119267
JobRole_Sales.Executive,38,0,0.009430867004960533,0.34299410935673436
JobRole_Sales.Executive,39,0,0.008593054772798469,0.34517585847057386
JobRole_Sales.Executive,40,0,0.007829671470234412,0.34716434627406656
JobRole_Sales.Executive,41,0,0.007134105036297602,0.34893757609222753
JobRole_Sales.Executive,42,0,0.006500330807290316,0.3505174587433949
JobRole_Sales.Executive,43,0,0.005922859334033068,0.3519241192592846
JobRole_Sales.Executive,44,0,0.005396688834881921,0.35317097725719754
JobRole_Sales.Executive,45,0,0.004917261872688699,0.35427601746796533
JobRole_Sales.Executive,46,0,0.004480425880460647,0.3552550274455445
JobRole_Sales.Executive,47,0,0.00408239719381169,0.35612114930746547
JobRole_Sales.Executive,48,0,0.003719728278671599,0.3568862839675571
JobRole_Sales.Executive,49,0,0.0033892778703951388,0.3575584590141311
JobRole_Sales.Executive,50,0,0.0030881837656304705,0.3581500660051783
JobRole_Sales.Executive,51,0,0.0028138380312829696,0.3586584069105049
JobRole_Sales.Executive,52,0,0.002563864415846373,0.35911763857005125
JobRole_Sales.Executive,53,0,0.00233609776744901,0.3595201862708644
JobRole_Sales.Executive,54,0,0.002128565280344081,0.3599126037612435
JobRole_Sales.Executive,55,0,0.001939469407410052,0.3602582895122597
JobRole_Sales.Executive,56,0,0.0017671722906574176,0.3605630327202353
JobRole_Sales.Executive,57,0,0.0016101815748863352,0.36082886696660776
JobRole_Sales.Executive,58,0,0.0014671374816198123,0.3610628161978371
JobRole_Sales.Executive,59,0,0.0013368010313530461,0.3612668113676365
JobRole_Sales.Executive,60,0,0.0012180433121056701,0.361445151152419
JobRole_Sales.Executive,61,0,0.0011098357013262414,0.3616011962312166
JobRole_Sales.Executive,62,0,0.001011240956455785,0.36173779317598387
JobRole_Sales.Executive,63,0,9.214050969811165e-4,0.36185858356393547
JobRole_Sales.Executive,64,0,8.395500076641738e-4,0.36196382696590595
JobRole_Sales.Executive,65,0,7.649666988800687e-4,0.3620558681243696
JobRole_Sales.Representative,1,0,0.2947821047370696,1.8248719679534334e-14
JobRole_Sales.Representative,2,0,0.26859447500575323,0.006650365275000143
JobRole_Sales.Representative,3,0,0.24473328212363502,0.012766027505547168
JobRole_Sales.Representative,4,0,0.2229918518529609,0.02189109809994235
MaritalStatus_Divorced,1,0,0.2947821047370696,1.8248719679534334e-14
MaritalStatus_Divorced,2,0,0.26859447500575323,0.006650365275000143
MaritalStatus_Divorced,3,0,0.24473328212363502,0.012766027505547168
MaritalStatus_Divorced,4,0,0.2229918518529609,0.02189109809994235
MaritalStatus_Divorced,5,0,0.20318187032564072,0.036036085637855327
MaritalStatus_Divorced,6,0,0.18513175295861073,0.05157123607097986
MaritalStatus_Divorced,7,0,0.16868515827025962,0.06632577580388649
MaritalStatus_Divorced,8,0,0.15369963372530726,0.08084273872013047
MaritalStatus_Divorced,9,0,0.14004538187909216,0.09679723824045484
MaritalStatus_Divorced,10,0,0.1276041361341998,0.11229355406288492
MaritalStatus_Divorced,11,0,0.11626813637177358,0.12772107627145066
MaritalStatus_Divorced,12,0,0.10593919558491677,0.14174565720426993
MaritalStatus_Divorced,13,0,0.09652784942981063,0.1550980674820616
MaritalStatus_Divorced,14,0,0.08795258132836721,0.16780870086071736
MaritalStatus_Divorced,15,0,0.08013911641062678,0.18044049287694436
MaritalStatus_Divorced,16,0,0.07301977818136673,0.19397191602786856
MaritalStatus_Divorced,17,0,0.06653290233867579,0.20698173981391432
MaritalStatus_Divorced,18,0,0.06062230266727051,0.21943656292354227
MaritalStatus_Divorced,19,0,0.055236784380377574,0.23145129884950377
MaritalStatus_Divorced,20,0,0.050329700694981834,0.24270222693166177
MaritalStatus_Divorced,21,0,0.0458585487997073,0.2528330937662405
MaritalStatus_Divorced,22,0,0.04178460171579797,0.26203343554047254
MaritalStatus_Divorced,23,0,0.03807257286255448,0.27070617891247667
MaritalStatus_Divorced,24,0,0.03469031042185292,0.2793493821504954
MaritalStatus_Divorced,25,0,0.03160851885447739,0.28740341007070747
MaritalStatus_Married,1,0,0.2947821047370696,1.8248719679534334e-14
MaritalStatus_Married,2,0,0.26859447500575323,0.006650365275000143
MaritalStatus_Married,3,0,0.24473328212363502,0.012766027505547168
MaritalStatus_Married,4,0,0.2229918518529609,0.02189109809994235
MaritalStatus_Married,5,0,0.20318187032564072,0.036036085637855327
MaritalStatus_Married,6,0,0.18513175295861073,0.05157123607097986
MaritalStatus_Married,7,0,0.16868515827025962,0.06632577580388649
MaritalStatus_Married,8,0,0.15369963372530726,0.08084273872013047
MaritalStatus_Married,9,0,0.14004538187909216,0.09679723824045484
MaritalStatus_Married,10,0,0.1276041361341998,0.11229355406288492
MaritalStatus_Married,11,0,0.11626813637177358,0.12772107627145066
MaritalStatus_Married,12,0,0.10593919558491677,0.14174565720426993
MaritalStatus_Married,13,0,0.09652784942981063,0.1550980674820616
MaritalStatus_Married,14,0,0.08795258132836721,0.16780870086071736
MaritalStatus_Married,15,0,0.08013911641062678,0.18044049287694436
MaritalStatus_Married,16,0,0.07301977818136673,0.19397191602786856
MaritalStatus_Married,17,0,0.06653290233867579,0.20698173981391432
MaritalStatus_Married,18,0,0.06062230266727051,0.21943656292354227
MaritalStatus_Married,19,0,0.055236784380377574,0.23145129884950377
MaritalStatus_Married,20,0,0.050329700694981834,0.24270222693166177
MaritalStatus_Married,21,0,0.0458585487997073,0.2528330937662405
MaritalStatus_Married,22,0,0.04178460171579797,0.26203343554047254
MaritalStatus_Married,23,0,0.03807257286255448,0.27070617891247667
MaritalStatus_Married,24,0,0.03469031042185292,0.2793493821504954
MaritalStatus_Married,25,0,0.03160851885447739,0.28740341007070747
MaritalStatus_Married,26,0,0.028800505156174022,0.29474201045148735
MaritalStatus_Married,27,0,0.02624194765561788,0.301326935666394
MaritalStatus_Married,28,0,0.02391068535173119,0.3072782442919343
MaritalStatus_Married,29,0,0.021786525965693648,0.3126143885653771
MaritalStatus_Married,30,0,0.019851071045083095,0.3173917016003022
MaritalStatus_Married,31,0,0.018087556605282298,0.32169487980111905
MaritalStatus_Married,32,0,0.01648070792786394,0.3256214303482414
MaritalStatus_Married,33,0,0.0150166072582869,0.3291465765077483
MaritalStatus_Married,34,0,0.013682573256964552,0.3322769013147441
MaritalStatus_Married,35,0,0.012467051159567907,0.33505388278095777
MaritalStatus_Married,36,0,0.0113595126951847,0.3379337135395595
MaritalStatus_Married,37,0,0.01035036489547338,0.3406035179119267
MaritalStatus_Married,38,0,0.009430867004960533,0.34299410935673436
MaritalStatus_Married,39,0,0.008593054772798469,0.34517585847057386
MaritalStatus_Married,40,0,0.007829671470234412,0.34716434627406656
MaritalStatus_Married,41,0,0.007134105036297602,0.34893757609222753
MaritalStatus_Married,42,0,0.006500330807290316,0.3505174587433949
MaritalStatus_Married,43,0,0.005922859334033068,0.3519241192592846
MaritalStatus_Married,44,0,0.005396688834881921,0.35317097725719754
MaritalStatus_Married,45,0,0.004917261872688699,0.35427601746796533
MaritalStatus_Married,46,0,0.004480425880460647,0.3552550274455445
MaritalStatus_Married,47,0,0.00408239719381169,0.35612114930746547
MaritalStatus_Married,48,0,0.003719728278671599,0.3568862839675571
MaritalStatus_Married,49,0,0.0033892778703951388,0.3575584590141311
MaritalStatus_Married,50,0,0.0030881837656304705,0.3581500660051783
MaritalStatus_Married,51,0,0.0028138380312829696,0.3586584069105049
MaritalStatus_Married,52,0,0.002563864415846373,0.35911763857005125
MaritalStatus_Married,53,0,0.00233609776744901,0.3595201862708644
MaritalStatus_Married,54,0,0.002128565280344081,0.3599126037612435
MaritalStatus_Married,55,0,0.001939469407410052,0.3602582895122597
MaritalStatus_Married,56,0,0.0017671722906574176,0.3605630327202353
MaritalStatus_Married,57,0,0.0016101815748863352,0.36082886696660776
MaritalStatus_Married,58,0,0.0014671374816198123,0.3610628161978371
MaritalStatus_Married,59,0,0.0013368010313530461,0.3612668113676365
MaritalStatus_Married,60,0,0.0012180433121056701,0.361445151152419
MaritalStatus_Married,61,0,0.0011098357013262414,0.3616011962312166
MaritalStatus_Married,62,0,0.001011240956455785,0.36173779317598387
MaritalStatus_Married,63,0,9.214050969811165e-4,0.36185858356393547
MaritalStatus_Married,64,0,8.395500076641738e-4,0.36196382696590595
MaritalStatus_Married,65,0,7.649666988800687e-4,0.3620558681243696
MaritalStatus_Married,66,0,6.970091656881309e-4,0.3621389708220613
MaritalStatus_Married,67,0,6.35088792446155e-4,0.3622124809128614
MaritalStatus_Married,68,0,5.786692545032966e-4,0.362274724273457
MaritalStatus_Married,69,0,5.272618728125192e-4,0.3623298698791808
MaritalStatus_Married,70,0,4.8042138122646953e-4,0.3623785051143624
MaritalStatus_Married,71,0,4.377420698151201e-4,0.36242380570606114
MaritalStatus_Married,72,0,3.988542708004438e-4,0.3624661887046761
MaritalStatus_Married,73,0,3.634211566709661e-4,0.36250335554747265
MaritalStatus_Married,74,0,3.311358227429965e-4,0.3625352485239564
MaritalStatus_Married,75,0,3.017186288990788e-4,0.3625643260515155
MaritalStatus_Married,76,0,2.749147774790711e-4,0.3625891229427948
MaritalStatus_Married,77,0,2.5049210634470686e-4,0.36261119687824717
MaritalStatus_Married,78,0,2.2823907800221732e-4,0.36263078551494077
MaritalStatus_Married,79,0,2.0796294736575847e-4,0.3626476335247683
MaritalStatus_Married,80,0,1.894880922916849e-4,0.36266329993878255
MaritalStatus_Married,81,0,1.726544924235578e-4,0.36267670590257495
MaritalStatus_Married,82,0,1.573163431723698e-4,0.36268878304664653
MaritalStatus_Married,83,0,1.4334079282694658e-4,0.3626996358496665
MaritalStatus_Married,84,0,1.3060679185598e-4,0.36270900867236205
MaritalStatus_Single,1,0,0.2947821047370696,1.8248719679534334e-14
MaritalStatus_Single,2,0,0.26859447500575323,0.006650365275000143
MaritalStatus_Single,3,0,0.24473328212363502,0.012766027505547168
OverTime_No,1,0,0.2947821047370696,1.8248719679534334e-14
OverTime_Yes,1,0,0.2947821047370696,1.8248719679534334e-14
